ISO-10303-21;
HEADER;
/* Generated by software containing ST-Developer
 * from STEP Tools, Inc. (www.steptools.com) 
 */
/* OPTION: using custom renumber hook */

FILE_DESCRIPTION(
/* description */ ('STEP AP242 Edition 2',
'CAx-IF Rec.Pracs.---Representation and Presentation of Product Manufa
cturing Information (PMI)---4.0---2014-10-13',
'CAx-IF Rec.Pracs.---3D Tessellated Geometry---0.4---2014-09-14','2;1',
'CAx-IF Rec.Pracs.---User Defined Attributes---1.5---2016-08-15'),
/* implementation_level */ '2;1');

FILE_NAME(
/* name */ 'Part Studio 2',
/* time_stamp */ '2026-09-28T16:23:43Z',
/* author */ (''),
/* organization */ (''),
/* preprocessor_version */ 'ST-DEVELOPER v20',
/* originating_system */ 'ONSHAPE BY PTC INC, 1.221',
/* authorisation */ '  ');

FILE_SCHEMA (('AP242_MANAGED_MODEL_BASED_3D_ENGINEERING_MIM_LF { 1 0 10303 442 3 1 4 }'));
ENDSEC;

DATA;
#10=SHAPE_REPRESENTATION_RELATIONSHIP('','',#6852,#11);
#11=ADVANCED_BREP_SHAPE_REPRESENTATION('',(#6850),#11968);
#12=B_SPLINE_SURFACE_WITH_KNOTS('',3,1,((#10466,#10467),(#10468,#10469),
(#10470,#10471),(#10472,#10473)),.SURF_OF_LINEAR_EXTRUSION.,.F.,.F.,.F.,
(4,4),(2,2),(0.,1.),(0.,1.),.PIECEWISE_BEZIER_KNOTS.);
#13=B_SPLINE_SURFACE_WITH_KNOTS('',3,1,((#10503,#10504),(#10505,#10506),
(#10507,#10508),(#10509,#10510)),.SURF_OF_LINEAR_EXTRUSION.,.F.,.F.,.F.,
(4,4),(2,2),(0.,1.),(0.,1.),.PIECEWISE_BEZIER_KNOTS.);
#14=B_SPLINE_SURFACE_WITH_KNOTS('',3,1,((#10547,#10548),(#10549,#10550),
(#10551,#10552),(#10553,#10554)),.SURF_OF_LINEAR_EXTRUSION.,.F.,.F.,.F.,
(4,4),(2,2),(0.,1.),(0.,1.),.PIECEWISE_BEZIER_KNOTS.);
#15=B_SPLINE_SURFACE_WITH_KNOTS('',3,1,((#10562,#10563),(#10564,#10565),
(#10566,#10567),(#10568,#10569)),.SURF_OF_LINEAR_EXTRUSION.,.F.,.F.,.F.,
(4,4),(2,2),(0.,1.),(0.,1.),.PIECEWISE_BEZIER_KNOTS.);
#16=B_SPLINE_SURFACE_WITH_KNOTS('',3,1,((#10611,#10612),(#10613,#10614),
(#10615,#10616),(#10617,#10618)),.SURF_OF_LINEAR_EXTRUSION.,.F.,.F.,.F.,
(4,4),(2,2),(0.,1.),(0.,1.),.PIECEWISE_BEZIER_KNOTS.);
#17=B_SPLINE_SURFACE_WITH_KNOTS('',3,1,((#10624,#10625),(#10626,#10627),
(#10628,#10629),(#10630,#10631)),.SURF_OF_LINEAR_EXTRUSION.,.F.,.F.,.F.,
(4,4),(2,2),(0.,1.),(0.,1.),.PIECEWISE_BEZIER_KNOTS.);
#18=B_SPLINE_SURFACE_WITH_KNOTS('',3,1,((#10657,#10658),(#10659,#10660),
(#10661,#10662),(#10663,#10664)),.SURF_OF_LINEAR_EXTRUSION.,.F.,.F.,.F.,
(4,4),(2,2),(0.,1.),(0.,1.),.PIECEWISE_BEZIER_KNOTS.);
#19=B_SPLINE_SURFACE_WITH_KNOTS('',3,1,((#10669,#10670),(#10671,#10672),
(#10673,#10674),(#10675,#10676)),.SURF_OF_LINEAR_EXTRUSION.,.F.,.F.,.F.,
(4,4),(2,2),(0.,1.),(0.,1.),.PIECEWISE_BEZIER_KNOTS.);
#20=B_SPLINE_SURFACE_WITH_KNOTS('',3,1,((#10696,#10697),(#10698,#10699),
(#10700,#10701),(#10702,#10703)),.SURF_OF_LINEAR_EXTRUSION.,.F.,.F.,.F.,
(4,4),(2,2),(0.,1.),(0.,1.),.PIECEWISE_BEZIER_KNOTS.);
#21=B_SPLINE_SURFACE_WITH_KNOTS('',3,1,((#10709,#10710),(#10711,#10712),
(#10713,#10714),(#10715,#10716)),.SURF_OF_LINEAR_EXTRUSION.,.F.,.F.,.F.,
(4,4),(2,2),(0.,1.),(0.,1.),.PIECEWISE_BEZIER_KNOTS.);
#22=B_SPLINE_SURFACE_WITH_KNOTS('',3,1,((#10730,#10731),(#10732,#10733),
(#10734,#10735),(#10736,#10737)),.SURF_OF_LINEAR_EXTRUSION.,.F.,.F.,.F.,
(4,4),(2,2),(0.,1.),(0.,1.),.PIECEWISE_BEZIER_KNOTS.);
#23=B_SPLINE_SURFACE_WITH_KNOTS('',3,1,((#10743,#10744),(#10745,#10746),
(#10747,#10748),(#10749,#10750)),.SURF_OF_LINEAR_EXTRUSION.,.F.,.F.,.F.,
(4,4),(2,2),(0.,1.),(0.,1.),.PIECEWISE_BEZIER_KNOTS.);
#24=B_SPLINE_SURFACE_WITH_KNOTS('',3,1,((#10784,#10785),(#10786,#10787),
(#10788,#10789),(#10790,#10791)),.SURF_OF_LINEAR_EXTRUSION.,.F.,.F.,.F.,
(4,4),(2,2),(0.,1.),(0.,1.),.PIECEWISE_BEZIER_KNOTS.);
#25=B_SPLINE_SURFACE_WITH_KNOTS('',3,1,((#10797,#10798),(#10799,#10800),
(#10801,#10802),(#10803,#10804)),.SURF_OF_LINEAR_EXTRUSION.,.F.,.F.,.F.,
(4,4),(2,2),(0.,1.),(0.,1.),.PIECEWISE_BEZIER_KNOTS.);
#26=B_SPLINE_SURFACE_WITH_KNOTS('',3,1,((#10818,#10819),(#10820,#10821),
(#10822,#10823),(#10824,#10825)),.SURF_OF_LINEAR_EXTRUSION.,.F.,.F.,.F.,
(4,4),(2,2),(0.,1.),(0.,1.),.PIECEWISE_BEZIER_KNOTS.);
#27=B_SPLINE_SURFACE_WITH_KNOTS('',3,1,((#11014,#11015),(#11016,#11017),
(#11018,#11019),(#11020,#11021)),.SURF_OF_LINEAR_EXTRUSION.,.F.,.F.,.F.,
(4,4),(2,2),(0.,1.),(0.,1.),.PIECEWISE_BEZIER_KNOTS.);
#28=B_SPLINE_SURFACE_WITH_KNOTS('',3,1,((#11029,#11030),(#11031,#11032),
(#11033,#11034),(#11035,#11036)),.SURF_OF_LINEAR_EXTRUSION.,.F.,.F.,.F.,
(4,4),(2,2),(0.,1.),(0.,1.),.PIECEWISE_BEZIER_KNOTS.);
#29=B_SPLINE_SURFACE_WITH_KNOTS('',3,1,((#11078,#11079),(#11080,#11081),
(#11082,#11083),(#11084,#11085)),.SURF_OF_LINEAR_EXTRUSION.,.F.,.F.,.F.,
(4,4),(2,2),(0.,1.),(0.,1.),.PIECEWISE_BEZIER_KNOTS.);
#30=B_SPLINE_SURFACE_WITH_KNOTS('',3,1,((#11091,#11092),(#11093,#11094),
(#11095,#11096),(#11097,#11098)),.SURF_OF_LINEAR_EXTRUSION.,.F.,.F.,.F.,
(4,4),(2,2),(0.,1.),(0.,1.),.PIECEWISE_BEZIER_KNOTS.);
#31=B_SPLINE_SURFACE_WITH_KNOTS('',3,1,((#11124,#11125),(#11126,#11127),
(#11128,#11129),(#11130,#11131)),.SURF_OF_LINEAR_EXTRUSION.,.F.,.F.,.F.,
(4,4),(2,2),(0.,1.),(0.,1.),.PIECEWISE_BEZIER_KNOTS.);
#32=B_SPLINE_SURFACE_WITH_KNOTS('',3,1,((#11162,#11163),(#11164,#11165),
(#11166,#11167),(#11168,#11169)),.SURF_OF_LINEAR_EXTRUSION.,.F.,.F.,.F.,
(4,4),(2,2),(0.,1.),(0.,1.),.PIECEWISE_BEZIER_KNOTS.);
#33=B_SPLINE_SURFACE_WITH_KNOTS('',3,1,((#11273,#11274),(#11275,#11276),
(#11277,#11278),(#11279,#11280)),.SURF_OF_LINEAR_EXTRUSION.,.F.,.F.,.F.,
(4,4),(2,2),(0.,1.),(0.,1.),.PIECEWISE_BEZIER_KNOTS.);
#34=B_SPLINE_SURFACE_WITH_KNOTS('',3,1,((#11310,#11311),(#11312,#11313),
(#11314,#11315),(#11316,#11317)),.SURF_OF_LINEAR_EXTRUSION.,.F.,.F.,.F.,
(4,4),(2,2),(0.,1.),(0.,1.),.PIECEWISE_BEZIER_KNOTS.);
#35=B_SPLINE_SURFACE_WITH_KNOTS('',3,1,((#11354,#11355),(#11356,#11357),
(#11358,#11359),(#11360,#11361)),.SURF_OF_LINEAR_EXTRUSION.,.F.,.F.,.F.,
(4,4),(2,2),(0.,1.),(0.,1.),.PIECEWISE_BEZIER_KNOTS.);
#36=B_SPLINE_SURFACE_WITH_KNOTS('',3,1,((#11369,#11370),(#11371,#11372),
(#11373,#11374),(#11375,#11376)),.SURF_OF_LINEAR_EXTRUSION.,.F.,.F.,.F.,
(4,4),(2,2),(0.,1.),(0.,1.),.PIECEWISE_BEZIER_KNOTS.);
#37=B_SPLINE_SURFACE_WITH_KNOTS('',3,1,((#11418,#11419),(#11420,#11421),
(#11422,#11423),(#11424,#11425)),.SURF_OF_LINEAR_EXTRUSION.,.F.,.F.,.F.,
(4,4),(2,2),(0.,1.),(0.,1.),.PIECEWISE_BEZIER_KNOTS.);
#38=B_SPLINE_SURFACE_WITH_KNOTS('',3,1,((#11431,#11432),(#11433,#11434),
(#11435,#11436),(#11437,#11438)),.SURF_OF_LINEAR_EXTRUSION.,.F.,.F.,.F.,
(4,4),(2,2),(0.,1.),(0.,1.),.PIECEWISE_BEZIER_KNOTS.);
#39=B_SPLINE_SURFACE_WITH_KNOTS('',3,1,((#11464,#11465),(#11466,#11467),
(#11468,#11469),(#11470,#11471)),.SURF_OF_LINEAR_EXTRUSION.,.F.,.F.,.F.,
(4,4),(2,2),(0.,1.),(0.,1.),.PIECEWISE_BEZIER_KNOTS.);
#40=B_SPLINE_SURFACE_WITH_KNOTS('',3,1,((#11476,#11477),(#11478,#11479),
(#11480,#11481),(#11482,#11483)),.SURF_OF_LINEAR_EXTRUSION.,.F.,.F.,.F.,
(4,4),(2,2),(0.,1.),(0.,1.),.PIECEWISE_BEZIER_KNOTS.);
#41=B_SPLINE_SURFACE_WITH_KNOTS('',3,1,((#11678,#11679),(#11680,#11681),
(#11682,#11683),(#11684,#11685)),.SURF_OF_LINEAR_EXTRUSION.,.F.,.F.,.F.,
(4,4),(2,2),(0.,1.),(0.,1.),.PIECEWISE_BEZIER_KNOTS.);
#42=B_SPLINE_SURFACE_WITH_KNOTS('',3,1,((#11715,#11716),(#11717,#11718),
(#11719,#11720),(#11721,#11722)),.SURF_OF_LINEAR_EXTRUSION.,.F.,.F.,.F.,
(4,4),(2,2),(0.,1.),(0.,1.),.PIECEWISE_BEZIER_KNOTS.);
#43=B_SPLINE_SURFACE_WITH_KNOTS('',3,1,((#11806,#11807),(#11808,#11809),
(#11810,#11811),(#11812,#11813)),.SURF_OF_LINEAR_EXTRUSION.,.F.,.F.,.F.,
(4,4),(2,2),(0.,1.),(0.,1.),.PIECEWISE_BEZIER_KNOTS.);
#44=B_SPLINE_SURFACE_WITH_KNOTS('',3,1,((#11860,#11861),(#11862,#11863),
(#11864,#11865),(#11866,#11867)),.SURF_OF_LINEAR_EXTRUSION.,.F.,.F.,.F.,
(4,4),(2,2),(0.,1.),(0.,1.),.PIECEWISE_BEZIER_KNOTS.);
#45=B_SPLINE_SURFACE_WITH_KNOTS('',3,1,((#11873,#11874),(#11875,#11876),
(#11877,#11878),(#11879,#11880)),.SURF_OF_LINEAR_EXTRUSION.,.F.,.F.,.F.,
(4,4),(2,2),(0.,1.),(0.,1.),.PIECEWISE_BEZIER_KNOTS.);
#46=B_SPLINE_SURFACE_WITH_KNOTS('',3,1,((#11906,#11907),(#11908,#11909),
(#11910,#11911),(#11912,#11913)),.SURF_OF_LINEAR_EXTRUSION.,.F.,.F.,.F.,
(4,4),(2,2),(0.,1.),(0.,1.),.PIECEWISE_BEZIER_KNOTS.);
#47=CYLINDRICAL_SURFACE('',#7048,0.00263146355571575);
#48=CYLINDRICAL_SURFACE('',#7051,0.00296776130384441);
#49=CYLINDRICAL_SURFACE('',#7054,0.00297796568057856);
#50=CYLINDRICAL_SURFACE('',#7057,0.00300624135795506);
#51=CYLINDRICAL_SURFACE('',#7076,0.00249789224698986);
#52=CYLINDRICAL_SURFACE('',#7079,0.00584416581870687);
#53=CYLINDRICAL_SURFACE('',#7081,0.00319419644174629);
#54=CYLINDRICAL_SURFACE('',#7083,0.000834359629937434);
#55=CYLINDRICAL_SURFACE('',#7085,0.000815538484232904);
#56=CYLINDRICAL_SURFACE('',#7087,0.000968947341346298);
#57=CYLINDRICAL_SURFACE('',#7089,0.00163670992806897);
#58=CYLINDRICAL_SURFACE('',#7091,0.0020593147299443);
#59=CYLINDRICAL_SURFACE('',#7093,0.00220783599099312);
#60=CYLINDRICAL_SURFACE('',#7095,0.00153602799190329);
#61=CYLINDRICAL_SURFACE('',#7097,0.000722818656474166);
#62=CYLINDRICAL_SURFACE('',#7100,0.00266517907251031);
#63=CYLINDRICAL_SURFACE('',#7102,0.000974898828631486);
#64=CYLINDRICAL_SURFACE('',#7104,0.00141697196464142);
#65=CYLINDRICAL_SURFACE('',#7106,0.00088736031044121);
#66=CYLINDRICAL_SURFACE('',#7108,0.00127128983936044);
#67=CYLINDRICAL_SURFACE('',#7110,0.000298793623561932);
#68=CYLINDRICAL_SURFACE('',#7112,0.00282823650486055);
#69=CYLINDRICAL_SURFACE('',#7115,0.000868270806042686);
#70=CYLINDRICAL_SURFACE('',#7117,0.000630219084065344);
#71=CYLINDRICAL_SURFACE('',#7120,0.00120875796992429);
#72=CYLINDRICAL_SURFACE('',#7122,0.00060493764109655);
#73=CYLINDRICAL_SURFACE('',#7124,0.000708078703366648);
#74=CYLINDRICAL_SURFACE('',#7126,0.000644635700171597);
#75=CYLINDRICAL_SURFACE('',#7128,0.00041902958481978);
#76=CYLINDRICAL_SURFACE('',#7131,0.00018541907140793);
#77=CYLINDRICAL_SURFACE('',#7133,0.000639009037876775);
#78=CYLINDRICAL_SURFACE('',#7135,0.00145556691218739);
#79=CYLINDRICAL_SURFACE('',#7138,0.00051066940505903);
#80=CYLINDRICAL_SURFACE('',#7140,0.000733987393795622);
#81=CYLINDRICAL_SURFACE('',#7142,0.00135750389866675);
#82=CYLINDRICAL_SURFACE('',#7147,0.00174615689265082);
#83=CYLINDRICAL_SURFACE('',#7149,0.00125191524351067);
#84=CYLINDRICAL_SURFACE('',#7151,0.000996899811046184);
#85=CYLINDRICAL_SURFACE('',#7153,0.000768568642694585);
#86=CYLINDRICAL_SURFACE('',#7155,0.000862184282403);
#87=CYLINDRICAL_SURFACE('',#7157,0.0013725615333567);
#88=CYLINDRICAL_SURFACE('',#7159,0.000378738985984485);
#89=CYLINDRICAL_SURFACE('',#7166,0.00111396434267594);
#90=CYLINDRICAL_SURFACE('',#7168,0.00220976235636533);
#91=CYLINDRICAL_SURFACE('',#7173,0.00241589448933018);
#92=CYLINDRICAL_SURFACE('',#7175,0.00173970302234746);
#93=CYLINDRICAL_SURFACE('',#7177,0.00193632100902095);
#94=CYLINDRICAL_SURFACE('',#7179,0.00147427037829797);
#95=CYLINDRICAL_SURFACE('',#7181,0.00212678770586708);
#96=CYLINDRICAL_SURFACE('',#7183,0.00186355061735712);
#97=CYLINDRICAL_SURFACE('',#7197,0.367630448034906);
#98=CYLINDRICAL_SURFACE('',#7202,0.00168087968940859);
#99=CYLINDRICAL_SURFACE('',#7204,0.000459326951530203);
#100=CYLINDRICAL_SURFACE('',#7206,0.000267619124493228);
#101=CYLINDRICAL_SURFACE('',#7208,0.00138087205443225);
#102=CYLINDRICAL_SURFACE('',#7210,0.000583374823485026);
#103=CYLINDRICAL_SURFACE('',#7212,0.000583374823486082);
#104=CYLINDRICAL_SURFACE('',#7214,0.00107810461977009);
#105=CYLINDRICAL_SURFACE('',#7216,0.00216160027364661);
#106=CYLINDRICAL_SURFACE('',#7218,0.00795508312379748);
#107=CYLINDRICAL_SURFACE('',#7221,0.00170017489465942);
#108=CYLINDRICAL_SURFACE('',#7223,0.0015099303587264);
#109=CYLINDRICAL_SURFACE('',#7225,0.000614548496212016);
#110=CYLINDRICAL_SURFACE('',#7227,0.00275297260286243);
#111=CYLINDRICAL_SURFACE('',#7229,0.000557988087620707);
#112=CYLINDRICAL_SURFACE('',#7231,0.000889898192376163);
#113=CYLINDRICAL_SURFACE('',#7233,0.00225721244869933);
#114=CYLINDRICAL_SURFACE('',#7235,0.00763587704016708);
#115=CYLINDRICAL_SURFACE('',#7237,0.0265568879284681);
#116=CYLINDRICAL_SURFACE('',#7239,0.274563976162622);
#117=CYLINDRICAL_SURFACE('',#7255,0.000510669405059073);
#118=CYLINDRICAL_SURFACE('',#7257,0.000733987393795635);
#119=CYLINDRICAL_SURFACE('',#7259,0.00135750389866638);
#120=CYLINDRICAL_SURFACE('',#7264,0.00174615689265072);
#121=CYLINDRICAL_SURFACE('',#7266,0.00125191524351097);
#122=CYLINDRICAL_SURFACE('',#7268,0.000996899811046732);
#123=CYLINDRICAL_SURFACE('',#7270,0.000768568642712294);
#124=CYLINDRICAL_SURFACE('',#7272,0.000862184282402988);
#125=CYLINDRICAL_SURFACE('',#7274,0.00137256153335711);
#126=CYLINDRICAL_SURFACE('',#7276,0.000378738985984408);
#127=CYLINDRICAL_SURFACE('',#7280,0.00125289519344521);
#128=CYLINDRICAL_SURFACE('',#7283,0.00138010929970476);
#129=CYLINDRICAL_SURFACE('',#7285,0.00166000885329678);
#130=CYLINDRICAL_SURFACE('',#7287,0.00160108733738198);
#131=CYLINDRICAL_SURFACE('',#7297,0.00249789224701104);
#132=CYLINDRICAL_SURFACE('',#7300,0.00584416581868643);
#133=CYLINDRICAL_SURFACE('',#7302,0.00319419644174157);
#134=CYLINDRICAL_SURFACE('',#7304,0.000834359629936812);
#135=CYLINDRICAL_SURFACE('',#7306,0.000815538484232428);
#136=CYLINDRICAL_SURFACE('',#7308,0.000968947341346182);
#137=CYLINDRICAL_SURFACE('',#7310,0.00163670992806896);
#138=CYLINDRICAL_SURFACE('',#7312,0.00205931472994432);
#139=CYLINDRICAL_SURFACE('',#7314,0.00220783599099276);
#140=CYLINDRICAL_SURFACE('',#7316,0.00153602799190249);
#141=CYLINDRICAL_SURFACE('',#7318,0.000722818656548233);
#142=CYLINDRICAL_SURFACE('',#7321,0.00266517907251663);
#143=CYLINDRICAL_SURFACE('',#7323,0.000974898828629664);
#144=CYLINDRICAL_SURFACE('',#7325,0.00141697196464079);
#145=CYLINDRICAL_SURFACE('',#7327,0.00088736031044089);
#146=CYLINDRICAL_SURFACE('',#7329,0.00127128983936551);
#147=CYLINDRICAL_SURFACE('',#7331,0.000298793623562944);
#148=CYLINDRICAL_SURFACE('',#7333,0.00282823650485912);
#149=CYLINDRICAL_SURFACE('',#7336,0.000868270805389009);
#150=CYLINDRICAL_SURFACE('',#7338,0.000630219084065667);
#151=CYLINDRICAL_SURFACE('',#7341,0.00120875796992393);
#152=CYLINDRICAL_SURFACE('',#7343,0.000604937640426);
#153=CYLINDRICAL_SURFACE('',#7345,0.000708078703367177);
#154=CYLINDRICAL_SURFACE('',#7347,0.00064463570017089);
#155=CYLINDRICAL_SURFACE('',#7349,0.000419029584828419);
#156=CYLINDRICAL_SURFACE('',#7352,0.000185419071407293);
#157=CYLINDRICAL_SURFACE('',#7354,0.000639009037875961);
#158=CYLINDRICAL_SURFACE('',#7356,0.00145556691218588);
#159=CYLINDRICAL_SURFACE('',#7359,0.000510669405059256);
#160=CYLINDRICAL_SURFACE('',#7361,0.000733987393795584);
#161=CYLINDRICAL_SURFACE('',#7363,0.0013575038986664);
#162=CYLINDRICAL_SURFACE('',#7368,0.0017461568923287);
#163=CYLINDRICAL_SURFACE('',#7370,0.00125191524351001);
#164=CYLINDRICAL_SURFACE('',#7372,0.000996899811046654);
#165=CYLINDRICAL_SURFACE('',#7374,0.000768568642712274);
#166=CYLINDRICAL_SURFACE('',#7376,0.000862184282402901);
#167=CYLINDRICAL_SURFACE('',#7378,0.00137256153335732);
#168=CYLINDRICAL_SURFACE('',#7380,0.000378738985932005);
#169=CYLINDRICAL_SURFACE('',#7387,0.00294278638493781);
#170=CYLINDRICAL_SURFACE('',#7389,0.0013360845632291);
#171=CYLINDRICAL_SURFACE('',#7391,0.000958177464884003);
#172=CYLINDRICAL_SURFACE('',#7393,0.000519393386916935);
#173=CYLINDRICAL_SURFACE('',#7395,0.00147456478259197);
#174=CYLINDRICAL_SURFACE('',#7397,0.00272402210107506);
#175=CYLINDRICAL_SURFACE('',#7399,0.00541210168713511);
#176=CYLINDRICAL_SURFACE('',#7401,0.00282513640079395);
#177=CYLINDRICAL_SURFACE('',#7403,0.00173052854659638);
#178=CYLINDRICAL_SURFACE('',#7406,0.00180284193119258);
#179=CYLINDRICAL_SURFACE('',#7408,0.000565598384150467);
#180=CYLINDRICAL_SURFACE('',#7410,0.000365163227338983);
#181=CYLINDRICAL_SURFACE('',#7426,0.0024978922470065);
#182=CYLINDRICAL_SURFACE('',#7429,0.00584416581851621);
#183=CYLINDRICAL_SURFACE('',#7431,0.00319419644174018);
#184=CYLINDRICAL_SURFACE('',#7433,0.000834359629906635);
#185=CYLINDRICAL_SURFACE('',#7435,0.000815538484232817);
#186=CYLINDRICAL_SURFACE('',#7437,0.000968947341346308);
#187=CYLINDRICAL_SURFACE('',#7439,0.00163670992674177);
#188=CYLINDRICAL_SURFACE('',#7441,0.00205931472994413);
#189=CYLINDRICAL_SURFACE('',#7443,0.00220783599099317);
#190=CYLINDRICAL_SURFACE('',#7445,0.00153602799190431);
#191=CYLINDRICAL_SURFACE('',#7447,0.000722818656547818);
#192=CYLINDRICAL_SURFACE('',#7450,0.00266517907251521);
#193=CYLINDRICAL_SURFACE('',#7452,0.000974898828630461);
#194=CYLINDRICAL_SURFACE('',#7454,0.00141697196464088);
#195=CYLINDRICAL_SURFACE('',#7456,0.000887360310440918);
#196=CYLINDRICAL_SURFACE('',#7458,0.00127128983936556);
#197=CYLINDRICAL_SURFACE('',#7460,0.000298793623562957);
#198=CYLINDRICAL_SURFACE('',#7462,0.00282823650486037);
#199=CYLINDRICAL_SURFACE('',#7465,0.000868270806043185);
#200=CYLINDRICAL_SURFACE('',#7467,0.000630219084065652);
#201=CYLINDRICAL_SURFACE('',#7470,0.00120875796992382);
#202=CYLINDRICAL_SURFACE('',#7472,0.000604937641096796);
#203=CYLINDRICAL_SURFACE('',#7474,0.000708078703366622);
#204=CYLINDRICAL_SURFACE('',#7476,0.000644635700171472);
#205=CYLINDRICAL_SURFACE('',#7478,0.000419029584828437);
#206=CYLINDRICAL_SURFACE('',#7481,0.000185419071407426);
#207=CYLINDRICAL_SURFACE('',#7483,0.000639009037875657);
#208=CYLINDRICAL_SURFACE('',#7485,0.00145556691101951);
#209=CYLINDRICAL_SURFACE('',#7494,0.000886776025845827);
#210=CYLINDRICAL_SURFACE('',#7496,0.000985055536469143);
#211=CYLINDRICAL_SURFACE('',#7498,0.00157170119257647);
#212=CYLINDRICAL_SURFACE('',#7501,0.00107693251879673);
#213=CYLINDRICAL_SURFACE('',#7503,0.0020048318257159);
#214=CYLINDRICAL_SURFACE('',#7505,0.000454622173728724);
#215=CYLINDRICAL_SURFACE('',#7507,0.00139947931714352);
#216=CYLINDRICAL_SURFACE('',#7509,0.0237664834181128);
#217=CYLINDRICAL_SURFACE('',#7514,0.00125394324425753);
#218=CYLINDRICAL_SURFACE('',#7516,0.00103079949493934);
#219=CYLINDRICAL_SURFACE('',#7518,0.000904870184003253);
#220=CYLINDRICAL_SURFACE('',#7521,0.00073459738286379);
#221=CYLINDRICAL_SURFACE('',#7523,0.00101255909414872);
#222=CYLINDRICAL_SURFACE('',#7525,0.00150802056470564);
#223=CYLINDRICAL_SURFACE('',#7528,0.00109459569070056);
#224=CYLINDRICAL_SURFACE('',#7530,0.00125926958499135);
#225=CYLINDRICAL_SURFACE('',#7532,0.00044143294283503);
#226=CYLINDRICAL_SURFACE('',#7534,0.00130822080265728);
#227=CYLINDRICAL_SURFACE('',#7539,0.014070447565761);
#228=CYLINDRICAL_SURFACE('',#7541,0.00294228031782855);
#229=CYLINDRICAL_SURFACE('',#7543,0.00130230090591854);
#230=B_SPLINE_CURVE_WITH_KNOTS('',2,(#9587,#9588,#9589),.UNSPECIFIED.,.F.,
 .F.,(3,3),(0.,1.),.PIECEWISE_BEZIER_KNOTS.);
#231=B_SPLINE_CURVE_WITH_KNOTS('',2,(#9603,#9604,#9605),.UNSPECIFIED.,.F.,
 .F.,(3,3),(0.,1.),.PIECEWISE_BEZIER_KNOTS.);
#232=B_SPLINE_CURVE_WITH_KNOTS('',2,(#9640,#9641,#9642),.UNSPECIFIED.,.F.,
 .F.,(3,3),(0.,1.),.PIECEWISE_BEZIER_KNOTS.);
#233=B_SPLINE_CURVE_WITH_KNOTS('',2,(#9645,#9646,#9647),.UNSPECIFIED.,.F.,
 .F.,(3,3),(0.,1.),.PIECEWISE_BEZIER_KNOTS.);
#234=B_SPLINE_CURVE_WITH_KNOTS('',2,(#9649,#9650,#9651),.UNSPECIFIED.,.F.,
 .F.,(3,3),(0.,1.),.PIECEWISE_BEZIER_KNOTS.);
#235=B_SPLINE_CURVE_WITH_KNOTS('',2,(#9663,#9664,#9665),.UNSPECIFIED.,.F.,
 .F.,(3,3),(0.,1.),.PIECEWISE_BEZIER_KNOTS.);
#236=B_SPLINE_CURVE_WITH_KNOTS('',2,(#9667,#9668,#9669),.UNSPECIFIED.,.F.,
 .F.,(3,3),(0.,1.),.PIECEWISE_BEZIER_KNOTS.);
#237=B_SPLINE_CURVE_WITH_KNOTS('',2,(#9691,#9692,#9693),.UNSPECIFIED.,.F.,
 .F.,(3,3),(0.,1.),.PIECEWISE_BEZIER_KNOTS.);
#238=B_SPLINE_CURVE_WITH_KNOTS('',2,(#9695,#9696,#9697),.UNSPECIFIED.,.F.,
 .F.,(3,3),(0.,1.),.PIECEWISE_BEZIER_KNOTS.);
#239=B_SPLINE_CURVE_WITH_KNOTS('',2,(#9703,#9704,#9705),.UNSPECIFIED.,.F.,
 .F.,(3,3),(0.,1.),.PIECEWISE_BEZIER_KNOTS.);
#240=B_SPLINE_CURVE_WITH_KNOTS('',2,(#9707,#9708,#9709),.UNSPECIFIED.,.F.,
 .F.,(3,3),(0.,1.),.PIECEWISE_BEZIER_KNOTS.);
#241=B_SPLINE_CURVE_WITH_KNOTS('',2,(#9725,#9726,#9727),.UNSPECIFIED.,.F.,
 .F.,(3,3),(0.,1.),.PIECEWISE_BEZIER_KNOTS.);
#242=B_SPLINE_CURVE_WITH_KNOTS('',2,(#9729,#9730,#9731),.UNSPECIFIED.,.F.,
 .F.,(3,3),(0.,1.),.PIECEWISE_BEZIER_KNOTS.);
#243=B_SPLINE_CURVE_WITH_KNOTS('',2,(#9737,#9738,#9739),.UNSPECIFIED.,.F.,
 .F.,(3,3),(0.,1.),.PIECEWISE_BEZIER_KNOTS.);
#244=B_SPLINE_CURVE_WITH_KNOTS('',2,(#9741,#9742,#9743),.UNSPECIFIED.,.F.,
 .F.,(3,3),(0.,1.),.PIECEWISE_BEZIER_KNOTS.);
#245=B_SPLINE_CURVE_WITH_KNOTS('',2,(#9838,#9839,#9840),.UNSPECIFIED.,.F.,
 .F.,(3,3),(0.,1.),.PIECEWISE_BEZIER_KNOTS.);
#246=B_SPLINE_CURVE_WITH_KNOTS('',2,(#9843,#9844,#9845),.UNSPECIFIED.,.F.,
 .F.,(3,3),(0.,1.),.PIECEWISE_BEZIER_KNOTS.);
#247=B_SPLINE_CURVE_WITH_KNOTS('',2,(#9847,#9848,#9849),.UNSPECIFIED.,.F.,
 .F.,(3,3),(0.,1.),.PIECEWISE_BEZIER_KNOTS.);
#248=B_SPLINE_CURVE_WITH_KNOTS('',2,(#9861,#9862,#9863),.UNSPECIFIED.,.F.,
 .F.,(3,3),(0.,1.),.PIECEWISE_BEZIER_KNOTS.);
#249=B_SPLINE_CURVE_WITH_KNOTS('',2,(#9865,#9866,#9867),.UNSPECIFIED.,.F.,
 .F.,(3,3),(0.,1.),.PIECEWISE_BEZIER_KNOTS.);
#250=B_SPLINE_CURVE_WITH_KNOTS('',2,(#9891,#9892,#9893),.UNSPECIFIED.,.F.,
 .F.,(3,3),(0.,1.),.PIECEWISE_BEZIER_KNOTS.);
#251=B_SPLINE_CURVE_WITH_KNOTS('',2,(#9933,#9934,#9935),.UNSPECIFIED.,.F.,
 .F.,(3,3),(0.,1.),.PIECEWISE_BEZIER_KNOTS.);
#252=B_SPLINE_CURVE_WITH_KNOTS('',2,(#9949,#9950,#9951),.UNSPECIFIED.,.F.,
 .F.,(3,3),(0.,1.),.PIECEWISE_BEZIER_KNOTS.);
#253=B_SPLINE_CURVE_WITH_KNOTS('',2,(#9986,#9987,#9988),.UNSPECIFIED.,.F.,
 .F.,(3,3),(0.,1.),.PIECEWISE_BEZIER_KNOTS.);
#254=B_SPLINE_CURVE_WITH_KNOTS('',2,(#9991,#9992,#9993),.UNSPECIFIED.,.F.,
 .F.,(3,3),(0.,1.),.PIECEWISE_BEZIER_KNOTS.);
#255=B_SPLINE_CURVE_WITH_KNOTS('',2,(#9995,#9996,#9997),.UNSPECIFIED.,.F.,
 .F.,(3,3),(0.,1.),.PIECEWISE_BEZIER_KNOTS.);
#256=B_SPLINE_CURVE_WITH_KNOTS('',2,(#10009,#10010,#10011),
 .UNSPECIFIED.,.F.,.F.,(3,3),(0.,1.),.PIECEWISE_BEZIER_KNOTS.);
#257=B_SPLINE_CURVE_WITH_KNOTS('',2,(#10013,#10014,#10015),
 .UNSPECIFIED.,.F.,.F.,(3,3),(0.,1.),.PIECEWISE_BEZIER_KNOTS.);
#258=B_SPLINE_CURVE_WITH_KNOTS('',2,(#10037,#10038,#10039),
 .UNSPECIFIED.,.F.,.F.,(3,3),(0.,1.),.PIECEWISE_BEZIER_KNOTS.);
#259=B_SPLINE_CURVE_WITH_KNOTS('',2,(#10113,#10114,#10115),
 .UNSPECIFIED.,.F.,.F.,(3,3),(0.,1.),.PIECEWISE_BEZIER_KNOTS.);
#260=B_SPLINE_CURVE_WITH_KNOTS('',2,(#10129,#10130,#10131),
 .UNSPECIFIED.,.F.,.F.,(3,3),(0.,1.),.PIECEWISE_BEZIER_KNOTS.);
#261=B_SPLINE_CURVE_WITH_KNOTS('',2,(#10199,#10200,#10201),
 .UNSPECIFIED.,.F.,.F.,(3,3),(0.,1.),.PIECEWISE_BEZIER_KNOTS.);
#262=B_SPLINE_CURVE_WITH_KNOTS('',2,(#10210,#10211,#10212),
 .UNSPECIFIED.,.F.,.F.,(3,3),(0.,1.),.PIECEWISE_BEZIER_KNOTS.);
#263=B_SPLINE_CURVE_WITH_KNOTS('',2,(#10233,#10234,#10235),
 .UNSPECIFIED.,.F.,.F.,(3,3),(0.,1.),.PIECEWISE_BEZIER_KNOTS.);
#264=B_SPLINE_CURVE_WITH_KNOTS('',2,(#10247,#10248,#10249),
 .UNSPECIFIED.,.F.,.F.,(3,3),(0.,1.),.PIECEWISE_BEZIER_KNOTS.);
#265=B_SPLINE_CURVE_WITH_KNOTS('',2,(#10476,#10477,#10478),
 .UNSPECIFIED.,.F.,.F.,(3,3),(0.,1.),.PIECEWISE_BEZIER_KNOTS.);
#266=B_SPLINE_CURVE_WITH_KNOTS('',2,(#10513,#10514,#10515),
 .UNSPECIFIED.,.F.,.F.,(3,3),(0.,1.),.PIECEWISE_BEZIER_KNOTS.);
#267=B_SPLINE_CURVE_WITH_KNOTS('',2,(#10557,#10558,#10559),
 .UNSPECIFIED.,.F.,.F.,(3,3),(0.,1.),.PIECEWISE_BEZIER_KNOTS.);
#268=B_SPLINE_CURVE_WITH_KNOTS('',2,(#10572,#10573,#10574),
 .UNSPECIFIED.,.F.,.F.,(3,3),(0.,1.),.PIECEWISE_BEZIER_KNOTS.);
#269=B_SPLINE_CURVE_WITH_KNOTS('',2,(#10621,#10622,#10623),
 .UNSPECIFIED.,.F.,.F.,(3,3),(0.,1.),.PIECEWISE_BEZIER_KNOTS.);
#270=B_SPLINE_CURVE_WITH_KNOTS('',2,(#10634,#10635,#10636),
 .UNSPECIFIED.,.F.,.F.,(3,3),(0.,1.),.PIECEWISE_BEZIER_KNOTS.);
#271=B_SPLINE_CURVE_WITH_KNOTS('',2,(#10665,#10666,#10667),
 .UNSPECIFIED.,.F.,.F.,(3,3),(0.,1.),.PIECEWISE_BEZIER_KNOTS.);
#272=B_SPLINE_CURVE_WITH_KNOTS('',2,(#10679,#10680,#10681),
 .UNSPECIFIED.,.F.,.F.,(3,3),(0.,1.),.PIECEWISE_BEZIER_KNOTS.);
#273=B_SPLINE_CURVE_WITH_KNOTS('',2,(#10706,#10707,#10708),
 .UNSPECIFIED.,.F.,.F.,(3,3),(0.,1.),.PIECEWISE_BEZIER_KNOTS.);
#274=B_SPLINE_CURVE_WITH_KNOTS('',2,(#10719,#10720,#10721),
 .UNSPECIFIED.,.F.,.F.,(3,3),(0.,1.),.PIECEWISE_BEZIER_KNOTS.);
#275=B_SPLINE_CURVE_WITH_KNOTS('',2,(#10740,#10741,#10742),
 .UNSPECIFIED.,.F.,.F.,(3,3),(0.,1.),.PIECEWISE_BEZIER_KNOTS.);
#276=B_SPLINE_CURVE_WITH_KNOTS('',2,(#10753,#10754,#10755),
 .UNSPECIFIED.,.F.,.F.,(3,3),(0.,1.),.PIECEWISE_BEZIER_KNOTS.);
#277=B_SPLINE_CURVE_WITH_KNOTS('',2,(#10794,#10795,#10796),
 .UNSPECIFIED.,.F.,.F.,(3,3),(0.,1.),.PIECEWISE_BEZIER_KNOTS.);
#278=B_SPLINE_CURVE_WITH_KNOTS('',2,(#10807,#10808,#10809),
 .UNSPECIFIED.,.F.,.F.,(3,3),(0.,1.),.PIECEWISE_BEZIER_KNOTS.);
#279=B_SPLINE_CURVE_WITH_KNOTS('',2,(#10826,#10827,#10828),
 .UNSPECIFIED.,.F.,.F.,(3,3),(0.,1.),.PIECEWISE_BEZIER_KNOTS.);
#280=B_SPLINE_CURVE_WITH_KNOTS('',2,(#11024,#11025,#11026),
 .UNSPECIFIED.,.F.,.F.,(3,3),(0.,1.),.PIECEWISE_BEZIER_KNOTS.);
#281=B_SPLINE_CURVE_WITH_KNOTS('',2,(#11039,#11040,#11041),
 .UNSPECIFIED.,.F.,.F.,(3,3),(0.,1.),.PIECEWISE_BEZIER_KNOTS.);
#282=B_SPLINE_CURVE_WITH_KNOTS('',2,(#11088,#11089,#11090),
 .UNSPECIFIED.,.F.,.F.,(3,3),(0.,1.),.PIECEWISE_BEZIER_KNOTS.);
#283=B_SPLINE_CURVE_WITH_KNOTS('',2,(#11101,#11102,#11103),
 .UNSPECIFIED.,.F.,.F.,(3,3),(0.,1.),.PIECEWISE_BEZIER_KNOTS.);
#284=B_SPLINE_CURVE_WITH_KNOTS('',2,(#11132,#11133,#11134),
 .UNSPECIFIED.,.F.,.F.,(3,3),(0.,1.),.PIECEWISE_BEZIER_KNOTS.);
#285=B_SPLINE_CURVE_WITH_KNOTS('',2,(#11170,#11171,#11172),
 .UNSPECIFIED.,.F.,.F.,(3,3),(0.,1.),.PIECEWISE_BEZIER_KNOTS.);
#286=B_SPLINE_CURVE_WITH_KNOTS('',2,(#11283,#11284,#11285),
 .UNSPECIFIED.,.F.,.F.,(3,3),(0.,1.),.PIECEWISE_BEZIER_KNOTS.);
#287=B_SPLINE_CURVE_WITH_KNOTS('',2,(#11320,#11321,#11322),
 .UNSPECIFIED.,.F.,.F.,(3,3),(0.,1.),.PIECEWISE_BEZIER_KNOTS.);
#288=B_SPLINE_CURVE_WITH_KNOTS('',2,(#11364,#11365,#11366),
 .UNSPECIFIED.,.F.,.F.,(3,3),(0.,1.),.PIECEWISE_BEZIER_KNOTS.);
#289=B_SPLINE_CURVE_WITH_KNOTS('',2,(#11379,#11380,#11381),
 .UNSPECIFIED.,.F.,.F.,(3,3),(0.,1.),.PIECEWISE_BEZIER_KNOTS.);
#290=B_SPLINE_CURVE_WITH_KNOTS('',2,(#11428,#11429,#11430),
 .UNSPECIFIED.,.F.,.F.,(3,3),(0.,1.),.PIECEWISE_BEZIER_KNOTS.);
#291=B_SPLINE_CURVE_WITH_KNOTS('',2,(#11441,#11442,#11443),
 .UNSPECIFIED.,.F.,.F.,(3,3),(0.,1.),.PIECEWISE_BEZIER_KNOTS.);
#292=B_SPLINE_CURVE_WITH_KNOTS('',2,(#11472,#11473,#11474),
 .UNSPECIFIED.,.F.,.F.,(3,3),(0.,1.),.PIECEWISE_BEZIER_KNOTS.);
#293=B_SPLINE_CURVE_WITH_KNOTS('',2,(#11486,#11487,#11488),
 .UNSPECIFIED.,.F.,.F.,(3,3),(0.,1.),.PIECEWISE_BEZIER_KNOTS.);
#294=B_SPLINE_CURVE_WITH_KNOTS('',2,(#11688,#11689,#11690),
 .UNSPECIFIED.,.F.,.F.,(3,3),(0.,1.),.PIECEWISE_BEZIER_KNOTS.);
#295=B_SPLINE_CURVE_WITH_KNOTS('',2,(#11725,#11726,#11727),
 .UNSPECIFIED.,.F.,.F.,(3,3),(0.,1.),.PIECEWISE_BEZIER_KNOTS.);
#296=B_SPLINE_CURVE_WITH_KNOTS('',2,(#11816,#11817,#11818),
 .UNSPECIFIED.,.F.,.F.,(3,3),(0.,1.),.PIECEWISE_BEZIER_KNOTS.);
#297=B_SPLINE_CURVE_WITH_KNOTS('',2,(#11870,#11871,#11872),
 .UNSPECIFIED.,.F.,.F.,(3,3),(0.,1.),.PIECEWISE_BEZIER_KNOTS.);
#298=B_SPLINE_CURVE_WITH_KNOTS('',2,(#11883,#11884,#11885),
 .UNSPECIFIED.,.F.,.F.,(3,3),(0.,1.),.PIECEWISE_BEZIER_KNOTS.);
#299=B_SPLINE_CURVE_WITH_KNOTS('',2,(#11916,#11917,#11918),
 .UNSPECIFIED.,.F.,.F.,(3,3),(0.,1.),.PIECEWISE_BEZIER_KNOTS.);
#300=CIRCLE('',#6855,0.00249789224698986);
#301=CIRCLE('',#6856,0.00145556691218739);
#302=CIRCLE('',#6857,0.000639009037876775);
#303=CIRCLE('',#6858,0.00018541907140793);
#304=CIRCLE('',#6859,0.00041902958481978);
#305=CIRCLE('',#6860,0.000644635700171597);
#306=CIRCLE('',#6861,0.000708078703366648);
#307=CIRCLE('',#6862,0.00060493764109655);
#308=CIRCLE('',#6863,0.00120875796992429);
#309=CIRCLE('',#6864,0.000630219084065344);
#310=CIRCLE('',#6865,0.000868270806042686);
#311=CIRCLE('',#6866,0.00282823650486055);
#312=CIRCLE('',#6867,0.000298793623561932);
#313=CIRCLE('',#6868,0.00127128983936044);
#314=CIRCLE('',#6869,0.00088736031044121);
#315=CIRCLE('',#6870,0.00141697196464142);
#316=CIRCLE('',#6871,0.000974898828631486);
#317=CIRCLE('',#6872,0.00266517907251031);
#318=CIRCLE('',#6873,0.000722818656474166);
#319=CIRCLE('',#6874,0.00153602799190329);
#320=CIRCLE('',#6875,0.00220783599099312);
#321=CIRCLE('',#6876,0.0020593147299443);
#322=CIRCLE('',#6877,0.00163670992806897);
#323=CIRCLE('',#6878,0.000968947341346298);
#324=CIRCLE('',#6879,0.000815538484232904);
#325=CIRCLE('',#6880,0.000834359629937434);
#326=CIRCLE('',#6881,0.00319590074704435);
#327=CIRCLE('',#6882,0.00584443114091881);
#328=CIRCLE('',#6883,0.000378738985984485);
#329=CIRCLE('',#6884,0.0013725615333567);
#330=CIRCLE('',#6885,0.000862184282403);
#331=CIRCLE('',#6886,0.000768568642694585);
#332=CIRCLE('',#6887,0.000996899811046184);
#333=CIRCLE('',#6888,0.00125191524351067);
#334=CIRCLE('',#6889,0.00174615689265082);
#335=CIRCLE('',#6890,0.00135750389866675);
#336=CIRCLE('',#6891,0.000733987393795622);
#337=CIRCLE('',#6892,0.00051066940505903);
#338=CIRCLE('',#6893,0.00186355061735712);
#339=CIRCLE('',#6894,0.00212678770586708);
#340=CIRCLE('',#6895,0.00147427037829797);
#341=CIRCLE('',#6896,0.00193632100902095);
#342=CIRCLE('',#6897,0.00173970302234746);
#343=CIRCLE('',#6898,0.00241589448933018);
#344=CIRCLE('',#6899,0.00220976235636533);
#345=CIRCLE('',#6900,0.00111396434267594);
#346=CIRCLE('',#6901,0.367630448034906);
#347=CIRCLE('',#6902,0.274563976162622);
#348=CIRCLE('',#6903,0.0265568879284681);
#349=CIRCLE('',#6904,0.00763587704016708);
#350=CIRCLE('',#6905,0.00225721244869933);
#351=CIRCLE('',#6906,0.000889898192376163);
#352=CIRCLE('',#6907,0.000557988087620707);
#353=CIRCLE('',#6908,0.00275297260286243);
#354=CIRCLE('',#6909,0.000614548496212016);
#355=CIRCLE('',#6910,0.00151083921078196);
#356=CIRCLE('',#6911,0.00170017489465942);
#357=CIRCLE('',#6912,0.00795508312379748);
#358=CIRCLE('',#6913,0.00216160027364661);
#359=CIRCLE('',#6914,0.00107810461977009);
#360=CIRCLE('',#6915,0.000583374823486082);
#361=CIRCLE('',#6916,0.000583374823485026);
#362=CIRCLE('',#6917,0.00138087205443225);
#363=CIRCLE('',#6918,0.000267619124493228);
#364=CIRCLE('',#6919,0.000459326951530203);
#365=CIRCLE('',#6920,0.00168087968940859);
#366=CIRCLE('',#6921,0.000378738985984408);
#367=CIRCLE('',#6922,0.00137256153335711);
#368=CIRCLE('',#6923,0.000862184282402988);
#369=CIRCLE('',#6924,0.000768568642712294);
#370=CIRCLE('',#6925,0.000996899811046732);
#371=CIRCLE('',#6926,0.00125191524351097);
#372=CIRCLE('',#6927,0.00174615689265072);
#373=CIRCLE('',#6928,0.00135750389866638);
#374=CIRCLE('',#6929,0.000733987393795635);
#375=CIRCLE('',#6930,0.000510669405059073);
#376=CIRCLE('',#6931,0.00125289519344521);
#377=CIRCLE('',#6932,0.00160108733738198);
#378=CIRCLE('',#6933,0.00166000885329678);
#379=CIRCLE('',#6934,0.00138010929970476);
#380=CIRCLE('',#6935,0.00249789224701104);
#381=CIRCLE('',#6936,0.00145556691218588);
#382=CIRCLE('',#6937,0.000639009037875961);
#383=CIRCLE('',#6938,0.000185419071407293);
#384=CIRCLE('',#6939,0.000419029584828419);
#385=CIRCLE('',#6940,0.00064463570017089);
#386=CIRCLE('',#6941,0.000708078703367177);
#387=CIRCLE('',#6942,0.000604937640426);
#388=CIRCLE('',#6943,0.00120875796992393);
#389=CIRCLE('',#6944,0.000630219084065667);
#390=CIRCLE('',#6945,0.000868270805389009);
#391=CIRCLE('',#6946,0.00282823650485912);
#392=CIRCLE('',#6947,0.000298793623562944);
#393=CIRCLE('',#6948,0.00127128983936551);
#394=CIRCLE('',#6949,0.00088736031044089);
#395=CIRCLE('',#6950,0.00141697196464079);
#396=CIRCLE('',#6951,0.000974898828629664);
#397=CIRCLE('',#6952,0.00266517907251663);
#398=CIRCLE('',#6953,0.000722818656548233);
#399=CIRCLE('',#6954,0.00153602799190249);
#400=CIRCLE('',#6955,0.00220783599099276);
#401=CIRCLE('',#6956,0.00205931472994432);
#402=CIRCLE('',#6957,0.00163670992806896);
#403=CIRCLE('',#6958,0.000968947341346182);
#404=CIRCLE('',#6959,0.000815538484232428);
#405=CIRCLE('',#6960,0.000834359629936812);
#406=CIRCLE('',#6961,0.00319590074704346);
#407=CIRCLE('',#6962,0.00584443114089885);
#408=CIRCLE('',#6963,0.000378738985932005);
#409=CIRCLE('',#6964,0.00137256153335732);
#410=CIRCLE('',#6965,0.000862184282402901);
#411=CIRCLE('',#6966,0.000768568642712274);
#412=CIRCLE('',#6967,0.000996899811046654);
#413=CIRCLE('',#6968,0.00125191524351001);
#414=CIRCLE('',#6969,0.0017461568923287);
#415=CIRCLE('',#6970,0.0013575038986664);
#416=CIRCLE('',#6971,0.000733987393795584);
#417=CIRCLE('',#6972,0.000510669405059256);
#418=CIRCLE('',#6973,0.000365163227338983);
#419=CIRCLE('',#6974,0.000565598384150467);
#420=CIRCLE('',#6975,0.00180284193119258);
#421=CIRCLE('',#6976,0.00173052854659638);
#422=CIRCLE('',#6977,0.00282513640079395);
#423=CIRCLE('',#6978,0.00541436016962199);
#424=CIRCLE('',#6979,0.00272416211567947);
#425=CIRCLE('',#6980,0.00147456478259197);
#426=CIRCLE('',#6981,0.000519393386916935);
#427=CIRCLE('',#6982,0.000958177464884003);
#428=CIRCLE('',#6983,0.0013360845632291);
#429=CIRCLE('',#6984,0.00294278638493781);
#430=CIRCLE('',#6985,0.0024978922470065);
#431=CIRCLE('',#6986,0.00145556691101951);
#432=CIRCLE('',#6987,0.000639009037875657);
#433=CIRCLE('',#6988,0.000185419071407426);
#434=CIRCLE('',#6989,0.000419029584828437);
#435=CIRCLE('',#6990,0.000644635700171472);
#436=CIRCLE('',#6991,0.000708078703366622);
#437=CIRCLE('',#6992,0.000604937641096796);
#438=CIRCLE('',#6993,0.00120875796992382);
#439=CIRCLE('',#6994,0.000630219084065652);
#440=CIRCLE('',#6995,0.000868270806043185);
#441=CIRCLE('',#6996,0.00282823650486037);
#442=CIRCLE('',#6997,0.000298793623562957);
#443=CIRCLE('',#6998,0.00127128983936556);
#444=CIRCLE('',#6999,0.000887360310440918);
#445=CIRCLE('',#7000,0.00141697196464088);
#446=CIRCLE('',#7001,0.000974898828630461);
#447=CIRCLE('',#7002,0.00266517907251521);
#448=CIRCLE('',#7003,0.000722818656547818);
#449=CIRCLE('',#7004,0.00153602799190431);
#450=CIRCLE('',#7005,0.00220783599099317);
#451=CIRCLE('',#7006,0.00205931472994413);
#452=CIRCLE('',#7007,0.00163670992674177);
#453=CIRCLE('',#7008,0.000968947341346308);
#454=CIRCLE('',#7009,0.000815538484232817);
#455=CIRCLE('',#7010,0.000834359629906635);
#456=CIRCLE('',#7011,0.00319590074704204);
#457=CIRCLE('',#7012,0.00584443114090284);
#458=CIRCLE('',#7013,0.000985055536469143);
#459=CIRCLE('',#7014,0.000886776025845827);
#460=CIRCLE('',#7015,0.000904870184003253);
#461=CIRCLE('',#7016,0.00103079949493934);
#462=CIRCLE('',#7017,0.00125394324425753);
#463=CIRCLE('',#7018,0.0237664834181128);
#464=CIRCLE('',#7019,0.00139947931714352);
#465=CIRCLE('',#7020,0.000454622173728724);
#466=CIRCLE('',#7021,0.0020048318257159);
#467=CIRCLE('',#7022,0.00107693251879673);
#468=CIRCLE('',#7023,0.00157170119257647);
#469=CIRCLE('',#7024,0.00073459738286379);
#470=CIRCLE('',#7025,0.00130230090591854);
#471=CIRCLE('',#7026,0.00294228031782855);
#472=CIRCLE('',#7027,0.014070447565761);
#473=CIRCLE('',#7028,0.00130822080265728);
#474=CIRCLE('',#7029,0.00044143294283503);
#475=CIRCLE('',#7030,0.00125926958499135);
#476=CIRCLE('',#7031,0.00109459569070056);
#477=CIRCLE('',#7032,0.00150802056470564);
#478=CIRCLE('',#7033,0.00101255909414872);
#479=CIRCLE('',#7044,0.00300624135795506);
#480=CIRCLE('',#7045,0.00297796568057856);
#481=CIRCLE('',#7046,0.00296776130384441);
#482=CIRCLE('',#7047,0.00263146355571575);
#483=CIRCLE('',#7049,0.00263146355571575);
#484=CIRCLE('',#7052,0.00296776130384441);
#485=CIRCLE('',#7055,0.00297796568057856);
#486=CIRCLE('',#7058,0.00300624135795506);
#487=CIRCLE('',#7077,0.00249789224698986);
#488=CIRCLE('',#7080,0.00584443114091881);
#489=CIRCLE('',#7082,0.00319590074704435);
#490=CIRCLE('',#7084,0.000834359629937434);
#491=CIRCLE('',#7086,0.000815538484232904);
#492=CIRCLE('',#7088,0.000968947341346298);
#493=CIRCLE('',#7090,0.00163670992806897);
#494=CIRCLE('',#7092,0.0020593147299443);
#495=CIRCLE('',#7094,0.00220783599099312);
#496=CIRCLE('',#7096,0.00153602799190329);
#497=CIRCLE('',#7098,0.000722818656474166);
#498=CIRCLE('',#7101,0.00266517907251031);
#499=CIRCLE('',#7103,0.000974898828631486);
#500=CIRCLE('',#7105,0.00141697196464142);
#501=CIRCLE('',#7107,0.00088736031044121);
#502=CIRCLE('',#7109,0.00127128983936044);
#503=CIRCLE('',#7111,0.000298793623561932);
#504=CIRCLE('',#7113,0.00282823650486055);
#505=CIRCLE('',#7116,0.000868270806042686);
#506=CIRCLE('',#7118,0.000630219084065344);
#507=CIRCLE('',#7121,0.00120875796992429);
#508=CIRCLE('',#7123,0.00060493764109655);
#509=CIRCLE('',#7125,0.000708078703366648);
#510=CIRCLE('',#7127,0.000644635700171597);
#511=CIRCLE('',#7129,0.00041902958481978);
#512=CIRCLE('',#7132,0.00018541907140793);
#513=CIRCLE('',#7134,0.000639009037876775);
#514=CIRCLE('',#7136,0.00145556691218739);
#515=CIRCLE('',#7139,0.00051066940505903);
#516=CIRCLE('',#7141,0.000733987393795622);
#517=CIRCLE('',#7143,0.00135750389866675);
#518=CIRCLE('',#7148,0.00174615689265082);
#519=CIRCLE('',#7150,0.00125191524351067);
#520=CIRCLE('',#7152,0.000996899811046184);
#521=CIRCLE('',#7154,0.000768568642694585);
#522=CIRCLE('',#7156,0.000862184282403);
#523=CIRCLE('',#7158,0.0013725615333567);
#524=CIRCLE('',#7160,0.000378738985984485);
#525=CIRCLE('',#7167,0.00111396434267594);
#526=CIRCLE('',#7169,0.00220976235636533);
#527=CIRCLE('',#7174,0.00241589448933018);
#528=CIRCLE('',#7176,0.00173970302234746);
#529=CIRCLE('',#7178,0.00193632100902095);
#530=CIRCLE('',#7180,0.00147427037829797);
#531=CIRCLE('',#7182,0.00212678770586708);
#532=CIRCLE('',#7184,0.00186355061735712);
#533=CIRCLE('',#7198,0.367630448034906);
#534=CIRCLE('',#7203,0.00168087968940859);
#535=CIRCLE('',#7205,0.000459326951530203);
#536=CIRCLE('',#7207,0.000267619124493228);
#537=CIRCLE('',#7209,0.00138087205443225);
#538=CIRCLE('',#7211,0.000583374823485026);
#539=CIRCLE('',#7213,0.000583374823486082);
#540=CIRCLE('',#7215,0.00107810461977009);
#541=CIRCLE('',#7217,0.00216160027364661);
#542=CIRCLE('',#7219,0.00795508312379748);
#543=CIRCLE('',#7222,0.00170017489465942);
#544=CIRCLE('',#7224,0.00151083921078196);
#545=CIRCLE('',#7226,0.000614548496212016);
#546=CIRCLE('',#7228,0.00275297260286243);
#547=CIRCLE('',#7230,0.000557988087620707);
#548=CIRCLE('',#7232,0.000889898192376163);
#549=CIRCLE('',#7234,0.00225721244869933);
#550=CIRCLE('',#7236,0.00763587704016708);
#551=CIRCLE('',#7238,0.0265568879284681);
#552=CIRCLE('',#7240,0.274563976162622);
#553=CIRCLE('',#7256,0.000510669405059073);
#554=CIRCLE('',#7258,0.000733987393795635);
#555=CIRCLE('',#7260,0.00135750389866638);
#556=CIRCLE('',#7265,0.00174615689265072);
#557=CIRCLE('',#7267,0.00125191524351097);
#558=CIRCLE('',#7269,0.000996899811046732);
#559=CIRCLE('',#7271,0.000768568642712294);
#560=CIRCLE('',#7273,0.000862184282402988);
#561=CIRCLE('',#7275,0.00137256153335711);
#562=CIRCLE('',#7277,0.000378738985984408);
#563=CIRCLE('',#7281,0.00125289519344521);
#564=CIRCLE('',#7284,0.00138010929970476);
#565=CIRCLE('',#7286,0.00166000885329678);
#566=CIRCLE('',#7288,0.00160108733738198);
#567=CIRCLE('',#7298,0.00249789224701104);
#568=CIRCLE('',#7301,0.00584443114089885);
#569=CIRCLE('',#7303,0.00319590074704346);
#570=CIRCLE('',#7305,0.000834359629936812);
#571=CIRCLE('',#7307,0.000815538484232428);
#572=CIRCLE('',#7309,0.000968947341346182);
#573=CIRCLE('',#7311,0.00163670992806896);
#574=CIRCLE('',#7313,0.00205931472994432);
#575=CIRCLE('',#7315,0.00220783599099276);
#576=CIRCLE('',#7317,0.00153602799190249);
#577=CIRCLE('',#7319,0.000722818656548233);
#578=CIRCLE('',#7322,0.00266517907251663);
#579=CIRCLE('',#7324,0.000974898828629664);
#580=CIRCLE('',#7326,0.00141697196464079);
#581=CIRCLE('',#7328,0.00088736031044089);
#582=CIRCLE('',#7330,0.00127128983936551);
#583=CIRCLE('',#7332,0.000298793623562944);
#584=CIRCLE('',#7334,0.00282823650485912);
#585=CIRCLE('',#7337,0.000868270805389009);
#586=CIRCLE('',#7339,0.000630219084065667);
#587=CIRCLE('',#7342,0.00120875796992393);
#588=CIRCLE('',#7344,0.000604937640426);
#589=CIRCLE('',#7346,0.000708078703367177);
#590=CIRCLE('',#7348,0.00064463570017089);
#591=CIRCLE('',#7350,0.000419029584828419);
#592=CIRCLE('',#7353,0.000185419071407293);
#593=CIRCLE('',#7355,0.000639009037875961);
#594=CIRCLE('',#7357,0.00145556691218588);
#595=CIRCLE('',#7360,0.000510669405059256);
#596=CIRCLE('',#7362,0.000733987393795584);
#597=CIRCLE('',#7364,0.0013575038986664);
#598=CIRCLE('',#7369,0.0017461568923287);
#599=CIRCLE('',#7371,0.00125191524351001);
#600=CIRCLE('',#7373,0.000996899811046654);
#601=CIRCLE('',#7375,0.000768568642712274);
#602=CIRCLE('',#7377,0.000862184282402901);
#603=CIRCLE('',#7379,0.00137256153335732);
#604=CIRCLE('',#7381,0.000378738985932005);
#605=CIRCLE('',#7388,0.00294278638493781);
#606=CIRCLE('',#7390,0.0013360845632291);
#607=CIRCLE('',#7392,0.000958177464884003);
#608=CIRCLE('',#7394,0.000519393386916935);
#609=CIRCLE('',#7396,0.00147456478259197);
#610=CIRCLE('',#7398,0.00272416211567947);
#611=CIRCLE('',#7400,0.00541436016962199);
#612=CIRCLE('',#7402,0.00282513640079395);
#613=CIRCLE('',#7404,0.00173052854659638);
#614=CIRCLE('',#7407,0.00180284193119258);
#615=CIRCLE('',#7409,0.000565598384150467);
#616=CIRCLE('',#7411,0.000365163227338983);
#617=CIRCLE('',#7427,0.0024978922470065);
#618=CIRCLE('',#7430,0.00584443114090284);
#619=CIRCLE('',#7432,0.00319590074704204);
#620=CIRCLE('',#7434,0.000834359629906635);
#621=CIRCLE('',#7436,0.000815538484232817);
#622=CIRCLE('',#7438,0.000968947341346308);
#623=CIRCLE('',#7440,0.00163670992674177);
#624=CIRCLE('',#7442,0.00205931472994413);
#625=CIRCLE('',#7444,0.00220783599099317);
#626=CIRCLE('',#7446,0.00153602799190431);
#627=CIRCLE('',#7448,0.000722818656547818);
#628=CIRCLE('',#7451,0.00266517907251521);
#629=CIRCLE('',#7453,0.000974898828630461);
#630=CIRCLE('',#7455,0.00141697196464088);
#631=CIRCLE('',#7457,0.000887360310440918);
#632=CIRCLE('',#7459,0.00127128983936556);
#633=CIRCLE('',#7461,0.000298793623562957);
#634=CIRCLE('',#7463,0.00282823650486037);
#635=CIRCLE('',#7466,0.000868270806043185);
#636=CIRCLE('',#7468,0.000630219084065652);
#637=CIRCLE('',#7471,0.00120875796992382);
#638=CIRCLE('',#7473,0.000604937641096796);
#639=CIRCLE('',#7475,0.000708078703366622);
#640=CIRCLE('',#7477,0.000644635700171472);
#641=CIRCLE('',#7479,0.000419029584828437);
#642=CIRCLE('',#7482,0.000185419071407426);
#643=CIRCLE('',#7484,0.000639009037875657);
#644=CIRCLE('',#7486,0.00145556691101951);
#645=CIRCLE('',#7495,0.000886776025845827);
#646=CIRCLE('',#7497,0.000985055536469143);
#647=CIRCLE('',#7499,0.00157170119257647);
#648=CIRCLE('',#7502,0.00107693251879673);
#649=CIRCLE('',#7504,0.0020048318257159);
#650=CIRCLE('',#7506,0.000454622173728724);
#651=CIRCLE('',#7508,0.00139947931714352);
#652=CIRCLE('',#7510,0.0237664834181128);
#653=CIRCLE('',#7515,0.00125394324425753);
#654=CIRCLE('',#7517,0.00103079949493934);
#655=CIRCLE('',#7519,0.000904870184003253);
#656=CIRCLE('',#7522,0.00073459738286379);
#657=CIRCLE('',#7524,0.00101255909414872);
#658=CIRCLE('',#7526,0.00150802056470564);
#659=CIRCLE('',#7529,0.00109459569070056);
#660=CIRCLE('',#7531,0.00125926958499135);
#661=CIRCLE('',#7533,0.00044143294283503);
#662=CIRCLE('',#7535,0.00130822080265728);
#663=CIRCLE('',#7540,0.014070447565761);
#664=CIRCLE('',#7542,0.00294228031782855);
#665=CIRCLE('',#7544,0.00130230090591854);
#666=ORIENTED_EDGE('',*,*,#2692,.F.);
#667=ORIENTED_EDGE('',*,*,#2693,.T.);
#668=ORIENTED_EDGE('',*,*,#2694,.T.);
#669=ORIENTED_EDGE('',*,*,#2695,.T.);
#670=ORIENTED_EDGE('',*,*,#2696,.T.);
#671=ORIENTED_EDGE('',*,*,#2697,.F.);
#672=ORIENTED_EDGE('',*,*,#2698,.F.);
#673=ORIENTED_EDGE('',*,*,#2699,.T.);
#674=ORIENTED_EDGE('',*,*,#2700,.T.);
#675=ORIENTED_EDGE('',*,*,#2701,.T.);
#676=ORIENTED_EDGE('',*,*,#2702,.T.);
#677=ORIENTED_EDGE('',*,*,#2703,.T.);
#678=ORIENTED_EDGE('',*,*,#2704,.T.);
#679=ORIENTED_EDGE('',*,*,#2705,.T.);
#680=ORIENTED_EDGE('',*,*,#2706,.T.);
#681=ORIENTED_EDGE('',*,*,#2707,.T.);
#682=ORIENTED_EDGE('',*,*,#2708,.T.);
#683=ORIENTED_EDGE('',*,*,#2709,.T.);
#684=ORIENTED_EDGE('',*,*,#2710,.T.);
#685=ORIENTED_EDGE('',*,*,#2711,.T.);
#686=ORIENTED_EDGE('',*,*,#2712,.T.);
#687=ORIENTED_EDGE('',*,*,#2713,.T.);
#688=ORIENTED_EDGE('',*,*,#2714,.T.);
#689=ORIENTED_EDGE('',*,*,#2715,.T.);
#690=ORIENTED_EDGE('',*,*,#2716,.T.);
#691=ORIENTED_EDGE('',*,*,#2717,.T.);
#692=ORIENTED_EDGE('',*,*,#2718,.T.);
#693=ORIENTED_EDGE('',*,*,#2719,.T.);
#694=ORIENTED_EDGE('',*,*,#2720,.T.);
#695=ORIENTED_EDGE('',*,*,#2721,.T.);
#696=ORIENTED_EDGE('',*,*,#2722,.T.);
#697=ORIENTED_EDGE('',*,*,#2723,.T.);
#698=ORIENTED_EDGE('',*,*,#2724,.T.);
#699=ORIENTED_EDGE('',*,*,#2725,.T.);
#700=ORIENTED_EDGE('',*,*,#2726,.T.);
#701=ORIENTED_EDGE('',*,*,#2727,.T.);
#702=ORIENTED_EDGE('',*,*,#2728,.T.);
#703=ORIENTED_EDGE('',*,*,#2729,.T.);
#704=ORIENTED_EDGE('',*,*,#2730,.T.);
#705=ORIENTED_EDGE('',*,*,#2731,.T.);
#706=ORIENTED_EDGE('',*,*,#2732,.T.);
#707=ORIENTED_EDGE('',*,*,#2733,.T.);
#708=ORIENTED_EDGE('',*,*,#2734,.T.);
#709=ORIENTED_EDGE('',*,*,#2735,.T.);
#710=ORIENTED_EDGE('',*,*,#2736,.T.);
#711=ORIENTED_EDGE('',*,*,#2737,.T.);
#712=ORIENTED_EDGE('',*,*,#2738,.T.);
#713=ORIENTED_EDGE('',*,*,#2739,.T.);
#714=ORIENTED_EDGE('',*,*,#2740,.T.);
#715=ORIENTED_EDGE('',*,*,#2741,.T.);
#716=ORIENTED_EDGE('',*,*,#2742,.T.);
#717=ORIENTED_EDGE('',*,*,#2743,.T.);
#718=ORIENTED_EDGE('',*,*,#2744,.T.);
#719=ORIENTED_EDGE('',*,*,#2745,.T.);
#720=ORIENTED_EDGE('',*,*,#2746,.T.);
#721=ORIENTED_EDGE('',*,*,#2747,.T.);
#722=ORIENTED_EDGE('',*,*,#2748,.T.);
#723=ORIENTED_EDGE('',*,*,#2749,.T.);
#724=ORIENTED_EDGE('',*,*,#2750,.T.);
#725=ORIENTED_EDGE('',*,*,#2751,.T.);
#726=ORIENTED_EDGE('',*,*,#2752,.T.);
#727=ORIENTED_EDGE('',*,*,#2753,.T.);
#728=ORIENTED_EDGE('',*,*,#2754,.T.);
#729=ORIENTED_EDGE('',*,*,#2755,.T.);
#730=ORIENTED_EDGE('',*,*,#2756,.T.);
#731=ORIENTED_EDGE('',*,*,#2757,.T.);
#732=ORIENTED_EDGE('',*,*,#2758,.T.);
#733=ORIENTED_EDGE('',*,*,#2759,.T.);
#734=ORIENTED_EDGE('',*,*,#2760,.T.);
#735=ORIENTED_EDGE('',*,*,#2761,.T.);
#736=ORIENTED_EDGE('',*,*,#2762,.T.);
#737=ORIENTED_EDGE('',*,*,#2763,.T.);
#738=ORIENTED_EDGE('',*,*,#2764,.T.);
#739=ORIENTED_EDGE('',*,*,#2765,.T.);
#740=ORIENTED_EDGE('',*,*,#2766,.T.);
#741=ORIENTED_EDGE('',*,*,#2767,.T.);
#742=ORIENTED_EDGE('',*,*,#2768,.T.);
#743=ORIENTED_EDGE('',*,*,#2769,.T.);
#744=ORIENTED_EDGE('',*,*,#2770,.T.);
#745=ORIENTED_EDGE('',*,*,#2771,.T.);
#746=ORIENTED_EDGE('',*,*,#2772,.T.);
#747=ORIENTED_EDGE('',*,*,#2773,.T.);
#748=ORIENTED_EDGE('',*,*,#2774,.T.);
#749=ORIENTED_EDGE('',*,*,#2775,.T.);
#750=ORIENTED_EDGE('',*,*,#2776,.T.);
#751=ORIENTED_EDGE('',*,*,#2777,.T.);
#752=ORIENTED_EDGE('',*,*,#2778,.T.);
#753=ORIENTED_EDGE('',*,*,#2779,.T.);
#754=ORIENTED_EDGE('',*,*,#2780,.T.);
#755=ORIENTED_EDGE('',*,*,#2781,.T.);
#756=ORIENTED_EDGE('',*,*,#2782,.T.);
#757=ORIENTED_EDGE('',*,*,#2783,.T.);
#758=ORIENTED_EDGE('',*,*,#2784,.T.);
#759=ORIENTED_EDGE('',*,*,#2785,.T.);
#760=ORIENTED_EDGE('',*,*,#2786,.T.);
#761=ORIENTED_EDGE('',*,*,#2787,.T.);
#762=ORIENTED_EDGE('',*,*,#2788,.T.);
#763=ORIENTED_EDGE('',*,*,#2789,.T.);
#764=ORIENTED_EDGE('',*,*,#2790,.T.);
#765=ORIENTED_EDGE('',*,*,#2791,.T.);
#766=ORIENTED_EDGE('',*,*,#2792,.T.);
#767=ORIENTED_EDGE('',*,*,#2793,.T.);
#768=ORIENTED_EDGE('',*,*,#2794,.T.);
#769=ORIENTED_EDGE('',*,*,#2795,.T.);
#770=ORIENTED_EDGE('',*,*,#2796,.T.);
#771=ORIENTED_EDGE('',*,*,#2797,.T.);
#772=ORIENTED_EDGE('',*,*,#2798,.T.);
#773=ORIENTED_EDGE('',*,*,#2799,.T.);
#774=ORIENTED_EDGE('',*,*,#2800,.T.);
#775=ORIENTED_EDGE('',*,*,#2801,.T.);
#776=ORIENTED_EDGE('',*,*,#2802,.T.);
#777=ORIENTED_EDGE('',*,*,#2803,.T.);
#778=ORIENTED_EDGE('',*,*,#2804,.T.);
#779=ORIENTED_EDGE('',*,*,#2805,.T.);
#780=ORIENTED_EDGE('',*,*,#2806,.T.);
#781=ORIENTED_EDGE('',*,*,#2807,.T.);
#782=ORIENTED_EDGE('',*,*,#2808,.T.);
#783=ORIENTED_EDGE('',*,*,#2809,.T.);
#784=ORIENTED_EDGE('',*,*,#2810,.T.);
#785=ORIENTED_EDGE('',*,*,#2811,.T.);
#786=ORIENTED_EDGE('',*,*,#2812,.T.);
#787=ORIENTED_EDGE('',*,*,#2813,.T.);
#788=ORIENTED_EDGE('',*,*,#2814,.T.);
#789=ORIENTED_EDGE('',*,*,#2815,.T.);
#790=ORIENTED_EDGE('',*,*,#2816,.T.);
#791=ORIENTED_EDGE('',*,*,#2817,.T.);
#792=ORIENTED_EDGE('',*,*,#2818,.T.);
#793=ORIENTED_EDGE('',*,*,#2819,.T.);
#794=ORIENTED_EDGE('',*,*,#2820,.T.);
#795=ORIENTED_EDGE('',*,*,#2821,.T.);
#796=ORIENTED_EDGE('',*,*,#2822,.T.);
#797=ORIENTED_EDGE('',*,*,#2823,.T.);
#798=ORIENTED_EDGE('',*,*,#2824,.T.);
#799=ORIENTED_EDGE('',*,*,#2825,.T.);
#800=ORIENTED_EDGE('',*,*,#2826,.T.);
#801=ORIENTED_EDGE('',*,*,#2827,.T.);
#802=ORIENTED_EDGE('',*,*,#2828,.T.);
#803=ORIENTED_EDGE('',*,*,#2829,.T.);
#804=ORIENTED_EDGE('',*,*,#2830,.T.);
#805=ORIENTED_EDGE('',*,*,#2831,.T.);
#806=ORIENTED_EDGE('',*,*,#2832,.T.);
#807=ORIENTED_EDGE('',*,*,#2833,.T.);
#808=ORIENTED_EDGE('',*,*,#2834,.T.);
#809=ORIENTED_EDGE('',*,*,#2835,.T.);
#810=ORIENTED_EDGE('',*,*,#2836,.T.);
#811=ORIENTED_EDGE('',*,*,#2837,.T.);
#812=ORIENTED_EDGE('',*,*,#2838,.T.);
#813=ORIENTED_EDGE('',*,*,#2839,.T.);
#814=ORIENTED_EDGE('',*,*,#2840,.T.);
#815=ORIENTED_EDGE('',*,*,#2841,.T.);
#816=ORIENTED_EDGE('',*,*,#2842,.T.);
#817=ORIENTED_EDGE('',*,*,#2843,.T.);
#818=ORIENTED_EDGE('',*,*,#2844,.T.);
#819=ORIENTED_EDGE('',*,*,#2845,.T.);
#820=ORIENTED_EDGE('',*,*,#2846,.T.);
#821=ORIENTED_EDGE('',*,*,#2847,.T.);
#822=ORIENTED_EDGE('',*,*,#2848,.T.);
#823=ORIENTED_EDGE('',*,*,#2849,.T.);
#824=ORIENTED_EDGE('',*,*,#2850,.T.);
#825=ORIENTED_EDGE('',*,*,#2851,.T.);
#826=ORIENTED_EDGE('',*,*,#2852,.T.);
#827=ORIENTED_EDGE('',*,*,#2853,.T.);
#828=ORIENTED_EDGE('',*,*,#2854,.T.);
#829=ORIENTED_EDGE('',*,*,#2855,.T.);
#830=ORIENTED_EDGE('',*,*,#2856,.T.);
#831=ORIENTED_EDGE('',*,*,#2857,.T.);
#832=ORIENTED_EDGE('',*,*,#2858,.T.);
#833=ORIENTED_EDGE('',*,*,#2859,.T.);
#834=ORIENTED_EDGE('',*,*,#2860,.T.);
#835=ORIENTED_EDGE('',*,*,#2861,.T.);
#836=ORIENTED_EDGE('',*,*,#2862,.T.);
#837=ORIENTED_EDGE('',*,*,#2863,.T.);
#838=ORIENTED_EDGE('',*,*,#2864,.T.);
#839=ORIENTED_EDGE('',*,*,#2865,.T.);
#840=ORIENTED_EDGE('',*,*,#2866,.T.);
#841=ORIENTED_EDGE('',*,*,#2867,.T.);
#842=ORIENTED_EDGE('',*,*,#2868,.T.);
#843=ORIENTED_EDGE('',*,*,#2869,.T.);
#844=ORIENTED_EDGE('',*,*,#2870,.T.);
#845=ORIENTED_EDGE('',*,*,#2871,.T.);
#846=ORIENTED_EDGE('',*,*,#2872,.T.);
#847=ORIENTED_EDGE('',*,*,#2873,.T.);
#848=ORIENTED_EDGE('',*,*,#2874,.T.);
#849=ORIENTED_EDGE('',*,*,#2875,.T.);
#850=ORIENTED_EDGE('',*,*,#2876,.T.);
#851=ORIENTED_EDGE('',*,*,#2877,.T.);
#852=ORIENTED_EDGE('',*,*,#2878,.T.);
#853=ORIENTED_EDGE('',*,*,#2879,.T.);
#854=ORIENTED_EDGE('',*,*,#2880,.T.);
#855=ORIENTED_EDGE('',*,*,#2881,.T.);
#856=ORIENTED_EDGE('',*,*,#2882,.T.);
#857=ORIENTED_EDGE('',*,*,#2883,.T.);
#858=ORIENTED_EDGE('',*,*,#2884,.T.);
#859=ORIENTED_EDGE('',*,*,#2885,.T.);
#860=ORIENTED_EDGE('',*,*,#2886,.T.);
#861=ORIENTED_EDGE('',*,*,#2887,.T.);
#862=ORIENTED_EDGE('',*,*,#2888,.T.);
#863=ORIENTED_EDGE('',*,*,#2889,.T.);
#864=ORIENTED_EDGE('',*,*,#2890,.T.);
#865=ORIENTED_EDGE('',*,*,#2891,.T.);
#866=ORIENTED_EDGE('',*,*,#2892,.T.);
#867=ORIENTED_EDGE('',*,*,#2893,.T.);
#868=ORIENTED_EDGE('',*,*,#2894,.T.);
#869=ORIENTED_EDGE('',*,*,#2895,.T.);
#870=ORIENTED_EDGE('',*,*,#2896,.T.);
#871=ORIENTED_EDGE('',*,*,#2897,.T.);
#872=ORIENTED_EDGE('',*,*,#2898,.T.);
#873=ORIENTED_EDGE('',*,*,#2899,.T.);
#874=ORIENTED_EDGE('',*,*,#2900,.T.);
#875=ORIENTED_EDGE('',*,*,#2901,.T.);
#876=ORIENTED_EDGE('',*,*,#2902,.T.);
#877=ORIENTED_EDGE('',*,*,#2903,.T.);
#878=ORIENTED_EDGE('',*,*,#2904,.T.);
#879=ORIENTED_EDGE('',*,*,#2905,.T.);
#880=ORIENTED_EDGE('',*,*,#2906,.T.);
#881=ORIENTED_EDGE('',*,*,#2907,.T.);
#882=ORIENTED_EDGE('',*,*,#2908,.T.);
#883=ORIENTED_EDGE('',*,*,#2909,.T.);
#884=ORIENTED_EDGE('',*,*,#2910,.T.);
#885=ORIENTED_EDGE('',*,*,#2911,.T.);
#886=ORIENTED_EDGE('',*,*,#2912,.T.);
#887=ORIENTED_EDGE('',*,*,#2913,.T.);
#888=ORIENTED_EDGE('',*,*,#2914,.T.);
#889=ORIENTED_EDGE('',*,*,#2915,.T.);
#890=ORIENTED_EDGE('',*,*,#2916,.T.);
#891=ORIENTED_EDGE('',*,*,#2917,.T.);
#892=ORIENTED_EDGE('',*,*,#2918,.T.);
#893=ORIENTED_EDGE('',*,*,#2919,.T.);
#894=ORIENTED_EDGE('',*,*,#2920,.T.);
#895=ORIENTED_EDGE('',*,*,#2921,.T.);
#896=ORIENTED_EDGE('',*,*,#2922,.T.);
#897=ORIENTED_EDGE('',*,*,#2923,.T.);
#898=ORIENTED_EDGE('',*,*,#2924,.T.);
#899=ORIENTED_EDGE('',*,*,#2925,.T.);
#900=ORIENTED_EDGE('',*,*,#2926,.T.);
#901=ORIENTED_EDGE('',*,*,#2927,.T.);
#902=ORIENTED_EDGE('',*,*,#2928,.T.);
#903=ORIENTED_EDGE('',*,*,#2929,.T.);
#904=ORIENTED_EDGE('',*,*,#2930,.T.);
#905=ORIENTED_EDGE('',*,*,#2931,.T.);
#906=ORIENTED_EDGE('',*,*,#2932,.T.);
#907=ORIENTED_EDGE('',*,*,#2933,.T.);
#908=ORIENTED_EDGE('',*,*,#2934,.T.);
#909=ORIENTED_EDGE('',*,*,#2935,.T.);
#910=ORIENTED_EDGE('',*,*,#2936,.T.);
#911=ORIENTED_EDGE('',*,*,#2937,.T.);
#912=ORIENTED_EDGE('',*,*,#2938,.T.);
#913=ORIENTED_EDGE('',*,*,#2939,.T.);
#914=ORIENTED_EDGE('',*,*,#2940,.T.);
#915=ORIENTED_EDGE('',*,*,#2941,.T.);
#916=ORIENTED_EDGE('',*,*,#2942,.T.);
#917=ORIENTED_EDGE('',*,*,#2943,.T.);
#918=ORIENTED_EDGE('',*,*,#2944,.T.);
#919=ORIENTED_EDGE('',*,*,#2945,.T.);
#920=ORIENTED_EDGE('',*,*,#2946,.T.);
#921=ORIENTED_EDGE('',*,*,#2947,.T.);
#922=ORIENTED_EDGE('',*,*,#2948,.T.);
#923=ORIENTED_EDGE('',*,*,#2949,.T.);
#924=ORIENTED_EDGE('',*,*,#2950,.T.);
#925=ORIENTED_EDGE('',*,*,#2951,.T.);
#926=ORIENTED_EDGE('',*,*,#2952,.T.);
#927=ORIENTED_EDGE('',*,*,#2953,.T.);
#928=ORIENTED_EDGE('',*,*,#2954,.T.);
#929=ORIENTED_EDGE('',*,*,#2955,.T.);
#930=ORIENTED_EDGE('',*,*,#2956,.T.);
#931=ORIENTED_EDGE('',*,*,#2957,.T.);
#932=ORIENTED_EDGE('',*,*,#2958,.T.);
#933=ORIENTED_EDGE('',*,*,#2959,.T.);
#934=ORIENTED_EDGE('',*,*,#2960,.T.);
#935=ORIENTED_EDGE('',*,*,#2961,.T.);
#936=ORIENTED_EDGE('',*,*,#2962,.T.);
#937=ORIENTED_EDGE('',*,*,#2963,.T.);
#938=ORIENTED_EDGE('',*,*,#2964,.T.);
#939=ORIENTED_EDGE('',*,*,#2965,.T.);
#940=ORIENTED_EDGE('',*,*,#2966,.T.);
#941=ORIENTED_EDGE('',*,*,#2967,.T.);
#942=ORIENTED_EDGE('',*,*,#2968,.T.);
#943=ORIENTED_EDGE('',*,*,#2969,.T.);
#944=ORIENTED_EDGE('',*,*,#2970,.T.);
#945=ORIENTED_EDGE('',*,*,#2971,.T.);
#946=ORIENTED_EDGE('',*,*,#2972,.T.);
#947=ORIENTED_EDGE('',*,*,#2973,.T.);
#948=ORIENTED_EDGE('',*,*,#2974,.T.);
#949=ORIENTED_EDGE('',*,*,#2975,.T.);
#950=ORIENTED_EDGE('',*,*,#2976,.T.);
#951=ORIENTED_EDGE('',*,*,#2977,.T.);
#952=ORIENTED_EDGE('',*,*,#2978,.T.);
#953=ORIENTED_EDGE('',*,*,#2979,.T.);
#954=ORIENTED_EDGE('',*,*,#2980,.T.);
#955=ORIENTED_EDGE('',*,*,#2981,.T.);
#956=ORIENTED_EDGE('',*,*,#2982,.T.);
#957=ORIENTED_EDGE('',*,*,#2983,.T.);
#958=ORIENTED_EDGE('',*,*,#2984,.T.);
#959=ORIENTED_EDGE('',*,*,#2985,.T.);
#960=ORIENTED_EDGE('',*,*,#2986,.T.);
#961=ORIENTED_EDGE('',*,*,#2987,.T.);
#962=ORIENTED_EDGE('',*,*,#2988,.T.);
#963=ORIENTED_EDGE('',*,*,#2989,.T.);
#964=ORIENTED_EDGE('',*,*,#2990,.T.);
#965=ORIENTED_EDGE('',*,*,#2991,.T.);
#966=ORIENTED_EDGE('',*,*,#2992,.T.);
#967=ORIENTED_EDGE('',*,*,#2993,.T.);
#968=ORIENTED_EDGE('',*,*,#2994,.T.);
#969=ORIENTED_EDGE('',*,*,#2995,.T.);
#970=ORIENTED_EDGE('',*,*,#2996,.T.);
#971=ORIENTED_EDGE('',*,*,#2997,.T.);
#972=ORIENTED_EDGE('',*,*,#2998,.T.);
#973=ORIENTED_EDGE('',*,*,#2999,.T.);
#974=ORIENTED_EDGE('',*,*,#3000,.T.);
#975=ORIENTED_EDGE('',*,*,#3001,.T.);
#976=ORIENTED_EDGE('',*,*,#3002,.T.);
#977=ORIENTED_EDGE('',*,*,#3003,.T.);
#978=ORIENTED_EDGE('',*,*,#3004,.T.);
#979=ORIENTED_EDGE('',*,*,#3005,.T.);
#980=ORIENTED_EDGE('',*,*,#3006,.T.);
#981=ORIENTED_EDGE('',*,*,#3007,.T.);
#982=ORIENTED_EDGE('',*,*,#3008,.T.);
#983=ORIENTED_EDGE('',*,*,#3009,.T.);
#984=ORIENTED_EDGE('',*,*,#3010,.T.);
#985=ORIENTED_EDGE('',*,*,#3011,.T.);
#986=ORIENTED_EDGE('',*,*,#3012,.T.);
#987=ORIENTED_EDGE('',*,*,#3013,.T.);
#988=ORIENTED_EDGE('',*,*,#3014,.T.);
#989=ORIENTED_EDGE('',*,*,#3015,.T.);
#990=ORIENTED_EDGE('',*,*,#3016,.T.);
#991=ORIENTED_EDGE('',*,*,#3017,.T.);
#992=ORIENTED_EDGE('',*,*,#3018,.T.);
#993=ORIENTED_EDGE('',*,*,#3019,.T.);
#994=ORIENTED_EDGE('',*,*,#3020,.T.);
#995=ORIENTED_EDGE('',*,*,#3021,.T.);
#996=ORIENTED_EDGE('',*,*,#3022,.T.);
#997=ORIENTED_EDGE('',*,*,#3023,.T.);
#998=ORIENTED_EDGE('',*,*,#3024,.T.);
#999=ORIENTED_EDGE('',*,*,#2699,.F.);
#1000=ORIENTED_EDGE('',*,*,#3025,.T.);
#1001=ORIENTED_EDGE('',*,*,#3026,.T.);
#1002=ORIENTED_EDGE('',*,*,#3027,.F.);
#1003=ORIENTED_EDGE('',*,*,#2695,.F.);
#1004=ORIENTED_EDGE('',*,*,#3028,.F.);
#1005=ORIENTED_EDGE('',*,*,#3029,.T.);
#1006=ORIENTED_EDGE('',*,*,#3030,.T.);
#1007=ORIENTED_EDGE('',*,*,#3031,.F.);
#1008=ORIENTED_EDGE('',*,*,#3032,.F.);
#1009=ORIENTED_EDGE('',*,*,#3033,.T.);
#1010=ORIENTED_EDGE('',*,*,#3034,.F.);
#1011=ORIENTED_EDGE('',*,*,#3025,.F.);
#1012=ORIENTED_EDGE('',*,*,#2698,.T.);
#1013=ORIENTED_EDGE('',*,*,#3035,.T.);
#1014=ORIENTED_EDGE('',*,*,#3036,.F.);
#1015=ORIENTED_EDGE('',*,*,#3026,.F.);
#1016=ORIENTED_EDGE('',*,*,#3034,.T.);
#1017=ORIENTED_EDGE('',*,*,#3037,.F.);
#1018=ORIENTED_EDGE('',*,*,#2696,.F.);
#1019=ORIENTED_EDGE('',*,*,#3027,.T.);
#1020=ORIENTED_EDGE('',*,*,#3036,.T.);
#1021=ORIENTED_EDGE('',*,*,#2697,.T.);
#1022=ORIENTED_EDGE('',*,*,#3037,.T.);
#1023=ORIENTED_EDGE('',*,*,#3035,.F.);
#1024=ORIENTED_EDGE('',*,*,#3033,.F.);
#1025=ORIENTED_EDGE('',*,*,#3038,.F.);
#1026=ORIENTED_EDGE('',*,*,#3039,.T.);
#1027=ORIENTED_EDGE('',*,*,#3023,.F.);
#1028=ORIENTED_EDGE('',*,*,#3040,.T.);
#1029=ORIENTED_EDGE('',*,*,#3041,.T.);
#1030=ORIENTED_EDGE('',*,*,#3042,.F.);
#1031=ORIENTED_EDGE('',*,*,#3029,.F.);
#1032=ORIENTED_EDGE('',*,*,#3043,.F.);
#1033=ORIENTED_EDGE('',*,*,#3044,.F.);
#1034=ORIENTED_EDGE('',*,*,#3040,.F.);
#1035=ORIENTED_EDGE('',*,*,#3032,.T.);
#1036=ORIENTED_EDGE('',*,*,#3045,.T.);
#1037=ORIENTED_EDGE('',*,*,#3046,.F.);
#1038=ORIENTED_EDGE('',*,*,#3045,.F.);
#1039=ORIENTED_EDGE('',*,*,#3031,.T.);
#1040=ORIENTED_EDGE('',*,*,#3047,.T.);
#1041=ORIENTED_EDGE('',*,*,#3048,.T.);
#1042=ORIENTED_EDGE('',*,*,#3047,.F.);
#1043=ORIENTED_EDGE('',*,*,#3030,.F.);
#1044=ORIENTED_EDGE('',*,*,#3042,.T.);
#1045=ORIENTED_EDGE('',*,*,#3049,.T.);
#1046=ORIENTED_EDGE('',*,*,#3050,.T.);
#1047=ORIENTED_EDGE('',*,*,#3051,.T.);
#1048=ORIENTED_EDGE('',*,*,#3052,.T.);
#1049=ORIENTED_EDGE('',*,*,#3041,.F.);
#1050=ORIENTED_EDGE('',*,*,#3044,.T.);
#1051=ORIENTED_EDGE('',*,*,#3046,.T.);
#1052=ORIENTED_EDGE('',*,*,#3048,.F.);
#1053=ORIENTED_EDGE('',*,*,#3052,.F.);
#1054=ORIENTED_EDGE('',*,*,#3053,.F.);
#1055=ORIENTED_EDGE('',*,*,#3053,.T.);
#1056=ORIENTED_EDGE('',*,*,#3051,.F.);
#1057=ORIENTED_EDGE('',*,*,#3054,.F.);
#1058=ORIENTED_EDGE('',*,*,#3054,.T.);
#1059=ORIENTED_EDGE('',*,*,#3050,.F.);
#1060=ORIENTED_EDGE('',*,*,#3055,.F.);
#1061=ORIENTED_EDGE('',*,*,#3055,.T.);
#1062=ORIENTED_EDGE('',*,*,#3049,.F.);
#1063=ORIENTED_EDGE('',*,*,#3056,.F.);
#1064=ORIENTED_EDGE('',*,*,#3056,.T.);
#1065=ORIENTED_EDGE('',*,*,#3038,.T.);
#1066=ORIENTED_EDGE('',*,*,#3057,.T.);
#1067=ORIENTED_EDGE('',*,*,#2693,.F.);
#1068=ORIENTED_EDGE('',*,*,#3058,.F.);
#1069=ORIENTED_EDGE('',*,*,#3058,.T.);
#1070=ORIENTED_EDGE('',*,*,#2692,.T.);
#1071=ORIENTED_EDGE('',*,*,#3024,.F.);
#1072=ORIENTED_EDGE('',*,*,#3039,.F.);
#1073=ORIENTED_EDGE('',*,*,#3043,.T.);
#1074=ORIENTED_EDGE('',*,*,#3028,.T.);
#1075=ORIENTED_EDGE('',*,*,#2694,.F.);
#1076=ORIENTED_EDGE('',*,*,#3057,.F.);
#1077=ORIENTED_EDGE('',*,*,#2701,.F.);
#1078=ORIENTED_EDGE('',*,*,#3059,.F.);
#1079=ORIENTED_EDGE('',*,*,#3060,.T.);
#1080=ORIENTED_EDGE('',*,*,#3061,.T.);
#1081=ORIENTED_EDGE('',*,*,#2700,.F.);
#1082=ORIENTED_EDGE('',*,*,#3062,.F.);
#1083=ORIENTED_EDGE('',*,*,#3063,.T.);
#1084=ORIENTED_EDGE('',*,*,#3059,.T.);
#1085=ORIENTED_EDGE('',*,*,#2711,.F.);
#1086=ORIENTED_EDGE('',*,*,#3064,.F.);
#1087=ORIENTED_EDGE('',*,*,#3065,.T.);
#1088=ORIENTED_EDGE('',*,*,#3062,.T.);
#1089=ORIENTED_EDGE('',*,*,#2710,.F.);
#1090=ORIENTED_EDGE('',*,*,#3066,.F.);
#1091=ORIENTED_EDGE('',*,*,#3067,.T.);
#1092=ORIENTED_EDGE('',*,*,#3064,.T.);
#1093=ORIENTED_EDGE('',*,*,#2709,.F.);
#1094=ORIENTED_EDGE('',*,*,#3068,.F.);
#1095=ORIENTED_EDGE('',*,*,#3069,.T.);
#1096=ORIENTED_EDGE('',*,*,#3066,.T.);
#1097=ORIENTED_EDGE('',*,*,#2708,.F.);
#1098=ORIENTED_EDGE('',*,*,#3070,.F.);
#1099=ORIENTED_EDGE('',*,*,#3071,.T.);
#1100=ORIENTED_EDGE('',*,*,#3068,.T.);
#1101=ORIENTED_EDGE('',*,*,#2707,.F.);
#1102=ORIENTED_EDGE('',*,*,#3072,.F.);
#1103=ORIENTED_EDGE('',*,*,#3073,.T.);
#1104=ORIENTED_EDGE('',*,*,#3070,.T.);
#1105=ORIENTED_EDGE('',*,*,#2706,.F.);
#1106=ORIENTED_EDGE('',*,*,#3074,.F.);
#1107=ORIENTED_EDGE('',*,*,#3075,.T.);
#1108=ORIENTED_EDGE('',*,*,#3072,.T.);
#1109=ORIENTED_EDGE('',*,*,#2705,.F.);
#1110=ORIENTED_EDGE('',*,*,#3076,.F.);
#1111=ORIENTED_EDGE('',*,*,#3077,.T.);
#1112=ORIENTED_EDGE('',*,*,#3074,.T.);
#1113=ORIENTED_EDGE('',*,*,#2704,.F.);
#1114=ORIENTED_EDGE('',*,*,#3078,.F.);
#1115=ORIENTED_EDGE('',*,*,#3079,.T.);
#1116=ORIENTED_EDGE('',*,*,#3076,.T.);
#1117=ORIENTED_EDGE('',*,*,#2703,.F.);
#1118=ORIENTED_EDGE('',*,*,#3080,.F.);
#1119=ORIENTED_EDGE('',*,*,#3081,.T.);
#1120=ORIENTED_EDGE('',*,*,#3078,.T.);
#1121=ORIENTED_EDGE('',*,*,#2702,.F.);
#1122=ORIENTED_EDGE('',*,*,#3061,.F.);
#1123=ORIENTED_EDGE('',*,*,#3082,.T.);
#1124=ORIENTED_EDGE('',*,*,#3080,.T.);
#1125=ORIENTED_EDGE('',*,*,#3060,.F.);
#1126=ORIENTED_EDGE('',*,*,#3063,.F.);
#1127=ORIENTED_EDGE('',*,*,#3065,.F.);
#1128=ORIENTED_EDGE('',*,*,#3067,.F.);
#1129=ORIENTED_EDGE('',*,*,#3069,.F.);
#1130=ORIENTED_EDGE('',*,*,#3071,.F.);
#1131=ORIENTED_EDGE('',*,*,#3073,.F.);
#1132=ORIENTED_EDGE('',*,*,#3075,.F.);
#1133=ORIENTED_EDGE('',*,*,#3077,.F.);
#1134=ORIENTED_EDGE('',*,*,#3079,.F.);
#1135=ORIENTED_EDGE('',*,*,#3081,.F.);
#1136=ORIENTED_EDGE('',*,*,#3082,.F.);
#1137=ORIENTED_EDGE('',*,*,#2713,.F.);
#1138=ORIENTED_EDGE('',*,*,#3083,.F.);
#1139=ORIENTED_EDGE('',*,*,#3084,.T.);
#1140=ORIENTED_EDGE('',*,*,#3085,.T.);
#1141=ORIENTED_EDGE('',*,*,#2712,.F.);
#1142=ORIENTED_EDGE('',*,*,#3086,.F.);
#1143=ORIENTED_EDGE('',*,*,#3087,.T.);
#1144=ORIENTED_EDGE('',*,*,#3083,.T.);
#1145=ORIENTED_EDGE('',*,*,#2746,.F.);
#1146=ORIENTED_EDGE('',*,*,#3088,.F.);
#1147=ORIENTED_EDGE('',*,*,#3089,.T.);
#1148=ORIENTED_EDGE('',*,*,#3086,.T.);
#1149=ORIENTED_EDGE('',*,*,#2745,.F.);
#1150=ORIENTED_EDGE('',*,*,#3090,.F.);
#1151=ORIENTED_EDGE('',*,*,#3091,.T.);
#1152=ORIENTED_EDGE('',*,*,#3088,.T.);
#1153=ORIENTED_EDGE('',*,*,#2744,.F.);
#1154=ORIENTED_EDGE('',*,*,#3092,.F.);
#1155=ORIENTED_EDGE('',*,*,#3093,.T.);
#1156=ORIENTED_EDGE('',*,*,#3090,.T.);
#1157=ORIENTED_EDGE('',*,*,#2743,.F.);
#1158=ORIENTED_EDGE('',*,*,#3094,.F.);
#1159=ORIENTED_EDGE('',*,*,#3095,.T.);
#1160=ORIENTED_EDGE('',*,*,#3092,.T.);
#1161=ORIENTED_EDGE('',*,*,#2742,.F.);
#1162=ORIENTED_EDGE('',*,*,#3096,.F.);
#1163=ORIENTED_EDGE('',*,*,#3097,.T.);
#1164=ORIENTED_EDGE('',*,*,#3094,.T.);
#1165=ORIENTED_EDGE('',*,*,#2741,.F.);
#1166=ORIENTED_EDGE('',*,*,#3098,.F.);
#1167=ORIENTED_EDGE('',*,*,#3099,.T.);
#1168=ORIENTED_EDGE('',*,*,#3096,.T.);
#1169=ORIENTED_EDGE('',*,*,#2740,.F.);
#1170=ORIENTED_EDGE('',*,*,#3100,.F.);
#1171=ORIENTED_EDGE('',*,*,#3101,.T.);
#1172=ORIENTED_EDGE('',*,*,#3098,.T.);
#1173=ORIENTED_EDGE('',*,*,#2739,.F.);
#1174=ORIENTED_EDGE('',*,*,#3102,.F.);
#1175=ORIENTED_EDGE('',*,*,#3103,.T.);
#1176=ORIENTED_EDGE('',*,*,#3100,.T.);
#1177=ORIENTED_EDGE('',*,*,#2738,.F.);
#1178=ORIENTED_EDGE('',*,*,#3104,.F.);
#1179=ORIENTED_EDGE('',*,*,#3105,.T.);
#1180=ORIENTED_EDGE('',*,*,#3102,.T.);
#1181=ORIENTED_EDGE('',*,*,#2737,.F.);
#1182=ORIENTED_EDGE('',*,*,#3106,.F.);
#1183=ORIENTED_EDGE('',*,*,#3107,.T.);
#1184=ORIENTED_EDGE('',*,*,#3104,.T.);
#1185=ORIENTED_EDGE('',*,*,#2736,.F.);
#1186=ORIENTED_EDGE('',*,*,#3108,.F.);
#1187=ORIENTED_EDGE('',*,*,#3109,.T.);
#1188=ORIENTED_EDGE('',*,*,#3106,.T.);
#1189=ORIENTED_EDGE('',*,*,#2735,.F.);
#1190=ORIENTED_EDGE('',*,*,#3110,.F.);
#1191=ORIENTED_EDGE('',*,*,#3111,.T.);
#1192=ORIENTED_EDGE('',*,*,#3108,.T.);
#1193=ORIENTED_EDGE('',*,*,#2734,.F.);
#1194=ORIENTED_EDGE('',*,*,#3112,.F.);
#1195=ORIENTED_EDGE('',*,*,#3113,.T.);
#1196=ORIENTED_EDGE('',*,*,#3110,.T.);
#1197=ORIENTED_EDGE('',*,*,#2733,.F.);
#1198=ORIENTED_EDGE('',*,*,#3114,.F.);
#1199=ORIENTED_EDGE('',*,*,#3115,.T.);
#1200=ORIENTED_EDGE('',*,*,#3112,.T.);
#1201=ORIENTED_EDGE('',*,*,#2732,.F.);
#1202=ORIENTED_EDGE('',*,*,#3116,.F.);
#1203=ORIENTED_EDGE('',*,*,#3117,.T.);
#1204=ORIENTED_EDGE('',*,*,#3114,.T.);
#1205=ORIENTED_EDGE('',*,*,#2731,.F.);
#1206=ORIENTED_EDGE('',*,*,#3118,.F.);
#1207=ORIENTED_EDGE('',*,*,#3119,.T.);
#1208=ORIENTED_EDGE('',*,*,#3116,.T.);
#1209=ORIENTED_EDGE('',*,*,#2730,.F.);
#1210=ORIENTED_EDGE('',*,*,#3120,.F.);
#1211=ORIENTED_EDGE('',*,*,#3121,.T.);
#1212=ORIENTED_EDGE('',*,*,#3118,.T.);
#1213=ORIENTED_EDGE('',*,*,#2729,.F.);
#1214=ORIENTED_EDGE('',*,*,#3122,.F.);
#1215=ORIENTED_EDGE('',*,*,#3123,.T.);
#1216=ORIENTED_EDGE('',*,*,#3120,.T.);
#1217=ORIENTED_EDGE('',*,*,#2728,.F.);
#1218=ORIENTED_EDGE('',*,*,#3124,.F.);
#1219=ORIENTED_EDGE('',*,*,#3125,.T.);
#1220=ORIENTED_EDGE('',*,*,#3122,.T.);
#1221=ORIENTED_EDGE('',*,*,#2727,.F.);
#1222=ORIENTED_EDGE('',*,*,#3126,.F.);
#1223=ORIENTED_EDGE('',*,*,#3127,.T.);
#1224=ORIENTED_EDGE('',*,*,#3124,.T.);
#1225=ORIENTED_EDGE('',*,*,#2726,.F.);
#1226=ORIENTED_EDGE('',*,*,#3128,.F.);
#1227=ORIENTED_EDGE('',*,*,#3129,.T.);
#1228=ORIENTED_EDGE('',*,*,#3126,.T.);
#1229=ORIENTED_EDGE('',*,*,#2725,.F.);
#1230=ORIENTED_EDGE('',*,*,#3130,.F.);
#1231=ORIENTED_EDGE('',*,*,#3131,.T.);
#1232=ORIENTED_EDGE('',*,*,#3128,.T.);
#1233=ORIENTED_EDGE('',*,*,#2724,.F.);
#1234=ORIENTED_EDGE('',*,*,#3132,.F.);
#1235=ORIENTED_EDGE('',*,*,#3133,.T.);
#1236=ORIENTED_EDGE('',*,*,#3130,.T.);
#1237=ORIENTED_EDGE('',*,*,#2723,.F.);
#1238=ORIENTED_EDGE('',*,*,#3134,.F.);
#1239=ORIENTED_EDGE('',*,*,#3135,.T.);
#1240=ORIENTED_EDGE('',*,*,#3132,.T.);
#1241=ORIENTED_EDGE('',*,*,#2722,.F.);
#1242=ORIENTED_EDGE('',*,*,#3136,.F.);
#1243=ORIENTED_EDGE('',*,*,#3137,.T.);
#1244=ORIENTED_EDGE('',*,*,#3134,.T.);
#1245=ORIENTED_EDGE('',*,*,#2721,.F.);
#1246=ORIENTED_EDGE('',*,*,#3138,.F.);
#1247=ORIENTED_EDGE('',*,*,#3139,.T.);
#1248=ORIENTED_EDGE('',*,*,#3136,.T.);
#1249=ORIENTED_EDGE('',*,*,#2720,.F.);
#1250=ORIENTED_EDGE('',*,*,#3140,.F.);
#1251=ORIENTED_EDGE('',*,*,#3141,.T.);
#1252=ORIENTED_EDGE('',*,*,#3138,.T.);
#1253=ORIENTED_EDGE('',*,*,#2719,.F.);
#1254=ORIENTED_EDGE('',*,*,#3142,.F.);
#1255=ORIENTED_EDGE('',*,*,#3143,.T.);
#1256=ORIENTED_EDGE('',*,*,#3140,.T.);
#1257=ORIENTED_EDGE('',*,*,#2718,.F.);
#1258=ORIENTED_EDGE('',*,*,#3144,.F.);
#1259=ORIENTED_EDGE('',*,*,#3145,.T.);
#1260=ORIENTED_EDGE('',*,*,#3142,.T.);
#1261=ORIENTED_EDGE('',*,*,#2717,.F.);
#1262=ORIENTED_EDGE('',*,*,#3146,.F.);
#1263=ORIENTED_EDGE('',*,*,#3147,.T.);
#1264=ORIENTED_EDGE('',*,*,#3144,.T.);
#1265=ORIENTED_EDGE('',*,*,#2716,.F.);
#1266=ORIENTED_EDGE('',*,*,#3148,.F.);
#1267=ORIENTED_EDGE('',*,*,#3149,.T.);
#1268=ORIENTED_EDGE('',*,*,#3146,.T.);
#1269=ORIENTED_EDGE('',*,*,#2715,.F.);
#1270=ORIENTED_EDGE('',*,*,#3150,.F.);
#1271=ORIENTED_EDGE('',*,*,#3151,.T.);
#1272=ORIENTED_EDGE('',*,*,#3148,.T.);
#1273=ORIENTED_EDGE('',*,*,#2714,.F.);
#1274=ORIENTED_EDGE('',*,*,#3085,.F.);
#1275=ORIENTED_EDGE('',*,*,#3152,.T.);
#1276=ORIENTED_EDGE('',*,*,#3150,.T.);
#1277=ORIENTED_EDGE('',*,*,#3084,.F.);
#1278=ORIENTED_EDGE('',*,*,#3087,.F.);
#1279=ORIENTED_EDGE('',*,*,#3089,.F.);
#1280=ORIENTED_EDGE('',*,*,#3091,.F.);
#1281=ORIENTED_EDGE('',*,*,#3093,.F.);
#1282=ORIENTED_EDGE('',*,*,#3095,.F.);
#1283=ORIENTED_EDGE('',*,*,#3097,.F.);
#1284=ORIENTED_EDGE('',*,*,#3099,.F.);
#1285=ORIENTED_EDGE('',*,*,#3101,.F.);
#1286=ORIENTED_EDGE('',*,*,#3103,.F.);
#1287=ORIENTED_EDGE('',*,*,#3105,.F.);
#1288=ORIENTED_EDGE('',*,*,#3107,.F.);
#1289=ORIENTED_EDGE('',*,*,#3109,.F.);
#1290=ORIENTED_EDGE('',*,*,#3111,.F.);
#1291=ORIENTED_EDGE('',*,*,#3113,.F.);
#1292=ORIENTED_EDGE('',*,*,#3115,.F.);
#1293=ORIENTED_EDGE('',*,*,#3117,.F.);
#1294=ORIENTED_EDGE('',*,*,#3119,.F.);
#1295=ORIENTED_EDGE('',*,*,#3121,.F.);
#1296=ORIENTED_EDGE('',*,*,#3123,.F.);
#1297=ORIENTED_EDGE('',*,*,#3125,.F.);
#1298=ORIENTED_EDGE('',*,*,#3127,.F.);
#1299=ORIENTED_EDGE('',*,*,#3129,.F.);
#1300=ORIENTED_EDGE('',*,*,#3131,.F.);
#1301=ORIENTED_EDGE('',*,*,#3133,.F.);
#1302=ORIENTED_EDGE('',*,*,#3135,.F.);
#1303=ORIENTED_EDGE('',*,*,#3137,.F.);
#1304=ORIENTED_EDGE('',*,*,#3139,.F.);
#1305=ORIENTED_EDGE('',*,*,#3141,.F.);
#1306=ORIENTED_EDGE('',*,*,#3143,.F.);
#1307=ORIENTED_EDGE('',*,*,#3145,.F.);
#1308=ORIENTED_EDGE('',*,*,#3147,.F.);
#1309=ORIENTED_EDGE('',*,*,#3149,.F.);
#1310=ORIENTED_EDGE('',*,*,#3151,.F.);
#1311=ORIENTED_EDGE('',*,*,#3152,.F.);
#1312=ORIENTED_EDGE('',*,*,#2748,.F.);
#1313=ORIENTED_EDGE('',*,*,#3153,.F.);
#1314=ORIENTED_EDGE('',*,*,#3154,.T.);
#1315=ORIENTED_EDGE('',*,*,#3155,.T.);
#1316=ORIENTED_EDGE('',*,*,#2747,.F.);
#1317=ORIENTED_EDGE('',*,*,#3156,.F.);
#1318=ORIENTED_EDGE('',*,*,#3157,.T.);
#1319=ORIENTED_EDGE('',*,*,#3153,.T.);
#1320=ORIENTED_EDGE('',*,*,#2765,.F.);
#1321=ORIENTED_EDGE('',*,*,#3158,.F.);
#1322=ORIENTED_EDGE('',*,*,#3159,.T.);
#1323=ORIENTED_EDGE('',*,*,#3156,.T.);
#1324=ORIENTED_EDGE('',*,*,#2764,.F.);
#1325=ORIENTED_EDGE('',*,*,#3160,.F.);
#1326=ORIENTED_EDGE('',*,*,#3161,.T.);
#1327=ORIENTED_EDGE('',*,*,#3158,.T.);
#1328=ORIENTED_EDGE('',*,*,#2763,.F.);
#1329=ORIENTED_EDGE('',*,*,#3162,.F.);
#1330=ORIENTED_EDGE('',*,*,#3163,.T.);
#1331=ORIENTED_EDGE('',*,*,#3160,.T.);
#1332=ORIENTED_EDGE('',*,*,#2762,.F.);
#1333=ORIENTED_EDGE('',*,*,#3164,.F.);
#1334=ORIENTED_EDGE('',*,*,#3165,.T.);
#1335=ORIENTED_EDGE('',*,*,#3162,.T.);
#1336=ORIENTED_EDGE('',*,*,#2761,.F.);
#1337=ORIENTED_EDGE('',*,*,#3166,.F.);
#1338=ORIENTED_EDGE('',*,*,#3167,.T.);
#1339=ORIENTED_EDGE('',*,*,#3164,.T.);
#1340=ORIENTED_EDGE('',*,*,#2760,.F.);
#1341=ORIENTED_EDGE('',*,*,#3168,.F.);
#1342=ORIENTED_EDGE('',*,*,#3169,.T.);
#1343=ORIENTED_EDGE('',*,*,#3166,.T.);
#1344=ORIENTED_EDGE('',*,*,#2759,.F.);
#1345=ORIENTED_EDGE('',*,*,#3170,.F.);
#1346=ORIENTED_EDGE('',*,*,#3171,.T.);
#1347=ORIENTED_EDGE('',*,*,#3168,.T.);
#1348=ORIENTED_EDGE('',*,*,#2758,.F.);
#1349=ORIENTED_EDGE('',*,*,#3172,.F.);
#1350=ORIENTED_EDGE('',*,*,#3173,.T.);
#1351=ORIENTED_EDGE('',*,*,#3170,.T.);
#1352=ORIENTED_EDGE('',*,*,#2757,.F.);
#1353=ORIENTED_EDGE('',*,*,#3174,.F.);
#1354=ORIENTED_EDGE('',*,*,#3175,.T.);
#1355=ORIENTED_EDGE('',*,*,#3172,.T.);
#1356=ORIENTED_EDGE('',*,*,#2756,.F.);
#1357=ORIENTED_EDGE('',*,*,#3176,.F.);
#1358=ORIENTED_EDGE('',*,*,#3177,.T.);
#1359=ORIENTED_EDGE('',*,*,#3174,.T.);
#1360=ORIENTED_EDGE('',*,*,#2755,.F.);
#1361=ORIENTED_EDGE('',*,*,#3178,.F.);
#1362=ORIENTED_EDGE('',*,*,#3179,.T.);
#1363=ORIENTED_EDGE('',*,*,#3176,.T.);
#1364=ORIENTED_EDGE('',*,*,#2754,.F.);
#1365=ORIENTED_EDGE('',*,*,#3180,.F.);
#1366=ORIENTED_EDGE('',*,*,#3181,.T.);
#1367=ORIENTED_EDGE('',*,*,#3178,.T.);
#1368=ORIENTED_EDGE('',*,*,#2753,.F.);
#1369=ORIENTED_EDGE('',*,*,#3182,.F.);
#1370=ORIENTED_EDGE('',*,*,#3183,.T.);
#1371=ORIENTED_EDGE('',*,*,#3180,.T.);
#1372=ORIENTED_EDGE('',*,*,#2752,.F.);
#1373=ORIENTED_EDGE('',*,*,#3184,.F.);
#1374=ORIENTED_EDGE('',*,*,#3185,.T.);
#1375=ORIENTED_EDGE('',*,*,#3182,.T.);
#1376=ORIENTED_EDGE('',*,*,#2751,.F.);
#1377=ORIENTED_EDGE('',*,*,#3186,.F.);
#1378=ORIENTED_EDGE('',*,*,#3187,.T.);
#1379=ORIENTED_EDGE('',*,*,#3184,.T.);
#1380=ORIENTED_EDGE('',*,*,#2750,.F.);
#1381=ORIENTED_EDGE('',*,*,#3188,.F.);
#1382=ORIENTED_EDGE('',*,*,#3189,.T.);
#1383=ORIENTED_EDGE('',*,*,#3186,.T.);
#1384=ORIENTED_EDGE('',*,*,#2749,.F.);
#1385=ORIENTED_EDGE('',*,*,#3155,.F.);
#1386=ORIENTED_EDGE('',*,*,#3190,.T.);
#1387=ORIENTED_EDGE('',*,*,#3188,.T.);
#1388=ORIENTED_EDGE('',*,*,#3154,.F.);
#1389=ORIENTED_EDGE('',*,*,#3157,.F.);
#1390=ORIENTED_EDGE('',*,*,#3159,.F.);
#1391=ORIENTED_EDGE('',*,*,#3161,.F.);
#1392=ORIENTED_EDGE('',*,*,#3163,.F.);
#1393=ORIENTED_EDGE('',*,*,#3165,.F.);
#1394=ORIENTED_EDGE('',*,*,#3167,.F.);
#1395=ORIENTED_EDGE('',*,*,#3169,.F.);
#1396=ORIENTED_EDGE('',*,*,#3171,.F.);
#1397=ORIENTED_EDGE('',*,*,#3173,.F.);
#1398=ORIENTED_EDGE('',*,*,#3175,.F.);
#1399=ORIENTED_EDGE('',*,*,#3177,.F.);
#1400=ORIENTED_EDGE('',*,*,#3179,.F.);
#1401=ORIENTED_EDGE('',*,*,#3181,.F.);
#1402=ORIENTED_EDGE('',*,*,#3183,.F.);
#1403=ORIENTED_EDGE('',*,*,#3185,.F.);
#1404=ORIENTED_EDGE('',*,*,#3187,.F.);
#1405=ORIENTED_EDGE('',*,*,#3189,.F.);
#1406=ORIENTED_EDGE('',*,*,#3190,.F.);
#1407=ORIENTED_EDGE('',*,*,#2767,.F.);
#1408=ORIENTED_EDGE('',*,*,#3191,.F.);
#1409=ORIENTED_EDGE('',*,*,#3192,.T.);
#1410=ORIENTED_EDGE('',*,*,#3193,.T.);
#1411=ORIENTED_EDGE('',*,*,#2766,.F.);
#1412=ORIENTED_EDGE('',*,*,#3194,.F.);
#1413=ORIENTED_EDGE('',*,*,#3195,.T.);
#1414=ORIENTED_EDGE('',*,*,#3191,.T.);
#1415=ORIENTED_EDGE('',*,*,#2787,.F.);
#1416=ORIENTED_EDGE('',*,*,#3196,.F.);
#1417=ORIENTED_EDGE('',*,*,#3197,.T.);
#1418=ORIENTED_EDGE('',*,*,#3194,.T.);
#1419=ORIENTED_EDGE('',*,*,#2786,.F.);
#1420=ORIENTED_EDGE('',*,*,#3198,.F.);
#1421=ORIENTED_EDGE('',*,*,#3199,.T.);
#1422=ORIENTED_EDGE('',*,*,#3196,.T.);
#1423=ORIENTED_EDGE('',*,*,#2785,.F.);
#1424=ORIENTED_EDGE('',*,*,#3200,.F.);
#1425=ORIENTED_EDGE('',*,*,#3201,.T.);
#1426=ORIENTED_EDGE('',*,*,#3198,.T.);
#1427=ORIENTED_EDGE('',*,*,#2784,.F.);
#1428=ORIENTED_EDGE('',*,*,#3202,.F.);
#1429=ORIENTED_EDGE('',*,*,#3203,.T.);
#1430=ORIENTED_EDGE('',*,*,#3200,.T.);
#1431=ORIENTED_EDGE('',*,*,#2783,.F.);
#1432=ORIENTED_EDGE('',*,*,#3204,.F.);
#1433=ORIENTED_EDGE('',*,*,#3205,.T.);
#1434=ORIENTED_EDGE('',*,*,#3202,.T.);
#1435=ORIENTED_EDGE('',*,*,#2782,.F.);
#1436=ORIENTED_EDGE('',*,*,#3206,.F.);
#1437=ORIENTED_EDGE('',*,*,#3207,.T.);
#1438=ORIENTED_EDGE('',*,*,#3204,.T.);
#1439=ORIENTED_EDGE('',*,*,#2781,.F.);
#1440=ORIENTED_EDGE('',*,*,#3208,.F.);
#1441=ORIENTED_EDGE('',*,*,#3209,.T.);
#1442=ORIENTED_EDGE('',*,*,#3206,.T.);
#1443=ORIENTED_EDGE('',*,*,#2780,.F.);
#1444=ORIENTED_EDGE('',*,*,#3210,.F.);
#1445=ORIENTED_EDGE('',*,*,#3211,.T.);
#1446=ORIENTED_EDGE('',*,*,#3208,.T.);
#1447=ORIENTED_EDGE('',*,*,#2779,.F.);
#1448=ORIENTED_EDGE('',*,*,#3212,.F.);
#1449=ORIENTED_EDGE('',*,*,#3213,.T.);
#1450=ORIENTED_EDGE('',*,*,#3210,.T.);
#1451=ORIENTED_EDGE('',*,*,#2778,.F.);
#1452=ORIENTED_EDGE('',*,*,#3214,.F.);
#1453=ORIENTED_EDGE('',*,*,#3215,.T.);
#1454=ORIENTED_EDGE('',*,*,#3212,.T.);
#1455=ORIENTED_EDGE('',*,*,#2777,.F.);
#1456=ORIENTED_EDGE('',*,*,#3216,.F.);
#1457=ORIENTED_EDGE('',*,*,#3217,.T.);
#1458=ORIENTED_EDGE('',*,*,#3214,.T.);
#1459=ORIENTED_EDGE('',*,*,#2776,.F.);
#1460=ORIENTED_EDGE('',*,*,#3218,.F.);
#1461=ORIENTED_EDGE('',*,*,#3219,.T.);
#1462=ORIENTED_EDGE('',*,*,#3216,.T.);
#1463=ORIENTED_EDGE('',*,*,#2775,.F.);
#1464=ORIENTED_EDGE('',*,*,#3220,.F.);
#1465=ORIENTED_EDGE('',*,*,#3221,.T.);
#1466=ORIENTED_EDGE('',*,*,#3218,.T.);
#1467=ORIENTED_EDGE('',*,*,#2774,.F.);
#1468=ORIENTED_EDGE('',*,*,#3222,.F.);
#1469=ORIENTED_EDGE('',*,*,#3223,.T.);
#1470=ORIENTED_EDGE('',*,*,#3220,.T.);
#1471=ORIENTED_EDGE('',*,*,#2773,.F.);
#1472=ORIENTED_EDGE('',*,*,#3224,.F.);
#1473=ORIENTED_EDGE('',*,*,#3225,.T.);
#1474=ORIENTED_EDGE('',*,*,#3222,.T.);
#1475=ORIENTED_EDGE('',*,*,#2772,.F.);
#1476=ORIENTED_EDGE('',*,*,#3226,.F.);
#1477=ORIENTED_EDGE('',*,*,#3227,.T.);
#1478=ORIENTED_EDGE('',*,*,#3224,.T.);
#1479=ORIENTED_EDGE('',*,*,#2771,.F.);
#1480=ORIENTED_EDGE('',*,*,#3228,.F.);
#1481=ORIENTED_EDGE('',*,*,#3229,.T.);
#1482=ORIENTED_EDGE('',*,*,#3226,.T.);
#1483=ORIENTED_EDGE('',*,*,#2770,.F.);
#1484=ORIENTED_EDGE('',*,*,#3230,.F.);
#1485=ORIENTED_EDGE('',*,*,#3231,.T.);
#1486=ORIENTED_EDGE('',*,*,#3228,.T.);
#1487=ORIENTED_EDGE('',*,*,#2769,.F.);
#1488=ORIENTED_EDGE('',*,*,#3232,.F.);
#1489=ORIENTED_EDGE('',*,*,#3233,.T.);
#1490=ORIENTED_EDGE('',*,*,#3230,.T.);
#1491=ORIENTED_EDGE('',*,*,#2768,.F.);
#1492=ORIENTED_EDGE('',*,*,#3193,.F.);
#1493=ORIENTED_EDGE('',*,*,#3234,.T.);
#1494=ORIENTED_EDGE('',*,*,#3232,.T.);
#1495=ORIENTED_EDGE('',*,*,#3192,.F.);
#1496=ORIENTED_EDGE('',*,*,#3195,.F.);
#1497=ORIENTED_EDGE('',*,*,#3197,.F.);
#1498=ORIENTED_EDGE('',*,*,#3199,.F.);
#1499=ORIENTED_EDGE('',*,*,#3201,.F.);
#1500=ORIENTED_EDGE('',*,*,#3203,.F.);
#1501=ORIENTED_EDGE('',*,*,#3205,.F.);
#1502=ORIENTED_EDGE('',*,*,#3207,.F.);
#1503=ORIENTED_EDGE('',*,*,#3209,.F.);
#1504=ORIENTED_EDGE('',*,*,#3211,.F.);
#1505=ORIENTED_EDGE('',*,*,#3213,.F.);
#1506=ORIENTED_EDGE('',*,*,#3215,.F.);
#1507=ORIENTED_EDGE('',*,*,#3217,.F.);
#1508=ORIENTED_EDGE('',*,*,#3219,.F.);
#1509=ORIENTED_EDGE('',*,*,#3221,.F.);
#1510=ORIENTED_EDGE('',*,*,#3223,.F.);
#1511=ORIENTED_EDGE('',*,*,#3225,.F.);
#1512=ORIENTED_EDGE('',*,*,#3227,.F.);
#1513=ORIENTED_EDGE('',*,*,#3229,.F.);
#1514=ORIENTED_EDGE('',*,*,#3231,.F.);
#1515=ORIENTED_EDGE('',*,*,#3233,.F.);
#1516=ORIENTED_EDGE('',*,*,#3234,.F.);
#1517=ORIENTED_EDGE('',*,*,#2789,.F.);
#1518=ORIENTED_EDGE('',*,*,#3235,.F.);
#1519=ORIENTED_EDGE('',*,*,#3236,.T.);
#1520=ORIENTED_EDGE('',*,*,#3237,.T.);
#1521=ORIENTED_EDGE('',*,*,#2788,.F.);
#1522=ORIENTED_EDGE('',*,*,#3238,.F.);
#1523=ORIENTED_EDGE('',*,*,#3239,.T.);
#1524=ORIENTED_EDGE('',*,*,#3235,.T.);
#1525=ORIENTED_EDGE('',*,*,#2791,.F.);
#1526=ORIENTED_EDGE('',*,*,#3240,.F.);
#1527=ORIENTED_EDGE('',*,*,#3241,.T.);
#1528=ORIENTED_EDGE('',*,*,#3238,.T.);
#1529=ORIENTED_EDGE('',*,*,#2790,.F.);
#1530=ORIENTED_EDGE('',*,*,#3237,.F.);
#1531=ORIENTED_EDGE('',*,*,#3242,.T.);
#1532=ORIENTED_EDGE('',*,*,#3240,.T.);
#1533=ORIENTED_EDGE('',*,*,#3236,.F.);
#1534=ORIENTED_EDGE('',*,*,#3239,.F.);
#1535=ORIENTED_EDGE('',*,*,#3241,.F.);
#1536=ORIENTED_EDGE('',*,*,#3242,.F.);
#1537=ORIENTED_EDGE('',*,*,#2793,.F.);
#1538=ORIENTED_EDGE('',*,*,#3243,.F.);
#1539=ORIENTED_EDGE('',*,*,#3244,.T.);
#1540=ORIENTED_EDGE('',*,*,#3245,.T.);
#1541=ORIENTED_EDGE('',*,*,#2792,.F.);
#1542=ORIENTED_EDGE('',*,*,#3246,.F.);
#1543=ORIENTED_EDGE('',*,*,#3247,.T.);
#1544=ORIENTED_EDGE('',*,*,#3243,.T.);
#1545=ORIENTED_EDGE('',*,*,#2796,.F.);
#1546=ORIENTED_EDGE('',*,*,#3248,.F.);
#1547=ORIENTED_EDGE('',*,*,#3249,.T.);
#1548=ORIENTED_EDGE('',*,*,#3246,.T.);
#1549=ORIENTED_EDGE('',*,*,#2795,.F.);
#1550=ORIENTED_EDGE('',*,*,#3250,.F.);
#1551=ORIENTED_EDGE('',*,*,#3251,.T.);
#1552=ORIENTED_EDGE('',*,*,#3248,.T.);
#1553=ORIENTED_EDGE('',*,*,#2794,.F.);
#1554=ORIENTED_EDGE('',*,*,#3245,.F.);
#1555=ORIENTED_EDGE('',*,*,#3252,.T.);
#1556=ORIENTED_EDGE('',*,*,#3250,.T.);
#1557=ORIENTED_EDGE('',*,*,#3244,.F.);
#1558=ORIENTED_EDGE('',*,*,#3247,.F.);
#1559=ORIENTED_EDGE('',*,*,#3249,.F.);
#1560=ORIENTED_EDGE('',*,*,#3251,.F.);
#1561=ORIENTED_EDGE('',*,*,#3252,.F.);
#1562=ORIENTED_EDGE('',*,*,#2798,.F.);
#1563=ORIENTED_EDGE('',*,*,#3253,.F.);
#1564=ORIENTED_EDGE('',*,*,#3254,.T.);
#1565=ORIENTED_EDGE('',*,*,#3255,.T.);
#1566=ORIENTED_EDGE('',*,*,#2797,.F.);
#1567=ORIENTED_EDGE('',*,*,#3256,.F.);
#1568=ORIENTED_EDGE('',*,*,#3257,.T.);
#1569=ORIENTED_EDGE('',*,*,#3253,.T.);
#1570=ORIENTED_EDGE('',*,*,#2820,.F.);
#1571=ORIENTED_EDGE('',*,*,#3258,.F.);
#1572=ORIENTED_EDGE('',*,*,#3259,.T.);
#1573=ORIENTED_EDGE('',*,*,#3256,.T.);
#1574=ORIENTED_EDGE('',*,*,#2819,.F.);
#1575=ORIENTED_EDGE('',*,*,#3260,.F.);
#1576=ORIENTED_EDGE('',*,*,#3261,.T.);
#1577=ORIENTED_EDGE('',*,*,#3258,.T.);
#1578=ORIENTED_EDGE('',*,*,#2818,.F.);
#1579=ORIENTED_EDGE('',*,*,#3262,.F.);
#1580=ORIENTED_EDGE('',*,*,#3263,.T.);
#1581=ORIENTED_EDGE('',*,*,#3260,.T.);
#1582=ORIENTED_EDGE('',*,*,#2817,.F.);
#1583=ORIENTED_EDGE('',*,*,#3264,.F.);
#1584=ORIENTED_EDGE('',*,*,#3265,.T.);
#1585=ORIENTED_EDGE('',*,*,#3262,.T.);
#1586=ORIENTED_EDGE('',*,*,#2816,.F.);
#1587=ORIENTED_EDGE('',*,*,#3266,.F.);
#1588=ORIENTED_EDGE('',*,*,#3267,.T.);
#1589=ORIENTED_EDGE('',*,*,#3264,.T.);
#1590=ORIENTED_EDGE('',*,*,#2815,.F.);
#1591=ORIENTED_EDGE('',*,*,#3268,.F.);
#1592=ORIENTED_EDGE('',*,*,#3269,.T.);
#1593=ORIENTED_EDGE('',*,*,#3266,.T.);
#1594=ORIENTED_EDGE('',*,*,#2814,.F.);
#1595=ORIENTED_EDGE('',*,*,#3270,.F.);
#1596=ORIENTED_EDGE('',*,*,#3271,.T.);
#1597=ORIENTED_EDGE('',*,*,#3268,.T.);
#1598=ORIENTED_EDGE('',*,*,#2813,.F.);
#1599=ORIENTED_EDGE('',*,*,#3272,.F.);
#1600=ORIENTED_EDGE('',*,*,#3273,.T.);
#1601=ORIENTED_EDGE('',*,*,#3270,.T.);
#1602=ORIENTED_EDGE('',*,*,#2812,.F.);
#1603=ORIENTED_EDGE('',*,*,#3274,.F.);
#1604=ORIENTED_EDGE('',*,*,#3275,.T.);
#1605=ORIENTED_EDGE('',*,*,#3272,.T.);
#1606=ORIENTED_EDGE('',*,*,#2811,.F.);
#1607=ORIENTED_EDGE('',*,*,#3276,.F.);
#1608=ORIENTED_EDGE('',*,*,#3277,.T.);
#1609=ORIENTED_EDGE('',*,*,#3274,.T.);
#1610=ORIENTED_EDGE('',*,*,#2810,.F.);
#1611=ORIENTED_EDGE('',*,*,#3278,.F.);
#1612=ORIENTED_EDGE('',*,*,#3279,.T.);
#1613=ORIENTED_EDGE('',*,*,#3276,.T.);
#1614=ORIENTED_EDGE('',*,*,#2809,.F.);
#1615=ORIENTED_EDGE('',*,*,#3280,.F.);
#1616=ORIENTED_EDGE('',*,*,#3281,.T.);
#1617=ORIENTED_EDGE('',*,*,#3278,.T.);
#1618=ORIENTED_EDGE('',*,*,#2808,.F.);
#1619=ORIENTED_EDGE('',*,*,#3282,.F.);
#1620=ORIENTED_EDGE('',*,*,#3283,.T.);
#1621=ORIENTED_EDGE('',*,*,#3280,.T.);
#1622=ORIENTED_EDGE('',*,*,#2807,.F.);
#1623=ORIENTED_EDGE('',*,*,#3284,.F.);
#1624=ORIENTED_EDGE('',*,*,#3285,.T.);
#1625=ORIENTED_EDGE('',*,*,#3282,.T.);
#1626=ORIENTED_EDGE('',*,*,#2806,.F.);
#1627=ORIENTED_EDGE('',*,*,#3286,.F.);
#1628=ORIENTED_EDGE('',*,*,#3287,.T.);
#1629=ORIENTED_EDGE('',*,*,#3284,.T.);
#1630=ORIENTED_EDGE('',*,*,#2805,.F.);
#1631=ORIENTED_EDGE('',*,*,#3288,.F.);
#1632=ORIENTED_EDGE('',*,*,#3289,.T.);
#1633=ORIENTED_EDGE('',*,*,#3286,.T.);
#1634=ORIENTED_EDGE('',*,*,#2804,.F.);
#1635=ORIENTED_EDGE('',*,*,#3290,.F.);
#1636=ORIENTED_EDGE('',*,*,#3291,.T.);
#1637=ORIENTED_EDGE('',*,*,#3288,.T.);
#1638=ORIENTED_EDGE('',*,*,#2803,.F.);
#1639=ORIENTED_EDGE('',*,*,#3292,.F.);
#1640=ORIENTED_EDGE('',*,*,#3293,.T.);
#1641=ORIENTED_EDGE('',*,*,#3290,.T.);
#1642=ORIENTED_EDGE('',*,*,#2802,.F.);
#1643=ORIENTED_EDGE('',*,*,#3294,.F.);
#1644=ORIENTED_EDGE('',*,*,#3295,.T.);
#1645=ORIENTED_EDGE('',*,*,#3292,.T.);
#1646=ORIENTED_EDGE('',*,*,#2801,.F.);
#1647=ORIENTED_EDGE('',*,*,#3296,.F.);
#1648=ORIENTED_EDGE('',*,*,#3297,.T.);
#1649=ORIENTED_EDGE('',*,*,#3294,.T.);
#1650=ORIENTED_EDGE('',*,*,#2800,.F.);
#1651=ORIENTED_EDGE('',*,*,#3298,.F.);
#1652=ORIENTED_EDGE('',*,*,#3299,.T.);
#1653=ORIENTED_EDGE('',*,*,#3296,.T.);
#1654=ORIENTED_EDGE('',*,*,#2799,.F.);
#1655=ORIENTED_EDGE('',*,*,#3255,.F.);
#1656=ORIENTED_EDGE('',*,*,#3300,.T.);
#1657=ORIENTED_EDGE('',*,*,#3298,.T.);
#1658=ORIENTED_EDGE('',*,*,#3254,.F.);
#1659=ORIENTED_EDGE('',*,*,#3257,.F.);
#1660=ORIENTED_EDGE('',*,*,#3259,.F.);
#1661=ORIENTED_EDGE('',*,*,#3261,.F.);
#1662=ORIENTED_EDGE('',*,*,#3263,.F.);
#1663=ORIENTED_EDGE('',*,*,#3265,.F.);
#1664=ORIENTED_EDGE('',*,*,#3267,.F.);
#1665=ORIENTED_EDGE('',*,*,#3269,.F.);
#1666=ORIENTED_EDGE('',*,*,#3271,.F.);
#1667=ORIENTED_EDGE('',*,*,#3273,.F.);
#1668=ORIENTED_EDGE('',*,*,#3275,.F.);
#1669=ORIENTED_EDGE('',*,*,#3277,.F.);
#1670=ORIENTED_EDGE('',*,*,#3279,.F.);
#1671=ORIENTED_EDGE('',*,*,#3281,.F.);
#1672=ORIENTED_EDGE('',*,*,#3283,.F.);
#1673=ORIENTED_EDGE('',*,*,#3285,.F.);
#1674=ORIENTED_EDGE('',*,*,#3287,.F.);
#1675=ORIENTED_EDGE('',*,*,#3289,.F.);
#1676=ORIENTED_EDGE('',*,*,#3291,.F.);
#1677=ORIENTED_EDGE('',*,*,#3293,.F.);
#1678=ORIENTED_EDGE('',*,*,#3295,.F.);
#1679=ORIENTED_EDGE('',*,*,#3297,.F.);
#1680=ORIENTED_EDGE('',*,*,#3299,.F.);
#1681=ORIENTED_EDGE('',*,*,#3300,.F.);
#1682=ORIENTED_EDGE('',*,*,#2822,.F.);
#1683=ORIENTED_EDGE('',*,*,#3301,.F.);
#1684=ORIENTED_EDGE('',*,*,#3302,.T.);
#1685=ORIENTED_EDGE('',*,*,#3303,.T.);
#1686=ORIENTED_EDGE('',*,*,#2821,.F.);
#1687=ORIENTED_EDGE('',*,*,#3304,.F.);
#1688=ORIENTED_EDGE('',*,*,#3305,.T.);
#1689=ORIENTED_EDGE('',*,*,#3301,.T.);
#1690=ORIENTED_EDGE('',*,*,#2832,.F.);
#1691=ORIENTED_EDGE('',*,*,#3306,.F.);
#1692=ORIENTED_EDGE('',*,*,#3307,.T.);
#1693=ORIENTED_EDGE('',*,*,#3304,.T.);
#1694=ORIENTED_EDGE('',*,*,#2831,.F.);
#1695=ORIENTED_EDGE('',*,*,#3308,.F.);
#1696=ORIENTED_EDGE('',*,*,#3309,.T.);
#1697=ORIENTED_EDGE('',*,*,#3306,.T.);
#1698=ORIENTED_EDGE('',*,*,#2830,.F.);
#1699=ORIENTED_EDGE('',*,*,#3310,.F.);
#1700=ORIENTED_EDGE('',*,*,#3311,.T.);
#1701=ORIENTED_EDGE('',*,*,#3308,.T.);
#1702=ORIENTED_EDGE('',*,*,#2829,.F.);
#1703=ORIENTED_EDGE('',*,*,#3312,.F.);
#1704=ORIENTED_EDGE('',*,*,#3313,.T.);
#1705=ORIENTED_EDGE('',*,*,#3310,.T.);
#1706=ORIENTED_EDGE('',*,*,#2828,.F.);
#1707=ORIENTED_EDGE('',*,*,#3314,.F.);
#1708=ORIENTED_EDGE('',*,*,#3315,.T.);
#1709=ORIENTED_EDGE('',*,*,#3312,.T.);
#1710=ORIENTED_EDGE('',*,*,#2827,.F.);
#1711=ORIENTED_EDGE('',*,*,#3316,.F.);
#1712=ORIENTED_EDGE('',*,*,#3317,.T.);
#1713=ORIENTED_EDGE('',*,*,#3314,.T.);
#1714=ORIENTED_EDGE('',*,*,#2826,.F.);
#1715=ORIENTED_EDGE('',*,*,#3318,.F.);
#1716=ORIENTED_EDGE('',*,*,#3319,.T.);
#1717=ORIENTED_EDGE('',*,*,#3316,.T.);
#1718=ORIENTED_EDGE('',*,*,#2825,.F.);
#1719=ORIENTED_EDGE('',*,*,#3320,.F.);
#1720=ORIENTED_EDGE('',*,*,#3321,.T.);
#1721=ORIENTED_EDGE('',*,*,#3318,.T.);
#1722=ORIENTED_EDGE('',*,*,#2824,.F.);
#1723=ORIENTED_EDGE('',*,*,#3322,.F.);
#1724=ORIENTED_EDGE('',*,*,#3323,.T.);
#1725=ORIENTED_EDGE('',*,*,#3320,.T.);
#1726=ORIENTED_EDGE('',*,*,#2823,.F.);
#1727=ORIENTED_EDGE('',*,*,#3303,.F.);
#1728=ORIENTED_EDGE('',*,*,#3324,.T.);
#1729=ORIENTED_EDGE('',*,*,#3322,.T.);
#1730=ORIENTED_EDGE('',*,*,#3302,.F.);
#1731=ORIENTED_EDGE('',*,*,#3305,.F.);
#1732=ORIENTED_EDGE('',*,*,#3307,.F.);
#1733=ORIENTED_EDGE('',*,*,#3309,.F.);
#1734=ORIENTED_EDGE('',*,*,#3311,.F.);
#1735=ORIENTED_EDGE('',*,*,#3313,.F.);
#1736=ORIENTED_EDGE('',*,*,#3315,.F.);
#1737=ORIENTED_EDGE('',*,*,#3317,.F.);
#1738=ORIENTED_EDGE('',*,*,#3319,.F.);
#1739=ORIENTED_EDGE('',*,*,#3321,.F.);
#1740=ORIENTED_EDGE('',*,*,#3323,.F.);
#1741=ORIENTED_EDGE('',*,*,#3324,.F.);
#1742=ORIENTED_EDGE('',*,*,#2834,.F.);
#1743=ORIENTED_EDGE('',*,*,#3325,.F.);
#1744=ORIENTED_EDGE('',*,*,#3326,.T.);
#1745=ORIENTED_EDGE('',*,*,#3327,.T.);
#1746=ORIENTED_EDGE('',*,*,#2833,.F.);
#1747=ORIENTED_EDGE('',*,*,#3328,.F.);
#1748=ORIENTED_EDGE('',*,*,#3329,.T.);
#1749=ORIENTED_EDGE('',*,*,#3325,.T.);
#1750=ORIENTED_EDGE('',*,*,#2851,.F.);
#1751=ORIENTED_EDGE('',*,*,#3330,.F.);
#1752=ORIENTED_EDGE('',*,*,#3331,.T.);
#1753=ORIENTED_EDGE('',*,*,#3328,.T.);
#1754=ORIENTED_EDGE('',*,*,#2850,.F.);
#1755=ORIENTED_EDGE('',*,*,#3332,.F.);
#1756=ORIENTED_EDGE('',*,*,#3333,.T.);
#1757=ORIENTED_EDGE('',*,*,#3330,.T.);
#1758=ORIENTED_EDGE('',*,*,#2849,.F.);
#1759=ORIENTED_EDGE('',*,*,#3334,.F.);
#1760=ORIENTED_EDGE('',*,*,#3335,.T.);
#1761=ORIENTED_EDGE('',*,*,#3332,.T.);
#1762=ORIENTED_EDGE('',*,*,#2848,.F.);
#1763=ORIENTED_EDGE('',*,*,#3336,.F.);
#1764=ORIENTED_EDGE('',*,*,#3337,.T.);
#1765=ORIENTED_EDGE('',*,*,#3334,.T.);
#1766=ORIENTED_EDGE('',*,*,#2847,.F.);
#1767=ORIENTED_EDGE('',*,*,#3338,.F.);
#1768=ORIENTED_EDGE('',*,*,#3339,.T.);
#1769=ORIENTED_EDGE('',*,*,#3336,.T.);
#1770=ORIENTED_EDGE('',*,*,#2846,.F.);
#1771=ORIENTED_EDGE('',*,*,#3340,.F.);
#1772=ORIENTED_EDGE('',*,*,#3341,.T.);
#1773=ORIENTED_EDGE('',*,*,#3338,.T.);
#1774=ORIENTED_EDGE('',*,*,#2845,.F.);
#1775=ORIENTED_EDGE('',*,*,#3342,.F.);
#1776=ORIENTED_EDGE('',*,*,#3343,.T.);
#1777=ORIENTED_EDGE('',*,*,#3340,.T.);
#1778=ORIENTED_EDGE('',*,*,#2844,.F.);
#1779=ORIENTED_EDGE('',*,*,#3344,.F.);
#1780=ORIENTED_EDGE('',*,*,#3345,.T.);
#1781=ORIENTED_EDGE('',*,*,#3342,.T.);
#1782=ORIENTED_EDGE('',*,*,#2843,.F.);
#1783=ORIENTED_EDGE('',*,*,#3346,.F.);
#1784=ORIENTED_EDGE('',*,*,#3347,.T.);
#1785=ORIENTED_EDGE('',*,*,#3344,.T.);
#1786=ORIENTED_EDGE('',*,*,#2842,.F.);
#1787=ORIENTED_EDGE('',*,*,#3348,.F.);
#1788=ORIENTED_EDGE('',*,*,#3349,.T.);
#1789=ORIENTED_EDGE('',*,*,#3346,.T.);
#1790=ORIENTED_EDGE('',*,*,#2841,.F.);
#1791=ORIENTED_EDGE('',*,*,#3350,.F.);
#1792=ORIENTED_EDGE('',*,*,#3351,.T.);
#1793=ORIENTED_EDGE('',*,*,#3348,.T.);
#1794=ORIENTED_EDGE('',*,*,#2840,.F.);
#1795=ORIENTED_EDGE('',*,*,#3352,.F.);
#1796=ORIENTED_EDGE('',*,*,#3353,.T.);
#1797=ORIENTED_EDGE('',*,*,#3350,.T.);
#1798=ORIENTED_EDGE('',*,*,#2839,.F.);
#1799=ORIENTED_EDGE('',*,*,#3354,.F.);
#1800=ORIENTED_EDGE('',*,*,#3355,.T.);
#1801=ORIENTED_EDGE('',*,*,#3352,.T.);
#1802=ORIENTED_EDGE('',*,*,#2838,.F.);
#1803=ORIENTED_EDGE('',*,*,#3356,.F.);
#1804=ORIENTED_EDGE('',*,*,#3357,.T.);
#1805=ORIENTED_EDGE('',*,*,#3354,.T.);
#1806=ORIENTED_EDGE('',*,*,#2837,.F.);
#1807=ORIENTED_EDGE('',*,*,#3358,.F.);
#1808=ORIENTED_EDGE('',*,*,#3359,.T.);
#1809=ORIENTED_EDGE('',*,*,#3356,.T.);
#1810=ORIENTED_EDGE('',*,*,#2836,.F.);
#1811=ORIENTED_EDGE('',*,*,#3360,.F.);
#1812=ORIENTED_EDGE('',*,*,#3361,.T.);
#1813=ORIENTED_EDGE('',*,*,#3358,.T.);
#1814=ORIENTED_EDGE('',*,*,#2835,.F.);
#1815=ORIENTED_EDGE('',*,*,#3327,.F.);
#1816=ORIENTED_EDGE('',*,*,#3362,.T.);
#1817=ORIENTED_EDGE('',*,*,#3360,.T.);
#1818=ORIENTED_EDGE('',*,*,#3326,.F.);
#1819=ORIENTED_EDGE('',*,*,#3329,.F.);
#1820=ORIENTED_EDGE('',*,*,#3331,.F.);
#1821=ORIENTED_EDGE('',*,*,#3333,.F.);
#1822=ORIENTED_EDGE('',*,*,#3335,.F.);
#1823=ORIENTED_EDGE('',*,*,#3337,.F.);
#1824=ORIENTED_EDGE('',*,*,#3339,.F.);
#1825=ORIENTED_EDGE('',*,*,#3341,.F.);
#1826=ORIENTED_EDGE('',*,*,#3343,.F.);
#1827=ORIENTED_EDGE('',*,*,#3345,.F.);
#1828=ORIENTED_EDGE('',*,*,#3347,.F.);
#1829=ORIENTED_EDGE('',*,*,#3349,.F.);
#1830=ORIENTED_EDGE('',*,*,#3351,.F.);
#1831=ORIENTED_EDGE('',*,*,#3353,.F.);
#1832=ORIENTED_EDGE('',*,*,#3355,.F.);
#1833=ORIENTED_EDGE('',*,*,#3357,.F.);
#1834=ORIENTED_EDGE('',*,*,#3359,.F.);
#1835=ORIENTED_EDGE('',*,*,#3361,.F.);
#1836=ORIENTED_EDGE('',*,*,#3362,.F.);
#1837=ORIENTED_EDGE('',*,*,#2853,.F.);
#1838=ORIENTED_EDGE('',*,*,#3363,.F.);
#1839=ORIENTED_EDGE('',*,*,#3364,.T.);
#1840=ORIENTED_EDGE('',*,*,#3365,.T.);
#1841=ORIENTED_EDGE('',*,*,#2852,.F.);
#1842=ORIENTED_EDGE('',*,*,#3366,.F.);
#1843=ORIENTED_EDGE('',*,*,#3367,.T.);
#1844=ORIENTED_EDGE('',*,*,#3363,.T.);
#1845=ORIENTED_EDGE('',*,*,#2858,.F.);
#1846=ORIENTED_EDGE('',*,*,#3368,.F.);
#1847=ORIENTED_EDGE('',*,*,#3369,.T.);
#1848=ORIENTED_EDGE('',*,*,#3366,.T.);
#1849=ORIENTED_EDGE('',*,*,#2857,.F.);
#1850=ORIENTED_EDGE('',*,*,#3370,.F.);
#1851=ORIENTED_EDGE('',*,*,#3371,.T.);
#1852=ORIENTED_EDGE('',*,*,#3368,.T.);
#1853=ORIENTED_EDGE('',*,*,#2856,.F.);
#1854=ORIENTED_EDGE('',*,*,#3372,.F.);
#1855=ORIENTED_EDGE('',*,*,#3373,.T.);
#1856=ORIENTED_EDGE('',*,*,#3370,.T.);
#1857=ORIENTED_EDGE('',*,*,#2855,.F.);
#1858=ORIENTED_EDGE('',*,*,#3374,.F.);
#1859=ORIENTED_EDGE('',*,*,#3375,.T.);
#1860=ORIENTED_EDGE('',*,*,#3372,.T.);
#1861=ORIENTED_EDGE('',*,*,#2854,.F.);
#1862=ORIENTED_EDGE('',*,*,#3365,.F.);
#1863=ORIENTED_EDGE('',*,*,#3376,.T.);
#1864=ORIENTED_EDGE('',*,*,#3374,.T.);
#1865=ORIENTED_EDGE('',*,*,#3364,.F.);
#1866=ORIENTED_EDGE('',*,*,#3367,.F.);
#1867=ORIENTED_EDGE('',*,*,#3369,.F.);
#1868=ORIENTED_EDGE('',*,*,#3371,.F.);
#1869=ORIENTED_EDGE('',*,*,#3373,.F.);
#1870=ORIENTED_EDGE('',*,*,#3375,.F.);
#1871=ORIENTED_EDGE('',*,*,#3376,.F.);
#1872=ORIENTED_EDGE('',*,*,#2860,.F.);
#1873=ORIENTED_EDGE('',*,*,#3377,.F.);
#1874=ORIENTED_EDGE('',*,*,#3378,.T.);
#1875=ORIENTED_EDGE('',*,*,#3379,.T.);
#1876=ORIENTED_EDGE('',*,*,#2859,.F.);
#1877=ORIENTED_EDGE('',*,*,#3380,.F.);
#1878=ORIENTED_EDGE('',*,*,#3381,.T.);
#1879=ORIENTED_EDGE('',*,*,#3377,.T.);
#1880=ORIENTED_EDGE('',*,*,#2863,.F.);
#1881=ORIENTED_EDGE('',*,*,#3382,.F.);
#1882=ORIENTED_EDGE('',*,*,#3383,.T.);
#1883=ORIENTED_EDGE('',*,*,#3380,.T.);
#1884=ORIENTED_EDGE('',*,*,#2862,.F.);
#1885=ORIENTED_EDGE('',*,*,#3384,.F.);
#1886=ORIENTED_EDGE('',*,*,#3385,.T.);
#1887=ORIENTED_EDGE('',*,*,#3382,.T.);
#1888=ORIENTED_EDGE('',*,*,#2861,.F.);
#1889=ORIENTED_EDGE('',*,*,#3379,.F.);
#1890=ORIENTED_EDGE('',*,*,#3386,.T.);
#1891=ORIENTED_EDGE('',*,*,#3384,.T.);
#1892=ORIENTED_EDGE('',*,*,#3378,.F.);
#1893=ORIENTED_EDGE('',*,*,#3381,.F.);
#1894=ORIENTED_EDGE('',*,*,#3383,.F.);
#1895=ORIENTED_EDGE('',*,*,#3385,.F.);
#1896=ORIENTED_EDGE('',*,*,#3386,.F.);
#1897=ORIENTED_EDGE('',*,*,#2865,.F.);
#1898=ORIENTED_EDGE('',*,*,#3387,.F.);
#1899=ORIENTED_EDGE('',*,*,#3388,.T.);
#1900=ORIENTED_EDGE('',*,*,#3389,.T.);
#1901=ORIENTED_EDGE('',*,*,#2864,.F.);
#1902=ORIENTED_EDGE('',*,*,#3390,.F.);
#1903=ORIENTED_EDGE('',*,*,#3391,.T.);
#1904=ORIENTED_EDGE('',*,*,#3387,.T.);
#1905=ORIENTED_EDGE('',*,*,#2898,.F.);
#1906=ORIENTED_EDGE('',*,*,#3392,.F.);
#1907=ORIENTED_EDGE('',*,*,#3393,.T.);
#1908=ORIENTED_EDGE('',*,*,#3390,.T.);
#1909=ORIENTED_EDGE('',*,*,#2897,.F.);
#1910=ORIENTED_EDGE('',*,*,#3394,.F.);
#1911=ORIENTED_EDGE('',*,*,#3395,.T.);
#1912=ORIENTED_EDGE('',*,*,#3392,.T.);
#1913=ORIENTED_EDGE('',*,*,#2896,.F.);
#1914=ORIENTED_EDGE('',*,*,#3396,.F.);
#1915=ORIENTED_EDGE('',*,*,#3397,.T.);
#1916=ORIENTED_EDGE('',*,*,#3394,.T.);
#1917=ORIENTED_EDGE('',*,*,#2895,.F.);
#1918=ORIENTED_EDGE('',*,*,#3398,.F.);
#1919=ORIENTED_EDGE('',*,*,#3399,.T.);
#1920=ORIENTED_EDGE('',*,*,#3396,.T.);
#1921=ORIENTED_EDGE('',*,*,#2894,.F.);
#1922=ORIENTED_EDGE('',*,*,#3400,.F.);
#1923=ORIENTED_EDGE('',*,*,#3401,.T.);
#1924=ORIENTED_EDGE('',*,*,#3398,.T.);
#1925=ORIENTED_EDGE('',*,*,#2893,.F.);
#1926=ORIENTED_EDGE('',*,*,#3402,.F.);
#1927=ORIENTED_EDGE('',*,*,#3403,.T.);
#1928=ORIENTED_EDGE('',*,*,#3400,.T.);
#1929=ORIENTED_EDGE('',*,*,#2892,.F.);
#1930=ORIENTED_EDGE('',*,*,#3404,.F.);
#1931=ORIENTED_EDGE('',*,*,#3405,.T.);
#1932=ORIENTED_EDGE('',*,*,#3402,.T.);
#1933=ORIENTED_EDGE('',*,*,#2891,.F.);
#1934=ORIENTED_EDGE('',*,*,#3406,.F.);
#1935=ORIENTED_EDGE('',*,*,#3407,.T.);
#1936=ORIENTED_EDGE('',*,*,#3404,.T.);
#1937=ORIENTED_EDGE('',*,*,#2890,.F.);
#1938=ORIENTED_EDGE('',*,*,#3408,.F.);
#1939=ORIENTED_EDGE('',*,*,#3409,.T.);
#1940=ORIENTED_EDGE('',*,*,#3406,.T.);
#1941=ORIENTED_EDGE('',*,*,#2889,.F.);
#1942=ORIENTED_EDGE('',*,*,#3410,.F.);
#1943=ORIENTED_EDGE('',*,*,#3411,.T.);
#1944=ORIENTED_EDGE('',*,*,#3408,.T.);
#1945=ORIENTED_EDGE('',*,*,#2888,.F.);
#1946=ORIENTED_EDGE('',*,*,#3412,.F.);
#1947=ORIENTED_EDGE('',*,*,#3413,.T.);
#1948=ORIENTED_EDGE('',*,*,#3410,.T.);
#1949=ORIENTED_EDGE('',*,*,#2887,.F.);
#1950=ORIENTED_EDGE('',*,*,#3414,.F.);
#1951=ORIENTED_EDGE('',*,*,#3415,.T.);
#1952=ORIENTED_EDGE('',*,*,#3412,.T.);
#1953=ORIENTED_EDGE('',*,*,#2886,.F.);
#1954=ORIENTED_EDGE('',*,*,#3416,.F.);
#1955=ORIENTED_EDGE('',*,*,#3417,.T.);
#1956=ORIENTED_EDGE('',*,*,#3414,.T.);
#1957=ORIENTED_EDGE('',*,*,#2885,.F.);
#1958=ORIENTED_EDGE('',*,*,#3418,.F.);
#1959=ORIENTED_EDGE('',*,*,#3419,.T.);
#1960=ORIENTED_EDGE('',*,*,#3416,.T.);
#1961=ORIENTED_EDGE('',*,*,#2884,.F.);
#1962=ORIENTED_EDGE('',*,*,#3420,.F.);
#1963=ORIENTED_EDGE('',*,*,#3421,.T.);
#1964=ORIENTED_EDGE('',*,*,#3418,.T.);
#1965=ORIENTED_EDGE('',*,*,#2883,.F.);
#1966=ORIENTED_EDGE('',*,*,#3422,.F.);
#1967=ORIENTED_EDGE('',*,*,#3423,.T.);
#1968=ORIENTED_EDGE('',*,*,#3420,.T.);
#1969=ORIENTED_EDGE('',*,*,#2882,.F.);
#1970=ORIENTED_EDGE('',*,*,#3424,.F.);
#1971=ORIENTED_EDGE('',*,*,#3425,.T.);
#1972=ORIENTED_EDGE('',*,*,#3422,.T.);
#1973=ORIENTED_EDGE('',*,*,#2881,.F.);
#1974=ORIENTED_EDGE('',*,*,#3426,.F.);
#1975=ORIENTED_EDGE('',*,*,#3427,.T.);
#1976=ORIENTED_EDGE('',*,*,#3424,.T.);
#1977=ORIENTED_EDGE('',*,*,#2880,.F.);
#1978=ORIENTED_EDGE('',*,*,#3428,.F.);
#1979=ORIENTED_EDGE('',*,*,#3429,.T.);
#1980=ORIENTED_EDGE('',*,*,#3426,.T.);
#1981=ORIENTED_EDGE('',*,*,#2879,.F.);
#1982=ORIENTED_EDGE('',*,*,#3430,.F.);
#1983=ORIENTED_EDGE('',*,*,#3431,.T.);
#1984=ORIENTED_EDGE('',*,*,#3428,.T.);
#1985=ORIENTED_EDGE('',*,*,#2878,.F.);
#1986=ORIENTED_EDGE('',*,*,#3432,.F.);
#1987=ORIENTED_EDGE('',*,*,#3433,.T.);
#1988=ORIENTED_EDGE('',*,*,#3430,.T.);
#1989=ORIENTED_EDGE('',*,*,#2877,.F.);
#1990=ORIENTED_EDGE('',*,*,#3434,.F.);
#1991=ORIENTED_EDGE('',*,*,#3435,.T.);
#1992=ORIENTED_EDGE('',*,*,#3432,.T.);
#1993=ORIENTED_EDGE('',*,*,#2876,.F.);
#1994=ORIENTED_EDGE('',*,*,#3436,.F.);
#1995=ORIENTED_EDGE('',*,*,#3437,.T.);
#1996=ORIENTED_EDGE('',*,*,#3434,.T.);
#1997=ORIENTED_EDGE('',*,*,#2875,.F.);
#1998=ORIENTED_EDGE('',*,*,#3438,.F.);
#1999=ORIENTED_EDGE('',*,*,#3439,.T.);
#2000=ORIENTED_EDGE('',*,*,#3436,.T.);
#2001=ORIENTED_EDGE('',*,*,#2874,.F.);
#2002=ORIENTED_EDGE('',*,*,#3440,.F.);
#2003=ORIENTED_EDGE('',*,*,#3441,.T.);
#2004=ORIENTED_EDGE('',*,*,#3438,.T.);
#2005=ORIENTED_EDGE('',*,*,#2873,.F.);
#2006=ORIENTED_EDGE('',*,*,#3442,.F.);
#2007=ORIENTED_EDGE('',*,*,#3443,.T.);
#2008=ORIENTED_EDGE('',*,*,#3440,.T.);
#2009=ORIENTED_EDGE('',*,*,#2872,.F.);
#2010=ORIENTED_EDGE('',*,*,#3444,.F.);
#2011=ORIENTED_EDGE('',*,*,#3445,.T.);
#2012=ORIENTED_EDGE('',*,*,#3442,.T.);
#2013=ORIENTED_EDGE('',*,*,#2871,.F.);
#2014=ORIENTED_EDGE('',*,*,#3446,.F.);
#2015=ORIENTED_EDGE('',*,*,#3447,.T.);
#2016=ORIENTED_EDGE('',*,*,#3444,.T.);
#2017=ORIENTED_EDGE('',*,*,#2870,.F.);
#2018=ORIENTED_EDGE('',*,*,#3448,.F.);
#2019=ORIENTED_EDGE('',*,*,#3449,.T.);
#2020=ORIENTED_EDGE('',*,*,#3446,.T.);
#2021=ORIENTED_EDGE('',*,*,#2869,.F.);
#2022=ORIENTED_EDGE('',*,*,#3450,.F.);
#2023=ORIENTED_EDGE('',*,*,#3451,.T.);
#2024=ORIENTED_EDGE('',*,*,#3448,.T.);
#2025=ORIENTED_EDGE('',*,*,#2868,.F.);
#2026=ORIENTED_EDGE('',*,*,#3452,.F.);
#2027=ORIENTED_EDGE('',*,*,#3453,.T.);
#2028=ORIENTED_EDGE('',*,*,#3450,.T.);
#2029=ORIENTED_EDGE('',*,*,#2867,.F.);
#2030=ORIENTED_EDGE('',*,*,#3454,.F.);
#2031=ORIENTED_EDGE('',*,*,#3455,.T.);
#2032=ORIENTED_EDGE('',*,*,#3452,.T.);
#2033=ORIENTED_EDGE('',*,*,#2866,.F.);
#2034=ORIENTED_EDGE('',*,*,#3389,.F.);
#2035=ORIENTED_EDGE('',*,*,#3456,.T.);
#2036=ORIENTED_EDGE('',*,*,#3454,.T.);
#2037=ORIENTED_EDGE('',*,*,#3388,.F.);
#2038=ORIENTED_EDGE('',*,*,#3391,.F.);
#2039=ORIENTED_EDGE('',*,*,#3393,.F.);
#2040=ORIENTED_EDGE('',*,*,#3395,.F.);
#2041=ORIENTED_EDGE('',*,*,#3397,.F.);
#2042=ORIENTED_EDGE('',*,*,#3399,.F.);
#2043=ORIENTED_EDGE('',*,*,#3401,.F.);
#2044=ORIENTED_EDGE('',*,*,#3403,.F.);
#2045=ORIENTED_EDGE('',*,*,#3405,.F.);
#2046=ORIENTED_EDGE('',*,*,#3407,.F.);
#2047=ORIENTED_EDGE('',*,*,#3409,.F.);
#2048=ORIENTED_EDGE('',*,*,#3411,.F.);
#2049=ORIENTED_EDGE('',*,*,#3413,.F.);
#2050=ORIENTED_EDGE('',*,*,#3415,.F.);
#2051=ORIENTED_EDGE('',*,*,#3417,.F.);
#2052=ORIENTED_EDGE('',*,*,#3419,.F.);
#2053=ORIENTED_EDGE('',*,*,#3421,.F.);
#2054=ORIENTED_EDGE('',*,*,#3423,.F.);
#2055=ORIENTED_EDGE('',*,*,#3425,.F.);
#2056=ORIENTED_EDGE('',*,*,#3427,.F.);
#2057=ORIENTED_EDGE('',*,*,#3429,.F.);
#2058=ORIENTED_EDGE('',*,*,#3431,.F.);
#2059=ORIENTED_EDGE('',*,*,#3433,.F.);
#2060=ORIENTED_EDGE('',*,*,#3435,.F.);
#2061=ORIENTED_EDGE('',*,*,#3437,.F.);
#2062=ORIENTED_EDGE('',*,*,#3439,.F.);
#2063=ORIENTED_EDGE('',*,*,#3441,.F.);
#2064=ORIENTED_EDGE('',*,*,#3443,.F.);
#2065=ORIENTED_EDGE('',*,*,#3445,.F.);
#2066=ORIENTED_EDGE('',*,*,#3447,.F.);
#2067=ORIENTED_EDGE('',*,*,#3449,.F.);
#2068=ORIENTED_EDGE('',*,*,#3451,.F.);
#2069=ORIENTED_EDGE('',*,*,#3453,.F.);
#2070=ORIENTED_EDGE('',*,*,#3455,.F.);
#2071=ORIENTED_EDGE('',*,*,#3456,.F.);
#2072=ORIENTED_EDGE('',*,*,#2900,.F.);
#2073=ORIENTED_EDGE('',*,*,#3457,.F.);
#2074=ORIENTED_EDGE('',*,*,#3458,.T.);
#2075=ORIENTED_EDGE('',*,*,#3459,.T.);
#2076=ORIENTED_EDGE('',*,*,#2899,.F.);
#2077=ORIENTED_EDGE('',*,*,#3460,.F.);
#2078=ORIENTED_EDGE('',*,*,#3461,.T.);
#2079=ORIENTED_EDGE('',*,*,#3457,.T.);
#2080=ORIENTED_EDGE('',*,*,#2917,.F.);
#2081=ORIENTED_EDGE('',*,*,#3462,.F.);
#2082=ORIENTED_EDGE('',*,*,#3463,.T.);
#2083=ORIENTED_EDGE('',*,*,#3460,.T.);
#2084=ORIENTED_EDGE('',*,*,#2916,.F.);
#2085=ORIENTED_EDGE('',*,*,#3464,.F.);
#2086=ORIENTED_EDGE('',*,*,#3465,.T.);
#2087=ORIENTED_EDGE('',*,*,#3462,.T.);
#2088=ORIENTED_EDGE('',*,*,#2915,.F.);
#2089=ORIENTED_EDGE('',*,*,#3466,.F.);
#2090=ORIENTED_EDGE('',*,*,#3467,.T.);
#2091=ORIENTED_EDGE('',*,*,#3464,.T.);
#2092=ORIENTED_EDGE('',*,*,#2914,.F.);
#2093=ORIENTED_EDGE('',*,*,#3468,.F.);
#2094=ORIENTED_EDGE('',*,*,#3469,.T.);
#2095=ORIENTED_EDGE('',*,*,#3466,.T.);
#2096=ORIENTED_EDGE('',*,*,#2913,.F.);
#2097=ORIENTED_EDGE('',*,*,#3470,.F.);
#2098=ORIENTED_EDGE('',*,*,#3471,.T.);
#2099=ORIENTED_EDGE('',*,*,#3468,.T.);
#2100=ORIENTED_EDGE('',*,*,#2912,.F.);
#2101=ORIENTED_EDGE('',*,*,#3472,.F.);
#2102=ORIENTED_EDGE('',*,*,#3473,.T.);
#2103=ORIENTED_EDGE('',*,*,#3470,.T.);
#2104=ORIENTED_EDGE('',*,*,#2911,.F.);
#2105=ORIENTED_EDGE('',*,*,#3474,.F.);
#2106=ORIENTED_EDGE('',*,*,#3475,.T.);
#2107=ORIENTED_EDGE('',*,*,#3472,.T.);
#2108=ORIENTED_EDGE('',*,*,#2910,.F.);
#2109=ORIENTED_EDGE('',*,*,#3476,.F.);
#2110=ORIENTED_EDGE('',*,*,#3477,.T.);
#2111=ORIENTED_EDGE('',*,*,#3474,.T.);
#2112=ORIENTED_EDGE('',*,*,#2909,.F.);
#2113=ORIENTED_EDGE('',*,*,#3478,.F.);
#2114=ORIENTED_EDGE('',*,*,#3479,.T.);
#2115=ORIENTED_EDGE('',*,*,#3476,.T.);
#2116=ORIENTED_EDGE('',*,*,#2908,.F.);
#2117=ORIENTED_EDGE('',*,*,#3480,.F.);
#2118=ORIENTED_EDGE('',*,*,#3481,.T.);
#2119=ORIENTED_EDGE('',*,*,#3478,.T.);
#2120=ORIENTED_EDGE('',*,*,#2907,.F.);
#2121=ORIENTED_EDGE('',*,*,#3482,.F.);
#2122=ORIENTED_EDGE('',*,*,#3483,.T.);
#2123=ORIENTED_EDGE('',*,*,#3480,.T.);
#2124=ORIENTED_EDGE('',*,*,#2906,.F.);
#2125=ORIENTED_EDGE('',*,*,#3484,.F.);
#2126=ORIENTED_EDGE('',*,*,#3485,.T.);
#2127=ORIENTED_EDGE('',*,*,#3482,.T.);
#2128=ORIENTED_EDGE('',*,*,#2905,.F.);
#2129=ORIENTED_EDGE('',*,*,#3486,.F.);
#2130=ORIENTED_EDGE('',*,*,#3487,.T.);
#2131=ORIENTED_EDGE('',*,*,#3484,.T.);
#2132=ORIENTED_EDGE('',*,*,#2904,.F.);
#2133=ORIENTED_EDGE('',*,*,#3488,.F.);
#2134=ORIENTED_EDGE('',*,*,#3489,.T.);
#2135=ORIENTED_EDGE('',*,*,#3486,.T.);
#2136=ORIENTED_EDGE('',*,*,#2903,.F.);
#2137=ORIENTED_EDGE('',*,*,#3490,.F.);
#2138=ORIENTED_EDGE('',*,*,#3491,.T.);
#2139=ORIENTED_EDGE('',*,*,#3488,.T.);
#2140=ORIENTED_EDGE('',*,*,#2902,.F.);
#2141=ORIENTED_EDGE('',*,*,#3492,.F.);
#2142=ORIENTED_EDGE('',*,*,#3493,.T.);
#2143=ORIENTED_EDGE('',*,*,#3490,.T.);
#2144=ORIENTED_EDGE('',*,*,#2901,.F.);
#2145=ORIENTED_EDGE('',*,*,#3459,.F.);
#2146=ORIENTED_EDGE('',*,*,#3494,.T.);
#2147=ORIENTED_EDGE('',*,*,#3492,.T.);
#2148=ORIENTED_EDGE('',*,*,#3458,.F.);
#2149=ORIENTED_EDGE('',*,*,#3461,.F.);
#2150=ORIENTED_EDGE('',*,*,#3463,.F.);
#2151=ORIENTED_EDGE('',*,*,#3465,.F.);
#2152=ORIENTED_EDGE('',*,*,#3467,.F.);
#2153=ORIENTED_EDGE('',*,*,#3469,.F.);
#2154=ORIENTED_EDGE('',*,*,#3471,.F.);
#2155=ORIENTED_EDGE('',*,*,#3473,.F.);
#2156=ORIENTED_EDGE('',*,*,#3475,.F.);
#2157=ORIENTED_EDGE('',*,*,#3477,.F.);
#2158=ORIENTED_EDGE('',*,*,#3479,.F.);
#2159=ORIENTED_EDGE('',*,*,#3481,.F.);
#2160=ORIENTED_EDGE('',*,*,#3483,.F.);
#2161=ORIENTED_EDGE('',*,*,#3485,.F.);
#2162=ORIENTED_EDGE('',*,*,#3487,.F.);
#2163=ORIENTED_EDGE('',*,*,#3489,.F.);
#2164=ORIENTED_EDGE('',*,*,#3491,.F.);
#2165=ORIENTED_EDGE('',*,*,#3493,.F.);
#2166=ORIENTED_EDGE('',*,*,#3494,.F.);
#2167=ORIENTED_EDGE('',*,*,#2919,.F.);
#2168=ORIENTED_EDGE('',*,*,#3495,.F.);
#2169=ORIENTED_EDGE('',*,*,#3496,.T.);
#2170=ORIENTED_EDGE('',*,*,#3497,.T.);
#2171=ORIENTED_EDGE('',*,*,#2918,.F.);
#2172=ORIENTED_EDGE('',*,*,#3498,.F.);
#2173=ORIENTED_EDGE('',*,*,#3499,.T.);
#2174=ORIENTED_EDGE('',*,*,#3495,.T.);
#2175=ORIENTED_EDGE('',*,*,#2934,.F.);
#2176=ORIENTED_EDGE('',*,*,#3500,.F.);
#2177=ORIENTED_EDGE('',*,*,#3501,.T.);
#2178=ORIENTED_EDGE('',*,*,#3498,.T.);
#2179=ORIENTED_EDGE('',*,*,#2933,.F.);
#2180=ORIENTED_EDGE('',*,*,#3502,.F.);
#2181=ORIENTED_EDGE('',*,*,#3503,.T.);
#2182=ORIENTED_EDGE('',*,*,#3500,.T.);
#2183=ORIENTED_EDGE('',*,*,#2932,.F.);
#2184=ORIENTED_EDGE('',*,*,#3504,.F.);
#2185=ORIENTED_EDGE('',*,*,#3505,.T.);
#2186=ORIENTED_EDGE('',*,*,#3502,.T.);
#2187=ORIENTED_EDGE('',*,*,#2931,.F.);
#2188=ORIENTED_EDGE('',*,*,#3506,.F.);
#2189=ORIENTED_EDGE('',*,*,#3507,.T.);
#2190=ORIENTED_EDGE('',*,*,#3504,.T.);
#2191=ORIENTED_EDGE('',*,*,#2930,.F.);
#2192=ORIENTED_EDGE('',*,*,#3508,.F.);
#2193=ORIENTED_EDGE('',*,*,#3509,.T.);
#2194=ORIENTED_EDGE('',*,*,#3506,.T.);
#2195=ORIENTED_EDGE('',*,*,#2929,.F.);
#2196=ORIENTED_EDGE('',*,*,#3510,.F.);
#2197=ORIENTED_EDGE('',*,*,#3511,.T.);
#2198=ORIENTED_EDGE('',*,*,#3508,.T.);
#2199=ORIENTED_EDGE('',*,*,#2928,.F.);
#2200=ORIENTED_EDGE('',*,*,#3512,.F.);
#2201=ORIENTED_EDGE('',*,*,#3513,.T.);
#2202=ORIENTED_EDGE('',*,*,#3510,.T.);
#2203=ORIENTED_EDGE('',*,*,#2927,.F.);
#2204=ORIENTED_EDGE('',*,*,#3514,.F.);
#2205=ORIENTED_EDGE('',*,*,#3515,.T.);
#2206=ORIENTED_EDGE('',*,*,#3512,.T.);
#2207=ORIENTED_EDGE('',*,*,#2926,.F.);
#2208=ORIENTED_EDGE('',*,*,#3516,.F.);
#2209=ORIENTED_EDGE('',*,*,#3517,.T.);
#2210=ORIENTED_EDGE('',*,*,#3514,.T.);
#2211=ORIENTED_EDGE('',*,*,#2925,.F.);
#2212=ORIENTED_EDGE('',*,*,#3518,.F.);
#2213=ORIENTED_EDGE('',*,*,#3519,.T.);
#2214=ORIENTED_EDGE('',*,*,#3516,.T.);
#2215=ORIENTED_EDGE('',*,*,#2924,.F.);
#2216=ORIENTED_EDGE('',*,*,#3520,.F.);
#2217=ORIENTED_EDGE('',*,*,#3521,.T.);
#2218=ORIENTED_EDGE('',*,*,#3518,.T.);
#2219=ORIENTED_EDGE('',*,*,#2923,.F.);
#2220=ORIENTED_EDGE('',*,*,#3522,.F.);
#2221=ORIENTED_EDGE('',*,*,#3523,.T.);
#2222=ORIENTED_EDGE('',*,*,#3520,.T.);
#2223=ORIENTED_EDGE('',*,*,#2922,.F.);
#2224=ORIENTED_EDGE('',*,*,#3524,.F.);
#2225=ORIENTED_EDGE('',*,*,#3525,.T.);
#2226=ORIENTED_EDGE('',*,*,#3522,.T.);
#2227=ORIENTED_EDGE('',*,*,#2921,.F.);
#2228=ORIENTED_EDGE('',*,*,#3526,.F.);
#2229=ORIENTED_EDGE('',*,*,#3527,.T.);
#2230=ORIENTED_EDGE('',*,*,#3524,.T.);
#2231=ORIENTED_EDGE('',*,*,#2920,.F.);
#2232=ORIENTED_EDGE('',*,*,#3497,.F.);
#2233=ORIENTED_EDGE('',*,*,#3528,.T.);
#2234=ORIENTED_EDGE('',*,*,#3526,.T.);
#2235=ORIENTED_EDGE('',*,*,#3496,.F.);
#2236=ORIENTED_EDGE('',*,*,#3499,.F.);
#2237=ORIENTED_EDGE('',*,*,#3501,.F.);
#2238=ORIENTED_EDGE('',*,*,#3503,.F.);
#2239=ORIENTED_EDGE('',*,*,#3505,.F.);
#2240=ORIENTED_EDGE('',*,*,#3507,.F.);
#2241=ORIENTED_EDGE('',*,*,#3509,.F.);
#2242=ORIENTED_EDGE('',*,*,#3511,.F.);
#2243=ORIENTED_EDGE('',*,*,#3513,.F.);
#2244=ORIENTED_EDGE('',*,*,#3515,.F.);
#2245=ORIENTED_EDGE('',*,*,#3517,.F.);
#2246=ORIENTED_EDGE('',*,*,#3519,.F.);
#2247=ORIENTED_EDGE('',*,*,#3521,.F.);
#2248=ORIENTED_EDGE('',*,*,#3523,.F.);
#2249=ORIENTED_EDGE('',*,*,#3525,.F.);
#2250=ORIENTED_EDGE('',*,*,#3527,.F.);
#2251=ORIENTED_EDGE('',*,*,#3528,.F.);
#2252=ORIENTED_EDGE('',*,*,#2936,.F.);
#2253=ORIENTED_EDGE('',*,*,#3529,.F.);
#2254=ORIENTED_EDGE('',*,*,#3530,.T.);
#2255=ORIENTED_EDGE('',*,*,#3531,.T.);
#2256=ORIENTED_EDGE('',*,*,#2935,.F.);
#2257=ORIENTED_EDGE('',*,*,#3532,.F.);
#2258=ORIENTED_EDGE('',*,*,#3533,.T.);
#2259=ORIENTED_EDGE('',*,*,#3529,.T.);
#2260=ORIENTED_EDGE('',*,*,#2941,.F.);
#2261=ORIENTED_EDGE('',*,*,#3534,.F.);
#2262=ORIENTED_EDGE('',*,*,#3535,.T.);
#2263=ORIENTED_EDGE('',*,*,#3532,.T.);
#2264=ORIENTED_EDGE('',*,*,#2940,.F.);
#2265=ORIENTED_EDGE('',*,*,#3536,.F.);
#2266=ORIENTED_EDGE('',*,*,#3537,.T.);
#2267=ORIENTED_EDGE('',*,*,#3534,.T.);
#2268=ORIENTED_EDGE('',*,*,#2939,.F.);
#2269=ORIENTED_EDGE('',*,*,#3538,.F.);
#2270=ORIENTED_EDGE('',*,*,#3539,.T.);
#2271=ORIENTED_EDGE('',*,*,#3536,.T.);
#2272=ORIENTED_EDGE('',*,*,#2938,.F.);
#2273=ORIENTED_EDGE('',*,*,#3540,.F.);
#2274=ORIENTED_EDGE('',*,*,#3541,.T.);
#2275=ORIENTED_EDGE('',*,*,#3538,.T.);
#2276=ORIENTED_EDGE('',*,*,#2937,.F.);
#2277=ORIENTED_EDGE('',*,*,#3531,.F.);
#2278=ORIENTED_EDGE('',*,*,#3542,.T.);
#2279=ORIENTED_EDGE('',*,*,#3540,.T.);
#2280=ORIENTED_EDGE('',*,*,#3530,.F.);
#2281=ORIENTED_EDGE('',*,*,#3533,.F.);
#2282=ORIENTED_EDGE('',*,*,#3535,.F.);
#2283=ORIENTED_EDGE('',*,*,#3537,.F.);
#2284=ORIENTED_EDGE('',*,*,#3539,.F.);
#2285=ORIENTED_EDGE('',*,*,#3541,.F.);
#2286=ORIENTED_EDGE('',*,*,#3542,.F.);
#2287=ORIENTED_EDGE('',*,*,#2943,.F.);
#2288=ORIENTED_EDGE('',*,*,#3543,.F.);
#2289=ORIENTED_EDGE('',*,*,#3544,.T.);
#2290=ORIENTED_EDGE('',*,*,#3545,.T.);
#2291=ORIENTED_EDGE('',*,*,#2942,.F.);
#2292=ORIENTED_EDGE('',*,*,#3546,.F.);
#2293=ORIENTED_EDGE('',*,*,#3547,.T.);
#2294=ORIENTED_EDGE('',*,*,#3543,.T.);
#2295=ORIENTED_EDGE('',*,*,#2945,.F.);
#2296=ORIENTED_EDGE('',*,*,#3548,.F.);
#2297=ORIENTED_EDGE('',*,*,#3549,.T.);
#2298=ORIENTED_EDGE('',*,*,#3546,.T.);
#2299=ORIENTED_EDGE('',*,*,#2944,.F.);
#2300=ORIENTED_EDGE('',*,*,#3545,.F.);
#2301=ORIENTED_EDGE('',*,*,#3550,.T.);
#2302=ORIENTED_EDGE('',*,*,#3548,.T.);
#2303=ORIENTED_EDGE('',*,*,#3544,.F.);
#2304=ORIENTED_EDGE('',*,*,#3547,.F.);
#2305=ORIENTED_EDGE('',*,*,#3549,.F.);
#2306=ORIENTED_EDGE('',*,*,#3550,.F.);
#2307=ORIENTED_EDGE('',*,*,#2947,.F.);
#2308=ORIENTED_EDGE('',*,*,#3551,.F.);
#2309=ORIENTED_EDGE('',*,*,#3552,.T.);
#2310=ORIENTED_EDGE('',*,*,#3553,.T.);
#2311=ORIENTED_EDGE('',*,*,#2946,.F.);
#2312=ORIENTED_EDGE('',*,*,#3554,.F.);
#2313=ORIENTED_EDGE('',*,*,#3555,.T.);
#2314=ORIENTED_EDGE('',*,*,#3551,.T.);
#2315=ORIENTED_EDGE('',*,*,#2980,.F.);
#2316=ORIENTED_EDGE('',*,*,#3556,.F.);
#2317=ORIENTED_EDGE('',*,*,#3557,.T.);
#2318=ORIENTED_EDGE('',*,*,#3554,.T.);
#2319=ORIENTED_EDGE('',*,*,#2979,.F.);
#2320=ORIENTED_EDGE('',*,*,#3558,.F.);
#2321=ORIENTED_EDGE('',*,*,#3559,.T.);
#2322=ORIENTED_EDGE('',*,*,#3556,.T.);
#2323=ORIENTED_EDGE('',*,*,#2978,.F.);
#2324=ORIENTED_EDGE('',*,*,#3560,.F.);
#2325=ORIENTED_EDGE('',*,*,#3561,.T.);
#2326=ORIENTED_EDGE('',*,*,#3558,.T.);
#2327=ORIENTED_EDGE('',*,*,#2977,.F.);
#2328=ORIENTED_EDGE('',*,*,#3562,.F.);
#2329=ORIENTED_EDGE('',*,*,#3563,.T.);
#2330=ORIENTED_EDGE('',*,*,#3560,.T.);
#2331=ORIENTED_EDGE('',*,*,#2976,.F.);
#2332=ORIENTED_EDGE('',*,*,#3564,.F.);
#2333=ORIENTED_EDGE('',*,*,#3565,.T.);
#2334=ORIENTED_EDGE('',*,*,#3562,.T.);
#2335=ORIENTED_EDGE('',*,*,#2975,.F.);
#2336=ORIENTED_EDGE('',*,*,#3566,.F.);
#2337=ORIENTED_EDGE('',*,*,#3567,.T.);
#2338=ORIENTED_EDGE('',*,*,#3564,.T.);
#2339=ORIENTED_EDGE('',*,*,#2974,.F.);
#2340=ORIENTED_EDGE('',*,*,#3568,.F.);
#2341=ORIENTED_EDGE('',*,*,#3569,.T.);
#2342=ORIENTED_EDGE('',*,*,#3566,.T.);
#2343=ORIENTED_EDGE('',*,*,#2973,.F.);
#2344=ORIENTED_EDGE('',*,*,#3570,.F.);
#2345=ORIENTED_EDGE('',*,*,#3571,.T.);
#2346=ORIENTED_EDGE('',*,*,#3568,.T.);
#2347=ORIENTED_EDGE('',*,*,#2972,.F.);
#2348=ORIENTED_EDGE('',*,*,#3572,.F.);
#2349=ORIENTED_EDGE('',*,*,#3573,.T.);
#2350=ORIENTED_EDGE('',*,*,#3570,.T.);
#2351=ORIENTED_EDGE('',*,*,#2971,.F.);
#2352=ORIENTED_EDGE('',*,*,#3574,.F.);
#2353=ORIENTED_EDGE('',*,*,#3575,.T.);
#2354=ORIENTED_EDGE('',*,*,#3572,.T.);
#2355=ORIENTED_EDGE('',*,*,#2970,.F.);
#2356=ORIENTED_EDGE('',*,*,#3576,.F.);
#2357=ORIENTED_EDGE('',*,*,#3577,.T.);
#2358=ORIENTED_EDGE('',*,*,#3574,.T.);
#2359=ORIENTED_EDGE('',*,*,#2969,.F.);
#2360=ORIENTED_EDGE('',*,*,#3578,.F.);
#2361=ORIENTED_EDGE('',*,*,#3579,.T.);
#2362=ORIENTED_EDGE('',*,*,#3576,.T.);
#2363=ORIENTED_EDGE('',*,*,#2968,.F.);
#2364=ORIENTED_EDGE('',*,*,#3580,.F.);
#2365=ORIENTED_EDGE('',*,*,#3581,.T.);
#2366=ORIENTED_EDGE('',*,*,#3578,.T.);
#2367=ORIENTED_EDGE('',*,*,#2967,.F.);
#2368=ORIENTED_EDGE('',*,*,#3582,.F.);
#2369=ORIENTED_EDGE('',*,*,#3583,.T.);
#2370=ORIENTED_EDGE('',*,*,#3580,.T.);
#2371=ORIENTED_EDGE('',*,*,#2966,.F.);
#2372=ORIENTED_EDGE('',*,*,#3584,.F.);
#2373=ORIENTED_EDGE('',*,*,#3585,.T.);
#2374=ORIENTED_EDGE('',*,*,#3582,.T.);
#2375=ORIENTED_EDGE('',*,*,#2965,.F.);
#2376=ORIENTED_EDGE('',*,*,#3586,.F.);
#2377=ORIENTED_EDGE('',*,*,#3587,.T.);
#2378=ORIENTED_EDGE('',*,*,#3584,.T.);
#2379=ORIENTED_EDGE('',*,*,#2964,.F.);
#2380=ORIENTED_EDGE('',*,*,#3588,.F.);
#2381=ORIENTED_EDGE('',*,*,#3589,.T.);
#2382=ORIENTED_EDGE('',*,*,#3586,.T.);
#2383=ORIENTED_EDGE('',*,*,#2963,.F.);
#2384=ORIENTED_EDGE('',*,*,#3590,.F.);
#2385=ORIENTED_EDGE('',*,*,#3591,.T.);
#2386=ORIENTED_EDGE('',*,*,#3588,.T.);
#2387=ORIENTED_EDGE('',*,*,#2962,.F.);
#2388=ORIENTED_EDGE('',*,*,#3592,.F.);
#2389=ORIENTED_EDGE('',*,*,#3593,.T.);
#2390=ORIENTED_EDGE('',*,*,#3590,.T.);
#2391=ORIENTED_EDGE('',*,*,#2961,.F.);
#2392=ORIENTED_EDGE('',*,*,#3594,.F.);
#2393=ORIENTED_EDGE('',*,*,#3595,.T.);
#2394=ORIENTED_EDGE('',*,*,#3592,.T.);
#2395=ORIENTED_EDGE('',*,*,#2960,.F.);
#2396=ORIENTED_EDGE('',*,*,#3596,.F.);
#2397=ORIENTED_EDGE('',*,*,#3597,.T.);
#2398=ORIENTED_EDGE('',*,*,#3594,.T.);
#2399=ORIENTED_EDGE('',*,*,#2959,.F.);
#2400=ORIENTED_EDGE('',*,*,#3598,.F.);
#2401=ORIENTED_EDGE('',*,*,#3599,.T.);
#2402=ORIENTED_EDGE('',*,*,#3596,.T.);
#2403=ORIENTED_EDGE('',*,*,#2958,.F.);
#2404=ORIENTED_EDGE('',*,*,#3600,.F.);
#2405=ORIENTED_EDGE('',*,*,#3601,.T.);
#2406=ORIENTED_EDGE('',*,*,#3598,.T.);
#2407=ORIENTED_EDGE('',*,*,#2957,.F.);
#2408=ORIENTED_EDGE('',*,*,#3602,.F.);
#2409=ORIENTED_EDGE('',*,*,#3603,.T.);
#2410=ORIENTED_EDGE('',*,*,#3600,.T.);
#2411=ORIENTED_EDGE('',*,*,#2956,.F.);
#2412=ORIENTED_EDGE('',*,*,#3604,.F.);
#2413=ORIENTED_EDGE('',*,*,#3605,.T.);
#2414=ORIENTED_EDGE('',*,*,#3602,.T.);
#2415=ORIENTED_EDGE('',*,*,#2955,.F.);
#2416=ORIENTED_EDGE('',*,*,#3606,.F.);
#2417=ORIENTED_EDGE('',*,*,#3607,.T.);
#2418=ORIENTED_EDGE('',*,*,#3604,.T.);
#2419=ORIENTED_EDGE('',*,*,#2954,.F.);
#2420=ORIENTED_EDGE('',*,*,#3608,.F.);
#2421=ORIENTED_EDGE('',*,*,#3609,.T.);
#2422=ORIENTED_EDGE('',*,*,#3606,.T.);
#2423=ORIENTED_EDGE('',*,*,#2953,.F.);
#2424=ORIENTED_EDGE('',*,*,#3610,.F.);
#2425=ORIENTED_EDGE('',*,*,#3611,.T.);
#2426=ORIENTED_EDGE('',*,*,#3608,.T.);
#2427=ORIENTED_EDGE('',*,*,#2952,.F.);
#2428=ORIENTED_EDGE('',*,*,#3612,.F.);
#2429=ORIENTED_EDGE('',*,*,#3613,.T.);
#2430=ORIENTED_EDGE('',*,*,#3610,.T.);
#2431=ORIENTED_EDGE('',*,*,#2951,.F.);
#2432=ORIENTED_EDGE('',*,*,#3614,.F.);
#2433=ORIENTED_EDGE('',*,*,#3615,.T.);
#2434=ORIENTED_EDGE('',*,*,#3612,.T.);
#2435=ORIENTED_EDGE('',*,*,#2950,.F.);
#2436=ORIENTED_EDGE('',*,*,#3616,.F.);
#2437=ORIENTED_EDGE('',*,*,#3617,.T.);
#2438=ORIENTED_EDGE('',*,*,#3614,.T.);
#2439=ORIENTED_EDGE('',*,*,#2949,.F.);
#2440=ORIENTED_EDGE('',*,*,#3618,.F.);
#2441=ORIENTED_EDGE('',*,*,#3619,.T.);
#2442=ORIENTED_EDGE('',*,*,#3616,.T.);
#2443=ORIENTED_EDGE('',*,*,#2948,.F.);
#2444=ORIENTED_EDGE('',*,*,#3553,.F.);
#2445=ORIENTED_EDGE('',*,*,#3620,.T.);
#2446=ORIENTED_EDGE('',*,*,#3618,.T.);
#2447=ORIENTED_EDGE('',*,*,#3552,.F.);
#2448=ORIENTED_EDGE('',*,*,#3555,.F.);
#2449=ORIENTED_EDGE('',*,*,#3557,.F.);
#2450=ORIENTED_EDGE('',*,*,#3559,.F.);
#2451=ORIENTED_EDGE('',*,*,#3561,.F.);
#2452=ORIENTED_EDGE('',*,*,#3563,.F.);
#2453=ORIENTED_EDGE('',*,*,#3565,.F.);
#2454=ORIENTED_EDGE('',*,*,#3567,.F.);
#2455=ORIENTED_EDGE('',*,*,#3569,.F.);
#2456=ORIENTED_EDGE('',*,*,#3571,.F.);
#2457=ORIENTED_EDGE('',*,*,#3573,.F.);
#2458=ORIENTED_EDGE('',*,*,#3575,.F.);
#2459=ORIENTED_EDGE('',*,*,#3577,.F.);
#2460=ORIENTED_EDGE('',*,*,#3579,.F.);
#2461=ORIENTED_EDGE('',*,*,#3581,.F.);
#2462=ORIENTED_EDGE('',*,*,#3583,.F.);
#2463=ORIENTED_EDGE('',*,*,#3585,.F.);
#2464=ORIENTED_EDGE('',*,*,#3587,.F.);
#2465=ORIENTED_EDGE('',*,*,#3589,.F.);
#2466=ORIENTED_EDGE('',*,*,#3591,.F.);
#2467=ORIENTED_EDGE('',*,*,#3593,.F.);
#2468=ORIENTED_EDGE('',*,*,#3595,.F.);
#2469=ORIENTED_EDGE('',*,*,#3597,.F.);
#2470=ORIENTED_EDGE('',*,*,#3599,.F.);
#2471=ORIENTED_EDGE('',*,*,#3601,.F.);
#2472=ORIENTED_EDGE('',*,*,#3603,.F.);
#2473=ORIENTED_EDGE('',*,*,#3605,.F.);
#2474=ORIENTED_EDGE('',*,*,#3607,.F.);
#2475=ORIENTED_EDGE('',*,*,#3609,.F.);
#2476=ORIENTED_EDGE('',*,*,#3611,.F.);
#2477=ORIENTED_EDGE('',*,*,#3613,.F.);
#2478=ORIENTED_EDGE('',*,*,#3615,.F.);
#2479=ORIENTED_EDGE('',*,*,#3617,.F.);
#2480=ORIENTED_EDGE('',*,*,#3619,.F.);
#2481=ORIENTED_EDGE('',*,*,#3620,.F.);
#2482=ORIENTED_EDGE('',*,*,#2982,.F.);
#2483=ORIENTED_EDGE('',*,*,#3621,.F.);
#2484=ORIENTED_EDGE('',*,*,#3622,.T.);
#2485=ORIENTED_EDGE('',*,*,#3623,.T.);
#2486=ORIENTED_EDGE('',*,*,#2981,.F.);
#2487=ORIENTED_EDGE('',*,*,#3624,.F.);
#2488=ORIENTED_EDGE('',*,*,#3625,.T.);
#2489=ORIENTED_EDGE('',*,*,#3621,.T.);
#2490=ORIENTED_EDGE('',*,*,#2985,.F.);
#2491=ORIENTED_EDGE('',*,*,#3626,.F.);
#2492=ORIENTED_EDGE('',*,*,#3627,.T.);
#2493=ORIENTED_EDGE('',*,*,#3624,.T.);
#2494=ORIENTED_EDGE('',*,*,#2984,.F.);
#2495=ORIENTED_EDGE('',*,*,#3628,.F.);
#2496=ORIENTED_EDGE('',*,*,#3629,.T.);
#2497=ORIENTED_EDGE('',*,*,#3626,.T.);
#2498=ORIENTED_EDGE('',*,*,#2983,.F.);
#2499=ORIENTED_EDGE('',*,*,#3623,.F.);
#2500=ORIENTED_EDGE('',*,*,#3630,.T.);
#2501=ORIENTED_EDGE('',*,*,#3628,.T.);
#2502=ORIENTED_EDGE('',*,*,#3622,.F.);
#2503=ORIENTED_EDGE('',*,*,#3625,.F.);
#2504=ORIENTED_EDGE('',*,*,#3627,.F.);
#2505=ORIENTED_EDGE('',*,*,#3629,.F.);
#2506=ORIENTED_EDGE('',*,*,#3630,.F.);
#2507=ORIENTED_EDGE('',*,*,#2987,.F.);
#2508=ORIENTED_EDGE('',*,*,#3631,.F.);
#2509=ORIENTED_EDGE('',*,*,#3632,.T.);
#2510=ORIENTED_EDGE('',*,*,#3633,.T.);
#2511=ORIENTED_EDGE('',*,*,#2986,.F.);
#2512=ORIENTED_EDGE('',*,*,#3634,.F.);
#2513=ORIENTED_EDGE('',*,*,#3635,.T.);
#2514=ORIENTED_EDGE('',*,*,#3631,.T.);
#2515=ORIENTED_EDGE('',*,*,#3001,.F.);
#2516=ORIENTED_EDGE('',*,*,#3636,.F.);
#2517=ORIENTED_EDGE('',*,*,#3637,.T.);
#2518=ORIENTED_EDGE('',*,*,#3634,.T.);
#2519=ORIENTED_EDGE('',*,*,#3000,.F.);
#2520=ORIENTED_EDGE('',*,*,#3638,.F.);
#2521=ORIENTED_EDGE('',*,*,#3639,.T.);
#2522=ORIENTED_EDGE('',*,*,#3636,.T.);
#2523=ORIENTED_EDGE('',*,*,#2999,.F.);
#2524=ORIENTED_EDGE('',*,*,#3640,.F.);
#2525=ORIENTED_EDGE('',*,*,#3641,.T.);
#2526=ORIENTED_EDGE('',*,*,#3638,.T.);
#2527=ORIENTED_EDGE('',*,*,#2998,.F.);
#2528=ORIENTED_EDGE('',*,*,#3642,.F.);
#2529=ORIENTED_EDGE('',*,*,#3643,.T.);
#2530=ORIENTED_EDGE('',*,*,#3640,.T.);
#2531=ORIENTED_EDGE('',*,*,#2997,.F.);
#2532=ORIENTED_EDGE('',*,*,#3644,.F.);
#2533=ORIENTED_EDGE('',*,*,#3645,.T.);
#2534=ORIENTED_EDGE('',*,*,#3642,.T.);
#2535=ORIENTED_EDGE('',*,*,#2996,.F.);
#2536=ORIENTED_EDGE('',*,*,#3646,.F.);
#2537=ORIENTED_EDGE('',*,*,#3647,.T.);
#2538=ORIENTED_EDGE('',*,*,#3644,.T.);
#2539=ORIENTED_EDGE('',*,*,#2995,.F.);
#2540=ORIENTED_EDGE('',*,*,#3648,.F.);
#2541=ORIENTED_EDGE('',*,*,#3649,.T.);
#2542=ORIENTED_EDGE('',*,*,#3646,.T.);
#2543=ORIENTED_EDGE('',*,*,#2994,.F.);
#2544=ORIENTED_EDGE('',*,*,#3650,.F.);
#2545=ORIENTED_EDGE('',*,*,#3651,.T.);
#2546=ORIENTED_EDGE('',*,*,#3648,.T.);
#2547=ORIENTED_EDGE('',*,*,#2993,.F.);
#2548=ORIENTED_EDGE('',*,*,#3652,.F.);
#2549=ORIENTED_EDGE('',*,*,#3653,.T.);
#2550=ORIENTED_EDGE('',*,*,#3650,.T.);
#2551=ORIENTED_EDGE('',*,*,#2992,.F.);
#2552=ORIENTED_EDGE('',*,*,#3654,.F.);
#2553=ORIENTED_EDGE('',*,*,#3655,.T.);
#2554=ORIENTED_EDGE('',*,*,#3652,.T.);
#2555=ORIENTED_EDGE('',*,*,#2991,.F.);
#2556=ORIENTED_EDGE('',*,*,#3656,.F.);
#2557=ORIENTED_EDGE('',*,*,#3657,.T.);
#2558=ORIENTED_EDGE('',*,*,#3654,.T.);
#2559=ORIENTED_EDGE('',*,*,#2990,.F.);
#2560=ORIENTED_EDGE('',*,*,#3658,.F.);
#2561=ORIENTED_EDGE('',*,*,#3659,.T.);
#2562=ORIENTED_EDGE('',*,*,#3656,.T.);
#2563=ORIENTED_EDGE('',*,*,#2989,.F.);
#2564=ORIENTED_EDGE('',*,*,#3660,.F.);
#2565=ORIENTED_EDGE('',*,*,#3661,.T.);
#2566=ORIENTED_EDGE('',*,*,#3658,.T.);
#2567=ORIENTED_EDGE('',*,*,#2988,.F.);
#2568=ORIENTED_EDGE('',*,*,#3633,.F.);
#2569=ORIENTED_EDGE('',*,*,#3662,.T.);
#2570=ORIENTED_EDGE('',*,*,#3660,.T.);
#2571=ORIENTED_EDGE('',*,*,#3632,.F.);
#2572=ORIENTED_EDGE('',*,*,#3635,.F.);
#2573=ORIENTED_EDGE('',*,*,#3637,.F.);
#2574=ORIENTED_EDGE('',*,*,#3639,.F.);
#2575=ORIENTED_EDGE('',*,*,#3641,.F.);
#2576=ORIENTED_EDGE('',*,*,#3643,.F.);
#2577=ORIENTED_EDGE('',*,*,#3645,.F.);
#2578=ORIENTED_EDGE('',*,*,#3647,.F.);
#2579=ORIENTED_EDGE('',*,*,#3649,.F.);
#2580=ORIENTED_EDGE('',*,*,#3651,.F.);
#2581=ORIENTED_EDGE('',*,*,#3653,.F.);
#2582=ORIENTED_EDGE('',*,*,#3655,.F.);
#2583=ORIENTED_EDGE('',*,*,#3657,.F.);
#2584=ORIENTED_EDGE('',*,*,#3659,.F.);
#2585=ORIENTED_EDGE('',*,*,#3661,.F.);
#2586=ORIENTED_EDGE('',*,*,#3662,.F.);
#2587=ORIENTED_EDGE('',*,*,#3003,.F.);
#2588=ORIENTED_EDGE('',*,*,#3663,.F.);
#2589=ORIENTED_EDGE('',*,*,#3664,.T.);
#2590=ORIENTED_EDGE('',*,*,#3665,.T.);
#2591=ORIENTED_EDGE('',*,*,#3002,.F.);
#2592=ORIENTED_EDGE('',*,*,#3666,.F.);
#2593=ORIENTED_EDGE('',*,*,#3667,.T.);
#2594=ORIENTED_EDGE('',*,*,#3663,.T.);
#2595=ORIENTED_EDGE('',*,*,#3018,.F.);
#2596=ORIENTED_EDGE('',*,*,#3668,.F.);
#2597=ORIENTED_EDGE('',*,*,#3669,.T.);
#2598=ORIENTED_EDGE('',*,*,#3666,.T.);
#2599=ORIENTED_EDGE('',*,*,#3017,.F.);
#2600=ORIENTED_EDGE('',*,*,#3670,.F.);
#2601=ORIENTED_EDGE('',*,*,#3671,.T.);
#2602=ORIENTED_EDGE('',*,*,#3668,.T.);
#2603=ORIENTED_EDGE('',*,*,#3016,.F.);
#2604=ORIENTED_EDGE('',*,*,#3672,.F.);
#2605=ORIENTED_EDGE('',*,*,#3673,.T.);
#2606=ORIENTED_EDGE('',*,*,#3670,.T.);
#2607=ORIENTED_EDGE('',*,*,#3015,.F.);
#2608=ORIENTED_EDGE('',*,*,#3674,.F.);
#2609=ORIENTED_EDGE('',*,*,#3675,.T.);
#2610=ORIENTED_EDGE('',*,*,#3672,.T.);
#2611=ORIENTED_EDGE('',*,*,#3014,.F.);
#2612=ORIENTED_EDGE('',*,*,#3676,.F.);
#2613=ORIENTED_EDGE('',*,*,#3677,.T.);
#2614=ORIENTED_EDGE('',*,*,#3674,.T.);
#2615=ORIENTED_EDGE('',*,*,#3013,.F.);
#2616=ORIENTED_EDGE('',*,*,#3678,.F.);
#2617=ORIENTED_EDGE('',*,*,#3679,.T.);
#2618=ORIENTED_EDGE('',*,*,#3676,.T.);
#2619=ORIENTED_EDGE('',*,*,#3012,.F.);
#2620=ORIENTED_EDGE('',*,*,#3680,.F.);
#2621=ORIENTED_EDGE('',*,*,#3681,.T.);
#2622=ORIENTED_EDGE('',*,*,#3678,.T.);
#2623=ORIENTED_EDGE('',*,*,#3011,.F.);
#2624=ORIENTED_EDGE('',*,*,#3682,.F.);
#2625=ORIENTED_EDGE('',*,*,#3683,.T.);
#2626=ORIENTED_EDGE('',*,*,#3680,.T.);
#2627=ORIENTED_EDGE('',*,*,#3010,.F.);
#2628=ORIENTED_EDGE('',*,*,#3684,.F.);
#2629=ORIENTED_EDGE('',*,*,#3685,.T.);
#2630=ORIENTED_EDGE('',*,*,#3682,.T.);
#2631=ORIENTED_EDGE('',*,*,#3009,.F.);
#2632=ORIENTED_EDGE('',*,*,#3686,.F.);
#2633=ORIENTED_EDGE('',*,*,#3687,.T.);
#2634=ORIENTED_EDGE('',*,*,#3684,.T.);
#2635=ORIENTED_EDGE('',*,*,#3008,.F.);
#2636=ORIENTED_EDGE('',*,*,#3688,.F.);
#2637=ORIENTED_EDGE('',*,*,#3689,.T.);
#2638=ORIENTED_EDGE('',*,*,#3686,.T.);
#2639=ORIENTED_EDGE('',*,*,#3007,.F.);
#2640=ORIENTED_EDGE('',*,*,#3690,.F.);
#2641=ORIENTED_EDGE('',*,*,#3691,.T.);
#2642=ORIENTED_EDGE('',*,*,#3688,.T.);
#2643=ORIENTED_EDGE('',*,*,#3006,.F.);
#2644=ORIENTED_EDGE('',*,*,#3692,.F.);
#2645=ORIENTED_EDGE('',*,*,#3693,.T.);
#2646=ORIENTED_EDGE('',*,*,#3690,.T.);
#2647=ORIENTED_EDGE('',*,*,#3005,.F.);
#2648=ORIENTED_EDGE('',*,*,#3694,.F.);
#2649=ORIENTED_EDGE('',*,*,#3695,.T.);
#2650=ORIENTED_EDGE('',*,*,#3692,.T.);
#2651=ORIENTED_EDGE('',*,*,#3004,.F.);
#2652=ORIENTED_EDGE('',*,*,#3665,.F.);
#2653=ORIENTED_EDGE('',*,*,#3696,.T.);
#2654=ORIENTED_EDGE('',*,*,#3694,.T.);
#2655=ORIENTED_EDGE('',*,*,#3664,.F.);
#2656=ORIENTED_EDGE('',*,*,#3667,.F.);
#2657=ORIENTED_EDGE('',*,*,#3669,.F.);
#2658=ORIENTED_EDGE('',*,*,#3671,.F.);
#2659=ORIENTED_EDGE('',*,*,#3673,.F.);
#2660=ORIENTED_EDGE('',*,*,#3675,.F.);
#2661=ORIENTED_EDGE('',*,*,#3677,.F.);
#2662=ORIENTED_EDGE('',*,*,#3679,.F.);
#2663=ORIENTED_EDGE('',*,*,#3681,.F.);
#2664=ORIENTED_EDGE('',*,*,#3683,.F.);
#2665=ORIENTED_EDGE('',*,*,#3685,.F.);
#2666=ORIENTED_EDGE('',*,*,#3687,.F.);
#2667=ORIENTED_EDGE('',*,*,#3689,.F.);
#2668=ORIENTED_EDGE('',*,*,#3691,.F.);
#2669=ORIENTED_EDGE('',*,*,#3693,.F.);
#2670=ORIENTED_EDGE('',*,*,#3695,.F.);
#2671=ORIENTED_EDGE('',*,*,#3696,.F.);
#2672=ORIENTED_EDGE('',*,*,#3020,.F.);
#2673=ORIENTED_EDGE('',*,*,#3697,.F.);
#2674=ORIENTED_EDGE('',*,*,#3698,.T.);
#2675=ORIENTED_EDGE('',*,*,#3699,.T.);
#2676=ORIENTED_EDGE('',*,*,#3019,.F.);
#2677=ORIENTED_EDGE('',*,*,#3700,.F.);
#2678=ORIENTED_EDGE('',*,*,#3701,.T.);
#2679=ORIENTED_EDGE('',*,*,#3697,.T.);
#2680=ORIENTED_EDGE('',*,*,#3022,.F.);
#2681=ORIENTED_EDGE('',*,*,#3702,.F.);
#2682=ORIENTED_EDGE('',*,*,#3703,.T.);
#2683=ORIENTED_EDGE('',*,*,#3700,.T.);
#2684=ORIENTED_EDGE('',*,*,#3021,.F.);
#2685=ORIENTED_EDGE('',*,*,#3699,.F.);
#2686=ORIENTED_EDGE('',*,*,#3704,.T.);
#2687=ORIENTED_EDGE('',*,*,#3702,.T.);
#2688=ORIENTED_EDGE('',*,*,#3698,.F.);
#2689=ORIENTED_EDGE('',*,*,#3701,.F.);
#2690=ORIENTED_EDGE('',*,*,#3703,.F.);
#2691=ORIENTED_EDGE('',*,*,#3704,.F.);
#2692=EDGE_CURVE('',#3705,#3706,#4383,.T.);
#2693=EDGE_CURVE('',#3705,#3707,#4384,.T.);
#2694=EDGE_CURVE('',#3707,#3708,#4385,.T.);
#2695=EDGE_CURVE('',#3708,#3709,#4386,.T.);
#2696=EDGE_CURVE('',#3709,#3710,#4387,.T.);
#2697=EDGE_CURVE('',#3711,#3710,#4388,.T.);
#2698=EDGE_CURVE('',#3712,#3711,#4389,.T.);
#2699=EDGE_CURVE('',#3712,#3706,#4390,.T.);
#2700=EDGE_CURVE('',#3713,#3714,#4391,.T.);
#2701=EDGE_CURVE('',#3714,#3715,#4392,.T.);
#2702=EDGE_CURVE('',#3715,#3716,#4393,.T.);
#2703=EDGE_CURVE('',#3716,#3717,#4394,.T.);
#2704=EDGE_CURVE('',#3717,#3718,#4395,.T.);
#2705=EDGE_CURVE('',#3718,#3719,#4396,.T.);
#2706=EDGE_CURVE('',#3719,#3720,#4397,.T.);
#2707=EDGE_CURVE('',#3720,#3721,#4398,.T.);
#2708=EDGE_CURVE('',#3721,#3722,#4399,.T.);
#2709=EDGE_CURVE('',#3722,#3723,#4400,.T.);
#2710=EDGE_CURVE('',#3723,#3724,#4401,.T.);
#2711=EDGE_CURVE('',#3724,#3713,#4402,.T.);
#2712=EDGE_CURVE('',#3725,#3726,#4403,.T.);
#2713=EDGE_CURVE('',#3726,#3727,#300,.T.);
#2714=EDGE_CURVE('',#3727,#3728,#301,.T.);
#2715=EDGE_CURVE('',#3728,#3729,#302,.T.);
#2716=EDGE_CURVE('',#3729,#3730,#303,.T.);
#2717=EDGE_CURVE('',#3730,#3731,#4404,.T.);
#2718=EDGE_CURVE('',#3731,#3732,#304,.F.);
#2719=EDGE_CURVE('',#3732,#3733,#305,.F.);
#2720=EDGE_CURVE('',#3733,#3734,#306,.F.);
#2721=EDGE_CURVE('',#3734,#3735,#307,.F.);
#2722=EDGE_CURVE('',#3735,#3736,#230,.T.);
#2723=EDGE_CURVE('',#3736,#3737,#308,.F.);
#2724=EDGE_CURVE('',#3737,#3738,#4405,.T.);
#2725=EDGE_CURVE('',#3738,#3739,#309,.T.);
#2726=EDGE_CURVE('',#3739,#3740,#310,.T.);
#2727=EDGE_CURVE('',#3740,#3741,#4406,.T.);
#2728=EDGE_CURVE('',#3741,#3742,#311,.T.);
#2729=EDGE_CURVE('',#3742,#3743,#231,.T.);
#2730=EDGE_CURVE('',#3743,#3744,#312,.T.);
#2731=EDGE_CURVE('',#3744,#3745,#313,.T.);
#2732=EDGE_CURVE('',#3745,#3746,#314,.T.);
#2733=EDGE_CURVE('',#3746,#3747,#315,.T.);
#2734=EDGE_CURVE('',#3747,#3748,#316,.T.);
#2735=EDGE_CURVE('',#3748,#3749,#317,.T.);
#2736=EDGE_CURVE('',#3749,#3750,#4407,.T.);
#2737=EDGE_CURVE('',#3750,#3751,#318,.F.);
#2738=EDGE_CURVE('',#3751,#3752,#319,.F.);
#2739=EDGE_CURVE('',#3752,#3753,#320,.F.);
#2740=EDGE_CURVE('',#3753,#3754,#321,.F.);
#2741=EDGE_CURVE('',#3754,#3755,#322,.F.);
#2742=EDGE_CURVE('',#3755,#3756,#323,.F.);
#2743=EDGE_CURVE('',#3756,#3757,#324,.F.);
#2744=EDGE_CURVE('',#3757,#3758,#325,.F.);
#2745=EDGE_CURVE('',#3758,#3759,#326,.T.);
#2746=EDGE_CURVE('',#3759,#3725,#327,.T.);
#2747=EDGE_CURVE('',#3760,#3761,#232,.T.);
#2748=EDGE_CURVE('',#3761,#3762,#233,.T.);
#2749=EDGE_CURVE('',#3762,#3763,#234,.T.);
#2750=EDGE_CURVE('',#3763,#3764,#4408,.T.);
#2751=EDGE_CURVE('',#3764,#3765,#328,.F.);
#2752=EDGE_CURVE('',#3765,#3766,#329,.F.);
#2753=EDGE_CURVE('',#3766,#3767,#330,.F.);
#2754=EDGE_CURVE('',#3767,#3768,#331,.F.);
#2755=EDGE_CURVE('',#3768,#3769,#235,.T.);
#2756=EDGE_CURVE('',#3769,#3770,#236,.T.);
#2757=EDGE_CURVE('',#3770,#3771,#332,.F.);
#2758=EDGE_CURVE('',#3771,#3772,#333,.F.);
#2759=EDGE_CURVE('',#3772,#3773,#334,.F.);
#2760=EDGE_CURVE('',#3773,#3774,#4409,.T.);
#2761=EDGE_CURVE('',#3774,#3775,#4410,.T.);
#2762=EDGE_CURVE('',#3775,#3776,#4411,.T.);
#2763=EDGE_CURVE('',#3776,#3777,#335,.T.);
#2764=EDGE_CURVE('',#3777,#3778,#336,.T.);
#2765=EDGE_CURVE('',#3778,#3760,#337,.T.);
#2766=EDGE_CURVE('',#3779,#3780,#4412,.T.);
#2767=EDGE_CURVE('',#3780,#3781,#237,.T.);
#2768=EDGE_CURVE('',#3781,#3782,#238,.T.);
#2769=EDGE_CURVE('',#3782,#3783,#338,.F.);
#2770=EDGE_CURVE('',#3783,#3784,#339,.F.);
#2771=EDGE_CURVE('',#3784,#3785,#239,.T.);
#2772=EDGE_CURVE('',#3785,#3786,#240,.T.);
#2773=EDGE_CURVE('',#3786,#3787,#340,.F.);
#2774=EDGE_CURVE('',#3787,#3788,#341,.F.);
#2775=EDGE_CURVE('',#3788,#3789,#342,.F.);
#2776=EDGE_CURVE('',#3789,#3790,#343,.F.);
#2777=EDGE_CURVE('',#3790,#3791,#4413,.T.);
#2778=EDGE_CURVE('',#3791,#3792,#4414,.T.);
#2779=EDGE_CURVE('',#3792,#3793,#4415,.T.);
#2780=EDGE_CURVE('',#3793,#3794,#241,.T.);
#2781=EDGE_CURVE('',#3794,#3795,#242,.T.);
#2782=EDGE_CURVE('',#3795,#3796,#344,.T.);
#2783=EDGE_CURVE('',#3796,#3797,#345,.T.);
#2784=EDGE_CURVE('',#3797,#3798,#243,.T.);
#2785=EDGE_CURVE('',#3798,#3799,#244,.T.);
#2786=EDGE_CURVE('',#3799,#3800,#4416,.T.);
#2787=EDGE_CURVE('',#3800,#3779,#4417,.T.);
#2788=EDGE_CURVE('',#3801,#3802,#4418,.T.);
#2789=EDGE_CURVE('',#3802,#3803,#4419,.T.);
#2790=EDGE_CURVE('',#3803,#3804,#4420,.T.);
#2791=EDGE_CURVE('',#3804,#3801,#4421,.T.);
#2792=EDGE_CURVE('',#3805,#3806,#4422,.T.);
#2793=EDGE_CURVE('',#3806,#3807,#4423,.T.);
#2794=EDGE_CURVE('',#3807,#3808,#4424,.T.);
#2795=EDGE_CURVE('',#3808,#3809,#4425,.T.);
#2796=EDGE_CURVE('',#3809,#3805,#4426,.T.);
#2797=EDGE_CURVE('',#3810,#3811,#4427,.T.);
#2798=EDGE_CURVE('',#3811,#3812,#346,.F.);
#2799=EDGE_CURVE('',#3812,#3813,#347,.T.);
#2800=EDGE_CURVE('',#3813,#3814,#348,.F.);
#2801=EDGE_CURVE('',#3814,#3815,#349,.F.);
#2802=EDGE_CURVE('',#3815,#3816,#350,.F.);
#2803=EDGE_CURVE('',#3816,#3817,#351,.F.);
#2804=EDGE_CURVE('',#3817,#3818,#352,.F.);
#2805=EDGE_CURVE('',#3818,#3819,#353,.F.);
#2806=EDGE_CURVE('',#3819,#3820,#354,.F.);
#2807=EDGE_CURVE('',#3820,#3821,#355,.T.);
#2808=EDGE_CURVE('',#3821,#3822,#356,.F.);
#2809=EDGE_CURVE('',#3822,#3823,#4428,.T.);
#2810=EDGE_CURVE('',#3823,#3824,#357,.F.);
#2811=EDGE_CURVE('',#3824,#3825,#358,.F.);
#2812=EDGE_CURVE('',#3825,#3826,#359,.F.);
#2813=EDGE_CURVE('',#3826,#3827,#360,.F.);
#2814=EDGE_CURVE('',#3827,#3828,#361,.T.);
#2815=EDGE_CURVE('',#3828,#3829,#362,.T.);
#2816=EDGE_CURVE('',#3829,#3830,#363,.T.);
#2817=EDGE_CURVE('',#3830,#3831,#364,.T.);
#2818=EDGE_CURVE('',#3831,#3832,#365,.T.);
#2819=EDGE_CURVE('',#3832,#3833,#4429,.T.);
#2820=EDGE_CURVE('',#3833,#3810,#4430,.T.);
#2821=EDGE_CURVE('',#3834,#3835,#4431,.T.);
#2822=EDGE_CURVE('',#3835,#3836,#4432,.T.);
#2823=EDGE_CURVE('',#3836,#3837,#4433,.T.);
#2824=EDGE_CURVE('',#3837,#3838,#4434,.T.);
#2825=EDGE_CURVE('',#3838,#3839,#4435,.T.);
#2826=EDGE_CURVE('',#3839,#3840,#4436,.T.);
#2827=EDGE_CURVE('',#3840,#3841,#4437,.T.);
#2828=EDGE_CURVE('',#3841,#3842,#4438,.T.);
#2829=EDGE_CURVE('',#3842,#3843,#4439,.T.);
#2830=EDGE_CURVE('',#3843,#3844,#4440,.T.);
#2831=EDGE_CURVE('',#3844,#3845,#4441,.T.);
#2832=EDGE_CURVE('',#3845,#3834,#4442,.T.);
#2833=EDGE_CURVE('',#3846,#3847,#245,.T.);
#2834=EDGE_CURVE('',#3847,#3848,#246,.T.);
#2835=EDGE_CURVE('',#3848,#3849,#247,.T.);
#2836=EDGE_CURVE('',#3849,#3850,#4443,.T.);
#2837=EDGE_CURVE('',#3850,#3851,#366,.F.);
#2838=EDGE_CURVE('',#3851,#3852,#367,.F.);
#2839=EDGE_CURVE('',#3852,#3853,#368,.F.);
#2840=EDGE_CURVE('',#3853,#3854,#369,.F.);
#2841=EDGE_CURVE('',#3854,#3855,#248,.T.);
#2842=EDGE_CURVE('',#3855,#3856,#249,.T.);
#2843=EDGE_CURVE('',#3856,#3857,#370,.F.);
#2844=EDGE_CURVE('',#3857,#3858,#371,.F.);
#2845=EDGE_CURVE('',#3858,#3859,#372,.F.);
#2846=EDGE_CURVE('',#3859,#3860,#4444,.T.);
#2847=EDGE_CURVE('',#3860,#3861,#4445,.T.);
#2848=EDGE_CURVE('',#3861,#3862,#4446,.T.);
#2849=EDGE_CURVE('',#3862,#3863,#373,.T.);
#2850=EDGE_CURVE('',#3863,#3864,#374,.T.);
#2851=EDGE_CURVE('',#3864,#3846,#375,.T.);
#2852=EDGE_CURVE('',#3865,#3866,#4447,.T.);
#2853=EDGE_CURVE('',#3866,#3867,#376,.F.);
#2854=EDGE_CURVE('',#3867,#3868,#250,.T.);
#2855=EDGE_CURVE('',#3868,#3869,#4448,.T.);
#2856=EDGE_CURVE('',#3869,#3870,#377,.T.);
#2857=EDGE_CURVE('',#3870,#3871,#378,.T.);
#2858=EDGE_CURVE('',#3871,#3865,#379,.T.);
#2859=EDGE_CURVE('',#3872,#3873,#4449,.T.);
#2860=EDGE_CURVE('',#3873,#3874,#4450,.T.);
#2861=EDGE_CURVE('',#3874,#3875,#4451,.T.);
#2862=EDGE_CURVE('',#3875,#3876,#4452,.T.);
#2863=EDGE_CURVE('',#3876,#3872,#4453,.T.);
#2864=EDGE_CURVE('',#3877,#3878,#4454,.T.);
#2865=EDGE_CURVE('',#3878,#3879,#380,.T.);
#2866=EDGE_CURVE('',#3879,#3880,#381,.T.);
#2867=EDGE_CURVE('',#3880,#3881,#382,.T.);
#2868=EDGE_CURVE('',#3881,#3882,#383,.T.);
#2869=EDGE_CURVE('',#3882,#3883,#4455,.T.);
#2870=EDGE_CURVE('',#3883,#3884,#384,.F.);
#2871=EDGE_CURVE('',#3884,#3885,#385,.F.);
#2872=EDGE_CURVE('',#3885,#3886,#386,.F.);
#2873=EDGE_CURVE('',#3886,#3887,#387,.F.);
#2874=EDGE_CURVE('',#3887,#3888,#251,.T.);
#2875=EDGE_CURVE('',#3888,#3889,#388,.F.);
#2876=EDGE_CURVE('',#3889,#3890,#4456,.T.);
#2877=EDGE_CURVE('',#3890,#3891,#389,.T.);
#2878=EDGE_CURVE('',#3891,#3892,#390,.T.);
#2879=EDGE_CURVE('',#3892,#3893,#4457,.T.);
#2880=EDGE_CURVE('',#3893,#3894,#391,.T.);
#2881=EDGE_CURVE('',#3894,#3895,#252,.T.);
#2882=EDGE_CURVE('',#3895,#3896,#392,.T.);
#2883=EDGE_CURVE('',#3896,#3897,#393,.T.);
#2884=EDGE_CURVE('',#3897,#3898,#394,.T.);
#2885=EDGE_CURVE('',#3898,#3899,#395,.T.);
#2886=EDGE_CURVE('',#3899,#3900,#396,.T.);
#2887=EDGE_CURVE('',#3900,#3901,#397,.T.);
#2888=EDGE_CURVE('',#3901,#3902,#4458,.T.);
#2889=EDGE_CURVE('',#3902,#3903,#398,.F.);
#2890=EDGE_CURVE('',#3903,#3904,#399,.F.);
#2891=EDGE_CURVE('',#3904,#3905,#400,.F.);
#2892=EDGE_CURVE('',#3905,#3906,#401,.F.);
#2893=EDGE_CURVE('',#3906,#3907,#402,.F.);
#2894=EDGE_CURVE('',#3907,#3908,#403,.F.);
#2895=EDGE_CURVE('',#3908,#3909,#404,.F.);
#2896=EDGE_CURVE('',#3909,#3910,#405,.F.);
#2897=EDGE_CURVE('',#3910,#3911,#406,.T.);
#2898=EDGE_CURVE('',#3911,#3877,#407,.T.);
#2899=EDGE_CURVE('',#3912,#3913,#253,.T.);
#2900=EDGE_CURVE('',#3913,#3914,#254,.T.);
#2901=EDGE_CURVE('',#3914,#3915,#255,.T.);
#2902=EDGE_CURVE('',#3915,#3916,#4459,.T.);
#2903=EDGE_CURVE('',#3916,#3917,#408,.F.);
#2904=EDGE_CURVE('',#3917,#3918,#409,.F.);
#2905=EDGE_CURVE('',#3918,#3919,#410,.F.);
#2906=EDGE_CURVE('',#3919,#3920,#411,.F.);
#2907=EDGE_CURVE('',#3920,#3921,#256,.T.);
#2908=EDGE_CURVE('',#3921,#3922,#257,.T.);
#2909=EDGE_CURVE('',#3922,#3923,#412,.F.);
#2910=EDGE_CURVE('',#3923,#3924,#413,.F.);
#2911=EDGE_CURVE('',#3924,#3925,#414,.F.);
#2912=EDGE_CURVE('',#3925,#3926,#4460,.T.);
#2913=EDGE_CURVE('',#3926,#3927,#4461,.T.);
#2914=EDGE_CURVE('',#3927,#3928,#4462,.T.);
#2915=EDGE_CURVE('',#3928,#3929,#415,.T.);
#2916=EDGE_CURVE('',#3929,#3930,#416,.T.);
#2917=EDGE_CURVE('',#3930,#3912,#417,.T.);
#2918=EDGE_CURVE('',#3931,#3932,#4463,.T.);
#2919=EDGE_CURVE('',#3932,#3933,#258,.T.);
#2920=EDGE_CURVE('',#3933,#3934,#418,.T.);
#2921=EDGE_CURVE('',#3934,#3935,#419,.T.);
#2922=EDGE_CURVE('',#3935,#3936,#420,.T.);
#2923=EDGE_CURVE('',#3936,#3937,#4464,.T.);
#2924=EDGE_CURVE('',#3937,#3938,#421,.F.);
#2925=EDGE_CURVE('',#3938,#3939,#422,.F.);
#2926=EDGE_CURVE('',#3939,#3940,#423,.T.);
#2927=EDGE_CURVE('',#3940,#3941,#424,.T.);
#2928=EDGE_CURVE('',#3941,#3942,#425,.F.);
#2929=EDGE_CURVE('',#3942,#3943,#426,.F.);
#2930=EDGE_CURVE('',#3943,#3944,#427,.F.);
#2931=EDGE_CURVE('',#3944,#3945,#428,.F.);
#2932=EDGE_CURVE('',#3945,#3946,#429,.F.);
#2933=EDGE_CURVE('',#3946,#3947,#4465,.T.);
#2934=EDGE_CURVE('',#3947,#3931,#4466,.T.);
#2935=EDGE_CURVE('',#3948,#3949,#4467,.T.);
#2936=EDGE_CURVE('',#3949,#3950,#4468,.T.);
#2937=EDGE_CURVE('',#3950,#3951,#4469,.T.);
#2938=EDGE_CURVE('',#3951,#3952,#4470,.T.);
#2939=EDGE_CURVE('',#3952,#3953,#4471,.T.);
#2940=EDGE_CURVE('',#3953,#3954,#4472,.T.);
#2941=EDGE_CURVE('',#3954,#3948,#4473,.T.);
#2942=EDGE_CURVE('',#3955,#3956,#4474,.T.);
#2943=EDGE_CURVE('',#3956,#3957,#4475,.T.);
#2944=EDGE_CURVE('',#3957,#3958,#4476,.T.);
#2945=EDGE_CURVE('',#3958,#3955,#4477,.T.);
#2946=EDGE_CURVE('',#3959,#3960,#4478,.T.);
#2947=EDGE_CURVE('',#3960,#3961,#430,.T.);
#2948=EDGE_CURVE('',#3961,#3962,#431,.T.);
#2949=EDGE_CURVE('',#3962,#3963,#432,.T.);
#2950=EDGE_CURVE('',#3963,#3964,#433,.T.);
#2951=EDGE_CURVE('',#3964,#3965,#4479,.T.);
#2952=EDGE_CURVE('',#3965,#3966,#434,.F.);
#2953=EDGE_CURVE('',#3966,#3967,#435,.F.);
#2954=EDGE_CURVE('',#3967,#3968,#436,.F.);
#2955=EDGE_CURVE('',#3968,#3969,#437,.F.);
#2956=EDGE_CURVE('',#3969,#3970,#259,.T.);
#2957=EDGE_CURVE('',#3970,#3971,#438,.F.);
#2958=EDGE_CURVE('',#3971,#3972,#4480,.T.);
#2959=EDGE_CURVE('',#3972,#3973,#439,.T.);
#2960=EDGE_CURVE('',#3973,#3974,#440,.T.);
#2961=EDGE_CURVE('',#3974,#3975,#4481,.T.);
#2962=EDGE_CURVE('',#3975,#3976,#441,.T.);
#2963=EDGE_CURVE('',#3976,#3977,#260,.T.);
#2964=EDGE_CURVE('',#3977,#3978,#442,.T.);
#2965=EDGE_CURVE('',#3978,#3979,#443,.T.);
#2966=EDGE_CURVE('',#3979,#3980,#444,.T.);
#2967=EDGE_CURVE('',#3980,#3981,#445,.T.);
#2968=EDGE_CURVE('',#3981,#3982,#446,.T.);
#2969=EDGE_CURVE('',#3982,#3983,#447,.T.);
#2970=EDGE_CURVE('',#3983,#3984,#4482,.T.);
#2971=EDGE_CURVE('',#3984,#3985,#448,.F.);
#2972=EDGE_CURVE('',#3985,#3986,#449,.F.);
#2973=EDGE_CURVE('',#3986,#3987,#450,.F.);
#2974=EDGE_CURVE('',#3987,#3988,#451,.F.);
#2975=EDGE_CURVE('',#3988,#3989,#452,.F.);
#2976=EDGE_CURVE('',#3989,#3990,#453,.F.);
#2977=EDGE_CURVE('',#3990,#3991,#454,.F.);
#2978=EDGE_CURVE('',#3991,#3992,#455,.F.);
#2979=EDGE_CURVE('',#3992,#3993,#456,.T.);
#2980=EDGE_CURVE('',#3993,#3959,#457,.T.);
#2981=EDGE_CURVE('',#3994,#3995,#4483,.T.);
#2982=EDGE_CURVE('',#3995,#3996,#4484,.T.);
#2983=EDGE_CURVE('',#3996,#3997,#4485,.T.);
#2984=EDGE_CURVE('',#3997,#3998,#4486,.T.);
#2985=EDGE_CURVE('',#3998,#3994,#4487,.T.);
#2986=EDGE_CURVE('',#3999,#4000,#458,.F.);
#2987=EDGE_CURVE('',#4000,#4001,#459,.F.);
#2988=EDGE_CURVE('',#4001,#4002,#460,.F.);
#2989=EDGE_CURVE('',#4002,#4003,#461,.F.);
#2990=EDGE_CURVE('',#4003,#4004,#462,.F.);
#2991=EDGE_CURVE('',#4004,#4005,#4488,.T.);
#2992=EDGE_CURVE('',#4005,#4006,#4489,.T.);
#2993=EDGE_CURVE('',#4006,#4007,#4490,.T.);
#2994=EDGE_CURVE('',#4007,#4008,#463,.T.);
#2995=EDGE_CURVE('',#4008,#4009,#464,.T.);
#2996=EDGE_CURVE('',#4009,#4010,#465,.T.);
#2997=EDGE_CURVE('',#4010,#4011,#261,.T.);
#2998=EDGE_CURVE('',#4011,#4012,#466,.T.);
#2999=EDGE_CURVE('',#4012,#4013,#467,.T.);
#3000=EDGE_CURVE('',#4013,#4014,#4491,.T.);
#3001=EDGE_CURVE('',#4014,#3999,#468,.F.);
#3002=EDGE_CURVE('',#4015,#4016,#262,.T.);
#3003=EDGE_CURVE('',#4016,#4017,#469,.F.);
#3004=EDGE_CURVE('',#4017,#4018,#470,.F.);
#3005=EDGE_CURVE('',#4018,#4019,#471,.F.);
#3006=EDGE_CURVE('',#4019,#4020,#472,.T.);
#3007=EDGE_CURVE('',#4020,#4021,#4492,.T.);
#3008=EDGE_CURVE('',#4021,#4022,#4493,.T.);
#3009=EDGE_CURVE('',#4022,#4023,#4494,.T.);
#3010=EDGE_CURVE('',#4023,#4024,#473,.T.);
#3011=EDGE_CURVE('',#4024,#4025,#474,.T.);
#3012=EDGE_CURVE('',#4025,#4026,#263,.T.);
#3013=EDGE_CURVE('',#4026,#4027,#475,.T.);
#3014=EDGE_CURVE('',#4027,#4028,#476,.T.);
#3015=EDGE_CURVE('',#4028,#4029,#4495,.T.);
#3016=EDGE_CURVE('',#4029,#4030,#477,.F.);
#3017=EDGE_CURVE('',#4030,#4031,#478,.F.);
#3018=EDGE_CURVE('',#4031,#4015,#264,.T.);
#3019=EDGE_CURVE('',#4032,#4033,#4496,.T.);
#3020=EDGE_CURVE('',#4033,#4034,#4497,.T.);
#3021=EDGE_CURVE('',#4034,#4035,#4498,.T.);
#3022=EDGE_CURVE('',#4035,#4032,#4499,.T.);
#3023=EDGE_CURVE('',#4036,#4037,#4500,.T.);
#3024=EDGE_CURVE('',#4037,#3706,#4501,.T.);
#3025=EDGE_CURVE('',#3712,#4038,#4502,.T.);
#3026=EDGE_CURVE('',#4038,#4039,#4503,.T.);
#3027=EDGE_CURVE('',#3709,#4039,#4504,.T.);
#3028=EDGE_CURVE('',#4040,#3708,#4505,.T.);
#3029=EDGE_CURVE('',#4040,#4041,#4506,.T.);
#3030=EDGE_CURVE('',#4041,#4042,#4507,.T.);
#3031=EDGE_CURVE('',#4043,#4042,#4508,.T.);
#3032=EDGE_CURVE('',#4036,#4043,#4509,.T.);
#3033=EDGE_CURVE('',#3711,#4044,#4510,.T.);
#3034=EDGE_CURVE('',#4038,#4044,#4511,.T.);
#3035=EDGE_CURVE('',#4044,#4045,#4512,.T.);
#3036=EDGE_CURVE('',#4039,#4045,#4513,.T.);
#3037=EDGE_CURVE('',#3710,#4045,#4514,.T.);
#3038=EDGE_CURVE('',#4046,#4047,#4515,.T.);
#3039=EDGE_CURVE('',#4046,#4037,#4516,.T.);
#3040=EDGE_CURVE('',#4036,#4048,#4517,.T.);
#3041=EDGE_CURVE('',#4048,#4049,#4518,.T.);
#3042=EDGE_CURVE('',#4041,#4049,#4519,.T.);
#3043=EDGE_CURVE('',#4047,#4040,#4520,.T.);
#3044=EDGE_CURVE('',#4048,#4050,#4521,.T.);
#3045=EDGE_CURVE('',#4043,#4050,#4522,.T.);
#3046=EDGE_CURVE('',#4050,#4051,#4523,.T.);
#3047=EDGE_CURVE('',#4042,#4051,#4524,.T.);
#3048=EDGE_CURVE('',#4049,#4051,#4525,.T.);
#3049=EDGE_CURVE('',#4052,#4052,#479,.F.);
#3050=EDGE_CURVE('',#4053,#4053,#480,.F.);
#3051=EDGE_CURVE('',#4054,#4054,#481,.F.);
#3052=EDGE_CURVE('',#4055,#4055,#482,.F.);
#3053=EDGE_CURVE('',#4056,#4056,#483,.T.);
#3054=EDGE_CURVE('',#4057,#4057,#484,.T.);
#3055=EDGE_CURVE('',#4058,#4058,#485,.T.);
#3056=EDGE_CURVE('',#4059,#4059,#486,.T.);
#3057=EDGE_CURVE('',#4047,#3707,#4526,.T.);
#3058=EDGE_CURVE('',#4046,#3705,#4527,.T.);
#3059=EDGE_CURVE('',#4060,#3714,#4528,.T.);
#3060=EDGE_CURVE('',#4060,#4061,#4529,.T.);
#3061=EDGE_CURVE('',#4061,#3715,#4530,.T.);
#3062=EDGE_CURVE('',#4062,#3713,#4531,.T.);
#3063=EDGE_CURVE('',#4062,#4060,#4532,.T.);
#3064=EDGE_CURVE('',#4063,#3724,#4533,.T.);
#3065=EDGE_CURVE('',#4063,#4062,#4534,.T.);
#3066=EDGE_CURVE('',#4064,#3723,#4535,.T.);
#3067=EDGE_CURVE('',#4064,#4063,#4536,.T.);
#3068=EDGE_CURVE('',#4065,#3722,#4537,.T.);
#3069=EDGE_CURVE('',#4065,#4064,#4538,.T.);
#3070=EDGE_CURVE('',#4066,#3721,#4539,.T.);
#3071=EDGE_CURVE('',#4066,#4065,#4540,.T.);
#3072=EDGE_CURVE('',#4067,#3720,#4541,.T.);
#3073=EDGE_CURVE('',#4067,#4066,#4542,.T.);
#3074=EDGE_CURVE('',#4068,#3719,#4543,.T.);
#3075=EDGE_CURVE('',#4068,#4067,#4544,.T.);
#3076=EDGE_CURVE('',#4069,#3718,#4545,.T.);
#3077=EDGE_CURVE('',#4069,#4068,#4546,.T.);
#3078=EDGE_CURVE('',#4070,#3717,#4547,.T.);
#3079=EDGE_CURVE('',#4070,#4069,#4548,.T.);
#3080=EDGE_CURVE('',#4071,#3716,#4549,.T.);
#3081=EDGE_CURVE('',#4071,#4070,#4550,.T.);
#3082=EDGE_CURVE('',#4061,#4071,#4551,.T.);
#3083=EDGE_CURVE('',#4072,#3726,#4552,.T.);
#3084=EDGE_CURVE('',#4072,#4073,#487,.T.);
#3085=EDGE_CURVE('',#4073,#3727,#4553,.T.);
#3086=EDGE_CURVE('',#4074,#3725,#4554,.T.);
#3087=EDGE_CURVE('',#4074,#4072,#4555,.T.);
#3088=EDGE_CURVE('',#4075,#3759,#4556,.T.);
#3089=EDGE_CURVE('',#4075,#4074,#488,.T.);
#3090=EDGE_CURVE('',#4076,#3758,#4557,.T.);
#3091=EDGE_CURVE('',#4076,#4075,#489,.T.);
#3092=EDGE_CURVE('',#4077,#3757,#4558,.T.);
#3093=EDGE_CURVE('',#4077,#4076,#490,.F.);
#3094=EDGE_CURVE('',#4078,#3756,#4559,.T.);
#3095=EDGE_CURVE('',#4078,#4077,#491,.F.);
#3096=EDGE_CURVE('',#4079,#3755,#4560,.T.);
#3097=EDGE_CURVE('',#4079,#4078,#492,.F.);
#3098=EDGE_CURVE('',#4080,#3754,#4561,.T.);
#3099=EDGE_CURVE('',#4080,#4079,#493,.F.);
#3100=EDGE_CURVE('',#4081,#3753,#4562,.T.);
#3101=EDGE_CURVE('',#4081,#4080,#494,.F.);
#3102=EDGE_CURVE('',#4082,#3752,#4563,.T.);
#3103=EDGE_CURVE('',#4082,#4081,#495,.F.);
#3104=EDGE_CURVE('',#4083,#3751,#4564,.T.);
#3105=EDGE_CURVE('',#4083,#4082,#496,.F.);
#3106=EDGE_CURVE('',#4084,#3750,#4565,.T.);
#3107=EDGE_CURVE('',#4084,#4083,#497,.F.);
#3108=EDGE_CURVE('',#4085,#3749,#4566,.T.);
#3109=EDGE_CURVE('',#4085,#4084,#4567,.T.);
#3110=EDGE_CURVE('',#4086,#3748,#4568,.T.);
#3111=EDGE_CURVE('',#4086,#4085,#498,.T.);
#3112=EDGE_CURVE('',#4087,#3747,#4569,.T.);
#3113=EDGE_CURVE('',#4087,#4086,#499,.T.);
#3114=EDGE_CURVE('',#4088,#3746,#4570,.T.);
#3115=EDGE_CURVE('',#4088,#4087,#500,.T.);
#3116=EDGE_CURVE('',#4089,#3745,#4571,.T.);
#3117=EDGE_CURVE('',#4089,#4088,#501,.T.);
#3118=EDGE_CURVE('',#4090,#3744,#4572,.T.);
#3119=EDGE_CURVE('',#4090,#4089,#502,.T.);
#3120=EDGE_CURVE('',#4091,#3743,#4573,.T.);
#3121=EDGE_CURVE('',#4091,#4090,#503,.T.);
#3122=EDGE_CURVE('',#4092,#3742,#4574,.T.);
#3123=EDGE_CURVE('',#4092,#4091,#265,.T.);
#3124=EDGE_CURVE('',#4093,#3741,#4575,.T.);
#3125=EDGE_CURVE('',#4093,#4092,#504,.T.);
#3126=EDGE_CURVE('',#4094,#3740,#4576,.T.);
#3127=EDGE_CURVE('',#4094,#4093,#4577,.T.);
#3128=EDGE_CURVE('',#4095,#3739,#4578,.T.);
#3129=EDGE_CURVE('',#4095,#4094,#505,.T.);
#3130=EDGE_CURVE('',#4096,#3738,#4579,.T.);
#3131=EDGE_CURVE('',#4096,#4095,#506,.T.);
#3132=EDGE_CURVE('',#4097,#3737,#4580,.T.);
#3133=EDGE_CURVE('',#4097,#4096,#4581,.T.);
#3134=EDGE_CURVE('',#4098,#3736,#4582,.T.);
#3135=EDGE_CURVE('',#4098,#4097,#507,.F.);
#3136=EDGE_CURVE('',#4099,#3735,#4583,.T.);
#3137=EDGE_CURVE('',#4099,#4098,#266,.T.);
#3138=EDGE_CURVE('',#4100,#3734,#4584,.T.);
#3139=EDGE_CURVE('',#4100,#4099,#508,.F.);
#3140=EDGE_CURVE('',#4101,#3733,#4585,.T.);
#3141=EDGE_CURVE('',#4101,#4100,#509,.F.);
#3142=EDGE_CURVE('',#4102,#3732,#4586,.T.);
#3143=EDGE_CURVE('',#4102,#4101,#510,.F.);
#3144=EDGE_CURVE('',#4103,#3731,#4587,.T.);
#3145=EDGE_CURVE('',#4103,#4102,#511,.F.);
#3146=EDGE_CURVE('',#4104,#3730,#4588,.T.);
#3147=EDGE_CURVE('',#4104,#4103,#4589,.T.);
#3148=EDGE_CURVE('',#4105,#3729,#4590,.T.);
#3149=EDGE_CURVE('',#4105,#4104,#512,.T.);
#3150=EDGE_CURVE('',#4106,#3728,#4591,.T.);
#3151=EDGE_CURVE('',#4106,#4105,#513,.T.);
#3152=EDGE_CURVE('',#4073,#4106,#514,.T.);
#3153=EDGE_CURVE('',#4107,#3761,#4592,.T.);
#3154=EDGE_CURVE('',#4107,#4108,#267,.T.);
#3155=EDGE_CURVE('',#4108,#3762,#4593,.T.);
#3156=EDGE_CURVE('',#4109,#3760,#4594,.T.);
#3157=EDGE_CURVE('',#4109,#4107,#268,.T.);
#3158=EDGE_CURVE('',#4110,#3778,#4595,.T.);
#3159=EDGE_CURVE('',#4110,#4109,#515,.T.);
#3160=EDGE_CURVE('',#4111,#3777,#4596,.T.);
#3161=EDGE_CURVE('',#4111,#4110,#516,.T.);
#3162=EDGE_CURVE('',#4112,#3776,#4597,.T.);
#3163=EDGE_CURVE('',#4112,#4111,#517,.T.);
#3164=EDGE_CURVE('',#4113,#3775,#4598,.T.);
#3165=EDGE_CURVE('',#4113,#4112,#4599,.T.);
#3166=EDGE_CURVE('',#4114,#3774,#4600,.T.);
#3167=EDGE_CURVE('',#4114,#4113,#4601,.T.);
#3168=EDGE_CURVE('',#4115,#3773,#4602,.T.);
#3169=EDGE_CURVE('',#4115,#4114,#4603,.T.);
#3170=EDGE_CURVE('',#4116,#3772,#4604,.T.);
#3171=EDGE_CURVE('',#4116,#4115,#518,.F.);
#3172=EDGE_CURVE('',#4117,#3771,#4605,.T.);
#3173=EDGE_CURVE('',#4117,#4116,#519,.F.);
#3174=EDGE_CURVE('',#4118,#3770,#4606,.T.);
#3175=EDGE_CURVE('',#4118,#4117,#520,.F.);
#3176=EDGE_CURVE('',#4119,#3769,#4607,.T.);
#3177=EDGE_CURVE('',#4119,#4118,#269,.T.);
#3178=EDGE_CURVE('',#4120,#3768,#4608,.T.);
#3179=EDGE_CURVE('',#4120,#4119,#270,.T.);
#3180=EDGE_CURVE('',#4121,#3767,#4609,.T.);
#3181=EDGE_CURVE('',#4121,#4120,#521,.F.);
#3182=EDGE_CURVE('',#4122,#3766,#4610,.T.);
#3183=EDGE_CURVE('',#4122,#4121,#522,.F.);
#3184=EDGE_CURVE('',#4123,#3765,#4611,.T.);
#3185=EDGE_CURVE('',#4123,#4122,#523,.F.);
#3186=EDGE_CURVE('',#4124,#3764,#4612,.T.);
#3187=EDGE_CURVE('',#4124,#4123,#524,.F.);
#3188=EDGE_CURVE('',#4125,#3763,#4613,.T.);
#3189=EDGE_CURVE('',#4125,#4124,#4614,.T.);
#3190=EDGE_CURVE('',#4108,#4125,#271,.T.);
#3191=EDGE_CURVE('',#4126,#3780,#4615,.T.);
#3192=EDGE_CURVE('',#4126,#4127,#272,.T.);
#3193=EDGE_CURVE('',#4127,#3781,#4616,.T.);
#3194=EDGE_CURVE('',#4128,#3779,#4617,.T.);
#3195=EDGE_CURVE('',#4128,#4126,#4618,.T.);
#3196=EDGE_CURVE('',#4129,#3800,#4619,.T.);
#3197=EDGE_CURVE('',#4129,#4128,#4620,.T.);
#3198=EDGE_CURVE('',#4130,#3799,#4621,.T.);
#3199=EDGE_CURVE('',#4130,#4129,#4622,.T.);
#3200=EDGE_CURVE('',#4131,#3798,#4623,.T.);
#3201=EDGE_CURVE('',#4131,#4130,#273,.T.);
#3202=EDGE_CURVE('',#4132,#3797,#4624,.T.);
#3203=EDGE_CURVE('',#4132,#4131,#274,.T.);
#3204=EDGE_CURVE('',#4133,#3796,#4625,.T.);
#3205=EDGE_CURVE('',#4133,#4132,#525,.T.);
#3206=EDGE_CURVE('',#4134,#3795,#4626,.T.);
#3207=EDGE_CURVE('',#4134,#4133,#526,.T.);
#3208=EDGE_CURVE('',#4135,#3794,#4627,.T.);
#3209=EDGE_CURVE('',#4135,#4134,#275,.T.);
#3210=EDGE_CURVE('',#4136,#3793,#4628,.T.);
#3211=EDGE_CURVE('',#4136,#4135,#276,.T.);
#3212=EDGE_CURVE('',#4137,#3792,#4629,.T.);
#3213=EDGE_CURVE('',#4137,#4136,#4630,.T.);
#3214=EDGE_CURVE('',#4138,#3791,#4631,.T.);
#3215=EDGE_CURVE('',#4138,#4137,#4632,.T.);
#3216=EDGE_CURVE('',#4139,#3790,#4633,.T.);
#3217=EDGE_CURVE('',#4139,#4138,#4634,.T.);
#3218=EDGE_CURVE('',#4140,#3789,#4635,.T.);
#3219=EDGE_CURVE('',#4140,#4139,#527,.F.);
#3220=EDGE_CURVE('',#4141,#3788,#4636,.T.);
#3221=EDGE_CURVE('',#4141,#4140,#528,.F.);
#3222=EDGE_CURVE('',#4142,#3787,#4637,.T.);
#3223=EDGE_CURVE('',#4142,#4141,#529,.F.);
#3224=EDGE_CURVE('',#4143,#3786,#4638,.T.);
#3225=EDGE_CURVE('',#4143,#4142,#530,.F.);
#3226=EDGE_CURVE('',#4144,#3785,#4639,.T.);
#3227=EDGE_CURVE('',#4144,#4143,#277,.T.);
#3228=EDGE_CURVE('',#4145,#3784,#4640,.T.);
#3229=EDGE_CURVE('',#4145,#4144,#278,.T.);
#3230=EDGE_CURVE('',#4146,#3783,#4641,.T.);
#3231=EDGE_CURVE('',#4146,#4145,#531,.F.);
#3232=EDGE_CURVE('',#4147,#3782,#4642,.T.);
#3233=EDGE_CURVE('',#4147,#4146,#532,.F.);
#3234=EDGE_CURVE('',#4127,#4147,#279,.T.);
#3235=EDGE_CURVE('',#4148,#3802,#4643,.T.);
#3236=EDGE_CURVE('',#4148,#4149,#4644,.T.);
#3237=EDGE_CURVE('',#4149,#3803,#4645,.T.);
#3238=EDGE_CURVE('',#4150,#3801,#4646,.T.);
#3239=EDGE_CURVE('',#4150,#4148,#4647,.T.);
#3240=EDGE_CURVE('',#4151,#3804,#4648,.T.);
#3241=EDGE_CURVE('',#4151,#4150,#4649,.T.);
#3242=EDGE_CURVE('',#4149,#4151,#4650,.T.);
#3243=EDGE_CURVE('',#4152,#3806,#4651,.T.);
#3244=EDGE_CURVE('',#4152,#4153,#4652,.T.);
#3245=EDGE_CURVE('',#4153,#3807,#4653,.T.);
#3246=EDGE_CURVE('',#4154,#3805,#4654,.T.);
#3247=EDGE_CURVE('',#4154,#4152,#4655,.T.);
#3248=EDGE_CURVE('',#4155,#3809,#4656,.T.);
#3249=EDGE_CURVE('',#4155,#4154,#4657,.T.);
#3250=EDGE_CURVE('',#4156,#3808,#4658,.T.);
#3251=EDGE_CURVE('',#4156,#4155,#4659,.T.);
#3252=EDGE_CURVE('',#4153,#4156,#4660,.T.);
#3253=EDGE_CURVE('',#4157,#3811,#4661,.T.);
#3254=EDGE_CURVE('',#4157,#4158,#533,.F.);
#3255=EDGE_CURVE('',#4158,#3812,#4662,.T.);
#3256=EDGE_CURVE('',#4159,#3810,#4663,.T.);
#3257=EDGE_CURVE('',#4159,#4157,#4664,.T.);
#3258=EDGE_CURVE('',#4160,#3833,#4665,.T.);
#3259=EDGE_CURVE('',#4160,#4159,#4666,.T.);
#3260=EDGE_CURVE('',#4161,#3832,#4667,.T.);
#3261=EDGE_CURVE('',#4161,#4160,#4668,.T.);
#3262=EDGE_CURVE('',#4162,#3831,#4669,.T.);
#3263=EDGE_CURVE('',#4162,#4161,#534,.T.);
#3264=EDGE_CURVE('',#4163,#3830,#4670,.T.);
#3265=EDGE_CURVE('',#4163,#4162,#535,.T.);
#3266=EDGE_CURVE('',#4164,#3829,#4671,.T.);
#3267=EDGE_CURVE('',#4164,#4163,#536,.T.);
#3268=EDGE_CURVE('',#4165,#3828,#4672,.T.);
#3269=EDGE_CURVE('',#4165,#4164,#537,.T.);
#3270=EDGE_CURVE('',#4166,#3827,#4673,.T.);
#3271=EDGE_CURVE('',#4166,#4165,#538,.T.);
#3272=EDGE_CURVE('',#4167,#3826,#4674,.T.);
#3273=EDGE_CURVE('',#4167,#4166,#539,.F.);
#3274=EDGE_CURVE('',#4168,#3825,#4675,.T.);
#3275=EDGE_CURVE('',#4168,#4167,#540,.F.);
#3276=EDGE_CURVE('',#4169,#3824,#4676,.T.);
#3277=EDGE_CURVE('',#4169,#4168,#541,.F.);
#3278=EDGE_CURVE('',#4170,#3823,#4677,.T.);
#3279=EDGE_CURVE('',#4170,#4169,#542,.F.);
#3280=EDGE_CURVE('',#4171,#3822,#4678,.T.);
#3281=EDGE_CURVE('',#4171,#4170,#4679,.F.);
#3282=EDGE_CURVE('',#4172,#3821,#4680,.T.);
#3283=EDGE_CURVE('',#4172,#4171,#543,.F.);
#3284=EDGE_CURVE('',#4173,#3820,#4681,.T.);
#3285=EDGE_CURVE('',#4173,#4172,#544,.T.);
#3286=EDGE_CURVE('',#4174,#3819,#4682,.T.);
#3287=EDGE_CURVE('',#4174,#4173,#545,.F.);
#3288=EDGE_CURVE('',#4175,#3818,#4683,.T.);
#3289=EDGE_CURVE('',#4175,#4174,#546,.F.);
#3290=EDGE_CURVE('',#4176,#3817,#4684,.T.);
#3291=EDGE_CURVE('',#4176,#4175,#547,.F.);
#3292=EDGE_CURVE('',#4177,#3816,#4685,.T.);
#3293=EDGE_CURVE('',#4177,#4176,#548,.F.);
#3294=EDGE_CURVE('',#4178,#3815,#4686,.T.);
#3295=EDGE_CURVE('',#4178,#4177,#549,.F.);
#3296=EDGE_CURVE('',#4179,#3814,#4687,.T.);
#3297=EDGE_CURVE('',#4179,#4178,#550,.F.);
#3298=EDGE_CURVE('',#4180,#3813,#4688,.T.);
#3299=EDGE_CURVE('',#4180,#4179,#551,.F.);
#3300=EDGE_CURVE('',#4158,#4180,#552,.T.);
#3301=EDGE_CURVE('',#4181,#3835,#4689,.T.);
#3302=EDGE_CURVE('',#4181,#4182,#4690,.T.);
#3303=EDGE_CURVE('',#4182,#3836,#4691,.T.);
#3304=EDGE_CURVE('',#4183,#3834,#4692,.T.);
#3305=EDGE_CURVE('',#4183,#4181,#4693,.T.);
#3306=EDGE_CURVE('',#4184,#3845,#4694,.T.);
#3307=EDGE_CURVE('',#4184,#4183,#4695,.T.);
#3308=EDGE_CURVE('',#4185,#3844,#4696,.T.);
#3309=EDGE_CURVE('',#4185,#4184,#4697,.T.);
#3310=EDGE_CURVE('',#4186,#3843,#4698,.T.);
#3311=EDGE_CURVE('',#4186,#4185,#4699,.T.);
#3312=EDGE_CURVE('',#4187,#3842,#4700,.T.);
#3313=EDGE_CURVE('',#4187,#4186,#4701,.T.);
#3314=EDGE_CURVE('',#4188,#3841,#4702,.T.);
#3315=EDGE_CURVE('',#4188,#4187,#4703,.T.);
#3316=EDGE_CURVE('',#4189,#3840,#4704,.T.);
#3317=EDGE_CURVE('',#4189,#4188,#4705,.T.);
#3318=EDGE_CURVE('',#4190,#3839,#4706,.T.);
#3319=EDGE_CURVE('',#4190,#4189,#4707,.T.);
#3320=EDGE_CURVE('',#4191,#3838,#4708,.T.);
#3321=EDGE_CURVE('',#4191,#4190,#4709,.T.);
#3322=EDGE_CURVE('',#4192,#3837,#4710,.T.);
#3323=EDGE_CURVE('',#4192,#4191,#4711,.T.);
#3324=EDGE_CURVE('',#4182,#4192,#4712,.T.);
#3325=EDGE_CURVE('',#4193,#3847,#4713,.T.);
#3326=EDGE_CURVE('',#4193,#4194,#280,.T.);
#3327=EDGE_CURVE('',#4194,#3848,#4714,.T.);
#3328=EDGE_CURVE('',#4195,#3846,#4715,.T.);
#3329=EDGE_CURVE('',#4195,#4193,#281,.T.);
#3330=EDGE_CURVE('',#4196,#3864,#4716,.T.);
#3331=EDGE_CURVE('',#4196,#4195,#553,.T.);
#3332=EDGE_CURVE('',#4197,#3863,#4717,.T.);
#3333=EDGE_CURVE('',#4197,#4196,#554,.T.);
#3334=EDGE_CURVE('',#4198,#3862,#4718,.T.);
#3335=EDGE_CURVE('',#4198,#4197,#555,.T.);
#3336=EDGE_CURVE('',#4199,#3861,#4719,.T.);
#3337=EDGE_CURVE('',#4199,#4198,#4720,.T.);
#3338=EDGE_CURVE('',#4200,#3860,#4721,.T.);
#3339=EDGE_CURVE('',#4200,#4199,#4722,.T.);
#3340=EDGE_CURVE('',#4201,#3859,#4723,.T.);
#3341=EDGE_CURVE('',#4201,#4200,#4724,.T.);
#3342=EDGE_CURVE('',#4202,#3858,#4725,.T.);
#3343=EDGE_CURVE('',#4202,#4201,#556,.F.);
#3344=EDGE_CURVE('',#4203,#3857,#4726,.T.);
#3345=EDGE_CURVE('',#4203,#4202,#557,.F.);
#3346=EDGE_CURVE('',#4204,#3856,#4727,.T.);
#3347=EDGE_CURVE('',#4204,#4203,#558,.F.);
#3348=EDGE_CURVE('',#4205,#3855,#4728,.T.);
#3349=EDGE_CURVE('',#4205,#4204,#282,.T.);
#3350=EDGE_CURVE('',#4206,#3854,#4729,.T.);
#3351=EDGE_CURVE('',#4206,#4205,#283,.T.);
#3352=EDGE_CURVE('',#4207,#3853,#4730,.T.);
#3353=EDGE_CURVE('',#4207,#4206,#559,.F.);
#3354=EDGE_CURVE('',#4208,#3852,#4731,.T.);
#3355=EDGE_CURVE('',#4208,#4207,#560,.F.);
#3356=EDGE_CURVE('',#4209,#3851,#4732,.T.);
#3357=EDGE_CURVE('',#4209,#4208,#561,.F.);
#3358=EDGE_CURVE('',#4210,#3850,#4733,.T.);
#3359=EDGE_CURVE('',#4210,#4209,#562,.F.);
#3360=EDGE_CURVE('',#4211,#3849,#4734,.T.);
#3361=EDGE_CURVE('',#4211,#4210,#4735,.T.);
#3362=EDGE_CURVE('',#4194,#4211,#284,.T.);
#3363=EDGE_CURVE('',#4212,#3866,#4736,.T.);
#3364=EDGE_CURVE('',#4212,#4213,#563,.F.);
#3365=EDGE_CURVE('',#4213,#3867,#4737,.T.);
#3366=EDGE_CURVE('',#4214,#3865,#4738,.T.);
#3367=EDGE_CURVE('',#4214,#4212,#4739,.T.);
#3368=EDGE_CURVE('',#4215,#3871,#4740,.T.);
#3369=EDGE_CURVE('',#4215,#4214,#564,.T.);
#3370=EDGE_CURVE('',#4216,#3870,#4741,.T.);
#3371=EDGE_CURVE('',#4216,#4215,#565,.T.);
#3372=EDGE_CURVE('',#4217,#3869,#4742,.T.);
#3373=EDGE_CURVE('',#4217,#4216,#566,.T.);
#3374=EDGE_CURVE('',#4218,#3868,#4743,.T.);
#3375=EDGE_CURVE('',#4218,#4217,#4744,.T.);
#3376=EDGE_CURVE('',#4213,#4218,#285,.T.);
#3377=EDGE_CURVE('',#4219,#3873,#4745,.T.);
#3378=EDGE_CURVE('',#4219,#4220,#4746,.T.);
#3379=EDGE_CURVE('',#4220,#3874,#4747,.T.);
#3380=EDGE_CURVE('',#4221,#3872,#4748,.T.);
#3381=EDGE_CURVE('',#4221,#4219,#4749,.T.);
#3382=EDGE_CURVE('',#4222,#3876,#4750,.T.);
#3383=EDGE_CURVE('',#4222,#4221,#4751,.T.);
#3384=EDGE_CURVE('',#4223,#3875,#4752,.T.);
#3385=EDGE_CURVE('',#4223,#4222,#4753,.T.);
#3386=EDGE_CURVE('',#4220,#4223,#4754,.T.);
#3387=EDGE_CURVE('',#4224,#3878,#4755,.T.);
#3388=EDGE_CURVE('',#4224,#4225,#567,.T.);
#3389=EDGE_CURVE('',#4225,#3879,#4756,.T.);
#3390=EDGE_CURVE('',#4226,#3877,#4757,.T.);
#3391=EDGE_CURVE('',#4226,#4224,#4758,.T.);
#3392=EDGE_CURVE('',#4227,#3911,#4759,.T.);
#3393=EDGE_CURVE('',#4227,#4226,#568,.T.);
#3394=EDGE_CURVE('',#4228,#3910,#4760,.T.);
#3395=EDGE_CURVE('',#4228,#4227,#569,.T.);
#3396=EDGE_CURVE('',#4229,#3909,#4761,.T.);
#3397=EDGE_CURVE('',#4229,#4228,#570,.F.);
#3398=EDGE_CURVE('',#4230,#3908,#4762,.T.);
#3399=EDGE_CURVE('',#4230,#4229,#571,.F.);
#3400=EDGE_CURVE('',#4231,#3907,#4763,.T.);
#3401=EDGE_CURVE('',#4231,#4230,#572,.F.);
#3402=EDGE_CURVE('',#4232,#3906,#4764,.T.);
#3403=EDGE_CURVE('',#4232,#4231,#573,.F.);
#3404=EDGE_CURVE('',#4233,#3905,#4765,.T.);
#3405=EDGE_CURVE('',#4233,#4232,#574,.F.);
#3406=EDGE_CURVE('',#4234,#3904,#4766,.T.);
#3407=EDGE_CURVE('',#4234,#4233,#575,.F.);
#3408=EDGE_CURVE('',#4235,#3903,#4767,.T.);
#3409=EDGE_CURVE('',#4235,#4234,#576,.F.);
#3410=EDGE_CURVE('',#4236,#3902,#4768,.T.);
#3411=EDGE_CURVE('',#4236,#4235,#577,.F.);
#3412=EDGE_CURVE('',#4237,#3901,#4769,.T.);
#3413=EDGE_CURVE('',#4237,#4236,#4770,.T.);
#3414=EDGE_CURVE('',#4238,#3900,#4771,.T.);
#3415=EDGE_CURVE('',#4238,#4237,#578,.T.);
#3416=EDGE_CURVE('',#4239,#3899,#4772,.T.);
#3417=EDGE_CURVE('',#4239,#4238,#579,.T.);
#3418=EDGE_CURVE('',#4240,#3898,#4773,.T.);
#3419=EDGE_CURVE('',#4240,#4239,#580,.T.);
#3420=EDGE_CURVE('',#4241,#3897,#4774,.T.);
#3421=EDGE_CURVE('',#4241,#4240,#581,.T.);
#3422=EDGE_CURVE('',#4242,#3896,#4775,.T.);
#3423=EDGE_CURVE('',#4242,#4241,#582,.T.);
#3424=EDGE_CURVE('',#4243,#3895,#4776,.T.);
#3425=EDGE_CURVE('',#4243,#4242,#583,.T.);
#3426=EDGE_CURVE('',#4244,#3894,#4777,.T.);
#3427=EDGE_CURVE('',#4244,#4243,#286,.T.);
#3428=EDGE_CURVE('',#4245,#3893,#4778,.T.);
#3429=EDGE_CURVE('',#4245,#4244,#584,.T.);
#3430=EDGE_CURVE('',#4246,#3892,#4779,.T.);
#3431=EDGE_CURVE('',#4246,#4245,#4780,.T.);
#3432=EDGE_CURVE('',#4247,#3891,#4781,.T.);
#3433=EDGE_CURVE('',#4247,#4246,#585,.T.);
#3434=EDGE_CURVE('',#4248,#3890,#4782,.T.);
#3435=EDGE_CURVE('',#4248,#4247,#586,.T.);
#3436=EDGE_CURVE('',#4249,#3889,#4783,.T.);
#3437=EDGE_CURVE('',#4249,#4248,#4784,.T.);
#3438=EDGE_CURVE('',#4250,#3888,#4785,.T.);
#3439=EDGE_CURVE('',#4250,#4249,#587,.F.);
#3440=EDGE_CURVE('',#4251,#3887,#4786,.T.);
#3441=EDGE_CURVE('',#4251,#4250,#287,.T.);
#3442=EDGE_CURVE('',#4252,#3886,#4787,.T.);
#3443=EDGE_CURVE('',#4252,#4251,#588,.F.);
#3444=EDGE_CURVE('',#4253,#3885,#4788,.T.);
#3445=EDGE_CURVE('',#4253,#4252,#589,.F.);
#3446=EDGE_CURVE('',#4254,#3884,#4789,.T.);
#3447=EDGE_CURVE('',#4254,#4253,#590,.F.);
#3448=EDGE_CURVE('',#4255,#3883,#4790,.T.);
#3449=EDGE_CURVE('',#4255,#4254,#591,.F.);
#3450=EDGE_CURVE('',#4256,#3882,#4791,.T.);
#3451=EDGE_CURVE('',#4256,#4255,#4792,.T.);
#3452=EDGE_CURVE('',#4257,#3881,#4793,.T.);
#3453=EDGE_CURVE('',#4257,#4256,#592,.T.);
#3454=EDGE_CURVE('',#4258,#3880,#4794,.T.);
#3455=EDGE_CURVE('',#4258,#4257,#593,.T.);
#3456=EDGE_CURVE('',#4225,#4258,#594,.T.);
#3457=EDGE_CURVE('',#4259,#3913,#4795,.T.);
#3458=EDGE_CURVE('',#4259,#4260,#288,.T.);
#3459=EDGE_CURVE('',#4260,#3914,#4796,.T.);
#3460=EDGE_CURVE('',#4261,#3912,#4797,.T.);
#3461=EDGE_CURVE('',#4261,#4259,#289,.T.);
#3462=EDGE_CURVE('',#4262,#3930,#4798,.T.);
#3463=EDGE_CURVE('',#4262,#4261,#595,.T.);
#3464=EDGE_CURVE('',#4263,#3929,#4799,.T.);
#3465=EDGE_CURVE('',#4263,#4262,#596,.T.);
#3466=EDGE_CURVE('',#4264,#3928,#4800,.T.);
#3467=EDGE_CURVE('',#4264,#4263,#597,.T.);
#3468=EDGE_CURVE('',#4265,#3927,#4801,.T.);
#3469=EDGE_CURVE('',#4265,#4264,#4802,.T.);
#3470=EDGE_CURVE('',#4266,#3926,#4803,.T.);
#3471=EDGE_CURVE('',#4266,#4265,#4804,.T.);
#3472=EDGE_CURVE('',#4267,#3925,#4805,.T.);
#3473=EDGE_CURVE('',#4267,#4266,#4806,.T.);
#3474=EDGE_CURVE('',#4268,#3924,#4807,.T.);
#3475=EDGE_CURVE('',#4268,#4267,#598,.F.);
#3476=EDGE_CURVE('',#4269,#3923,#4808,.T.);
#3477=EDGE_CURVE('',#4269,#4268,#599,.F.);
#3478=EDGE_CURVE('',#4270,#3922,#4809,.T.);
#3479=EDGE_CURVE('',#4270,#4269,#600,.F.);
#3480=EDGE_CURVE('',#4271,#3921,#4810,.T.);
#3481=EDGE_CURVE('',#4271,#4270,#290,.T.);
#3482=EDGE_CURVE('',#4272,#3920,#4811,.T.);
#3483=EDGE_CURVE('',#4272,#4271,#291,.T.);
#3484=EDGE_CURVE('',#4273,#3919,#4812,.T.);
#3485=EDGE_CURVE('',#4273,#4272,#601,.F.);
#3486=EDGE_CURVE('',#4274,#3918,#4813,.T.);
#3487=EDGE_CURVE('',#4274,#4273,#602,.F.);
#3488=EDGE_CURVE('',#4275,#3917,#4814,.T.);
#3489=EDGE_CURVE('',#4275,#4274,#603,.F.);
#3490=EDGE_CURVE('',#4276,#3916,#4815,.T.);
#3491=EDGE_CURVE('',#4276,#4275,#604,.F.);
#3492=EDGE_CURVE('',#4277,#3915,#4816,.T.);
#3493=EDGE_CURVE('',#4277,#4276,#4817,.T.);
#3494=EDGE_CURVE('',#4260,#4277,#292,.T.);
#3495=EDGE_CURVE('',#4278,#3932,#4818,.T.);
#3496=EDGE_CURVE('',#4278,#4279,#293,.T.);
#3497=EDGE_CURVE('',#4279,#3933,#4819,.T.);
#3498=EDGE_CURVE('',#4280,#3931,#4820,.T.);
#3499=EDGE_CURVE('',#4280,#4278,#4821,.T.);
#3500=EDGE_CURVE('',#4281,#3947,#4822,.T.);
#3501=EDGE_CURVE('',#4281,#4280,#4823,.T.);
#3502=EDGE_CURVE('',#4282,#3946,#4824,.T.);
#3503=EDGE_CURVE('',#4282,#4281,#4825,.T.);
#3504=EDGE_CURVE('',#4283,#3945,#4826,.T.);
#3505=EDGE_CURVE('',#4283,#4282,#605,.F.);
#3506=EDGE_CURVE('',#4284,#3944,#4827,.T.);
#3507=EDGE_CURVE('',#4284,#4283,#606,.F.);
#3508=EDGE_CURVE('',#4285,#3943,#4828,.T.);
#3509=EDGE_CURVE('',#4285,#4284,#607,.F.);
#3510=EDGE_CURVE('',#4286,#3942,#4829,.T.);
#3511=EDGE_CURVE('',#4286,#4285,#608,.F.);
#3512=EDGE_CURVE('',#4287,#3941,#4830,.T.);
#3513=EDGE_CURVE('',#4287,#4286,#609,.F.);
#3514=EDGE_CURVE('',#4288,#3940,#4831,.T.);
#3515=EDGE_CURVE('',#4288,#4287,#610,.T.);
#3516=EDGE_CURVE('',#4289,#3939,#4832,.T.);
#3517=EDGE_CURVE('',#4289,#4288,#611,.T.);
#3518=EDGE_CURVE('',#4290,#3938,#4833,.T.);
#3519=EDGE_CURVE('',#4290,#4289,#612,.F.);
#3520=EDGE_CURVE('',#4291,#3937,#4834,.T.);
#3521=EDGE_CURVE('',#4291,#4290,#613,.F.);
#3522=EDGE_CURVE('',#4292,#3936,#4835,.T.);
#3523=EDGE_CURVE('',#4292,#4291,#4836,.T.);
#3524=EDGE_CURVE('',#4293,#3935,#4837,.T.);
#3525=EDGE_CURVE('',#4293,#4292,#614,.T.);
#3526=EDGE_CURVE('',#4294,#3934,#4838,.T.);
#3527=EDGE_CURVE('',#4294,#4293,#615,.T.);
#3528=EDGE_CURVE('',#4279,#4294,#616,.T.);
#3529=EDGE_CURVE('',#4295,#3949,#4839,.T.);
#3530=EDGE_CURVE('',#4295,#4296,#4840,.T.);
#3531=EDGE_CURVE('',#4296,#3950,#4841,.T.);
#3532=EDGE_CURVE('',#4297,#3948,#4842,.T.);
#3533=EDGE_CURVE('',#4297,#4295,#4843,.T.);
#3534=EDGE_CURVE('',#4298,#3954,#4844,.T.);
#3535=EDGE_CURVE('',#4298,#4297,#4845,.T.);
#3536=EDGE_CURVE('',#4299,#3953,#4846,.T.);
#3537=EDGE_CURVE('',#4299,#4298,#4847,.T.);
#3538=EDGE_CURVE('',#4300,#3952,#4848,.T.);
#3539=EDGE_CURVE('',#4300,#4299,#4849,.T.);
#3540=EDGE_CURVE('',#4301,#3951,#4850,.T.);
#3541=EDGE_CURVE('',#4301,#4300,#4851,.T.);
#3542=EDGE_CURVE('',#4296,#4301,#4852,.T.);
#3543=EDGE_CURVE('',#4302,#3956,#4853,.T.);
#3544=EDGE_CURVE('',#4302,#4303,#4854,.T.);
#3545=EDGE_CURVE('',#4303,#3957,#4855,.T.);
#3546=EDGE_CURVE('',#4304,#3955,#4856,.T.);
#3547=EDGE_CURVE('',#4304,#4302,#4857,.T.);
#3548=EDGE_CURVE('',#4305,#3958,#4858,.T.);
#3549=EDGE_CURVE('',#4305,#4304,#4859,.T.);
#3550=EDGE_CURVE('',#4303,#4305,#4860,.T.);
#3551=EDGE_CURVE('',#4306,#3960,#4861,.T.);
#3552=EDGE_CURVE('',#4306,#4307,#617,.T.);
#3553=EDGE_CURVE('',#4307,#3961,#4862,.T.);
#3554=EDGE_CURVE('',#4308,#3959,#4863,.T.);
#3555=EDGE_CURVE('',#4308,#4306,#4864,.T.);
#3556=EDGE_CURVE('',#4309,#3993,#4865,.T.);
#3557=EDGE_CURVE('',#4309,#4308,#618,.T.);
#3558=EDGE_CURVE('',#4310,#3992,#4866,.T.);
#3559=EDGE_CURVE('',#4310,#4309,#619,.T.);
#3560=EDGE_CURVE('',#4311,#3991,#4867,.T.);
#3561=EDGE_CURVE('',#4311,#4310,#620,.F.);
#3562=EDGE_CURVE('',#4312,#3990,#4868,.T.);
#3563=EDGE_CURVE('',#4312,#4311,#621,.F.);
#3564=EDGE_CURVE('',#4313,#3989,#4869,.T.);
#3565=EDGE_CURVE('',#4313,#4312,#622,.F.);
#3566=EDGE_CURVE('',#4314,#3988,#4870,.T.);
#3567=EDGE_CURVE('',#4314,#4313,#623,.F.);
#3568=EDGE_CURVE('',#4315,#3987,#4871,.T.);
#3569=EDGE_CURVE('',#4315,#4314,#624,.F.);
#3570=EDGE_CURVE('',#4316,#3986,#4872,.T.);
#3571=EDGE_CURVE('',#4316,#4315,#625,.F.);
#3572=EDGE_CURVE('',#4317,#3985,#4873,.T.);
#3573=EDGE_CURVE('',#4317,#4316,#626,.F.);
#3574=EDGE_CURVE('',#4318,#3984,#4874,.T.);
#3575=EDGE_CURVE('',#4318,#4317,#627,.F.);
#3576=EDGE_CURVE('',#4319,#3983,#4875,.T.);
#3577=EDGE_CURVE('',#4319,#4318,#4876,.T.);
#3578=EDGE_CURVE('',#4320,#3982,#4877,.T.);
#3579=EDGE_CURVE('',#4320,#4319,#628,.T.);
#3580=EDGE_CURVE('',#4321,#3981,#4878,.T.);
#3581=EDGE_CURVE('',#4321,#4320,#629,.T.);
#3582=EDGE_CURVE('',#4322,#3980,#4879,.T.);
#3583=EDGE_CURVE('',#4322,#4321,#630,.T.);
#3584=EDGE_CURVE('',#4323,#3979,#4880,.T.);
#3585=EDGE_CURVE('',#4323,#4322,#631,.T.);
#3586=EDGE_CURVE('',#4324,#3978,#4881,.T.);
#3587=EDGE_CURVE('',#4324,#4323,#632,.T.);
#3588=EDGE_CURVE('',#4325,#3977,#4882,.T.);
#3589=EDGE_CURVE('',#4325,#4324,#633,.T.);
#3590=EDGE_CURVE('',#4326,#3976,#4883,.T.);
#3591=EDGE_CURVE('',#4326,#4325,#294,.T.);
#3592=EDGE_CURVE('',#4327,#3975,#4884,.T.);
#3593=EDGE_CURVE('',#4327,#4326,#634,.T.);
#3594=EDGE_CURVE('',#4328,#3974,#4885,.T.);
#3595=EDGE_CURVE('',#4328,#4327,#4886,.T.);
#3596=EDGE_CURVE('',#4329,#3973,#4887,.T.);
#3597=EDGE_CURVE('',#4329,#4328,#635,.T.);
#3598=EDGE_CURVE('',#4330,#3972,#4888,.T.);
#3599=EDGE_CURVE('',#4330,#4329,#636,.T.);
#3600=EDGE_CURVE('',#4331,#3971,#4889,.T.);
#3601=EDGE_CURVE('',#4331,#4330,#4890,.T.);
#3602=EDGE_CURVE('',#4332,#3970,#4891,.T.);
#3603=EDGE_CURVE('',#4332,#4331,#637,.F.);
#3604=EDGE_CURVE('',#4333,#3969,#4892,.T.);
#3605=EDGE_CURVE('',#4333,#4332,#295,.T.);
#3606=EDGE_CURVE('',#4334,#3968,#4893,.T.);
#3607=EDGE_CURVE('',#4334,#4333,#638,.F.);
#3608=EDGE_CURVE('',#4335,#3967,#4894,.T.);
#3609=EDGE_CURVE('',#4335,#4334,#639,.F.);
#3610=EDGE_CURVE('',#4336,#3966,#4895,.T.);
#3611=EDGE_CURVE('',#4336,#4335,#640,.F.);
#3612=EDGE_CURVE('',#4337,#3965,#4896,.T.);
#3613=EDGE_CURVE('',#4337,#4336,#641,.F.);
#3614=EDGE_CURVE('',#4338,#3964,#4897,.T.);
#3615=EDGE_CURVE('',#4338,#4337,#4898,.T.);
#3616=EDGE_CURVE('',#4339,#3963,#4899,.T.);
#3617=EDGE_CURVE('',#4339,#4338,#642,.T.);
#3618=EDGE_CURVE('',#4340,#3962,#4900,.T.);
#3619=EDGE_CURVE('',#4340,#4339,#643,.T.);
#3620=EDGE_CURVE('',#4307,#4340,#644,.T.);
#3621=EDGE_CURVE('',#4341,#3995,#4901,.T.);
#3622=EDGE_CURVE('',#4341,#4342,#4902,.T.);
#3623=EDGE_CURVE('',#4342,#3996,#4903,.T.);
#3624=EDGE_CURVE('',#4343,#3994,#4904,.T.);
#3625=EDGE_CURVE('',#4343,#4341,#4905,.T.);
#3626=EDGE_CURVE('',#4344,#3998,#4906,.T.);
#3627=EDGE_CURVE('',#4344,#4343,#4907,.T.);
#3628=EDGE_CURVE('',#4345,#3997,#4908,.T.);
#3629=EDGE_CURVE('',#4345,#4344,#4909,.T.);
#3630=EDGE_CURVE('',#4342,#4345,#4910,.T.);
#3631=EDGE_CURVE('',#4346,#4000,#4911,.T.);
#3632=EDGE_CURVE('',#4346,#4347,#645,.F.);
#3633=EDGE_CURVE('',#4347,#4001,#4912,.T.);
#3634=EDGE_CURVE('',#4348,#3999,#4913,.T.);
#3635=EDGE_CURVE('',#4348,#4346,#646,.F.);
#3636=EDGE_CURVE('',#4349,#4014,#4914,.T.);
#3637=EDGE_CURVE('',#4349,#4348,#647,.F.);
#3638=EDGE_CURVE('',#4350,#4013,#4915,.T.);
#3639=EDGE_CURVE('',#4350,#4349,#4916,.T.);
#3640=EDGE_CURVE('',#4351,#4012,#4917,.T.);
#3641=EDGE_CURVE('',#4351,#4350,#648,.T.);
#3642=EDGE_CURVE('',#4352,#4011,#4918,.T.);
#3643=EDGE_CURVE('',#4352,#4351,#649,.T.);
#3644=EDGE_CURVE('',#4353,#4010,#4919,.T.);
#3645=EDGE_CURVE('',#4353,#4352,#296,.T.);
#3646=EDGE_CURVE('',#4354,#4009,#4920,.T.);
#3647=EDGE_CURVE('',#4354,#4353,#650,.T.);
#3648=EDGE_CURVE('',#4355,#4008,#4921,.T.);
#3649=EDGE_CURVE('',#4355,#4354,#651,.T.);
#3650=EDGE_CURVE('',#4356,#4007,#4922,.T.);
#3651=EDGE_CURVE('',#4356,#4355,#652,.T.);
#3652=EDGE_CURVE('',#4357,#4006,#4923,.T.);
#3653=EDGE_CURVE('',#4357,#4356,#4924,.T.);
#3654=EDGE_CURVE('',#4358,#4005,#4925,.T.);
#3655=EDGE_CURVE('',#4358,#4357,#4926,.T.);
#3656=EDGE_CURVE('',#4359,#4004,#4927,.T.);
#3657=EDGE_CURVE('',#4359,#4358,#4928,.T.);
#3658=EDGE_CURVE('',#4360,#4003,#4929,.T.);
#3659=EDGE_CURVE('',#4360,#4359,#653,.F.);
#3660=EDGE_CURVE('',#4361,#4002,#4930,.T.);
#3661=EDGE_CURVE('',#4361,#4360,#654,.F.);
#3662=EDGE_CURVE('',#4347,#4361,#655,.F.);
#3663=EDGE_CURVE('',#4362,#4016,#4931,.T.);
#3664=EDGE_CURVE('',#4362,#4363,#656,.F.);
#3665=EDGE_CURVE('',#4363,#4017,#4932,.T.);
#3666=EDGE_CURVE('',#4364,#4015,#4933,.T.);
#3667=EDGE_CURVE('',#4364,#4362,#297,.T.);
#3668=EDGE_CURVE('',#4365,#4031,#4934,.T.);
#3669=EDGE_CURVE('',#4365,#4364,#298,.T.);
#3670=EDGE_CURVE('',#4366,#4030,#4935,.T.);
#3671=EDGE_CURVE('',#4366,#4365,#657,.F.);
#3672=EDGE_CURVE('',#4367,#4029,#4936,.T.);
#3673=EDGE_CURVE('',#4367,#4366,#658,.F.);
#3674=EDGE_CURVE('',#4368,#4028,#4937,.T.);
#3675=EDGE_CURVE('',#4368,#4367,#4938,.T.);
#3676=EDGE_CURVE('',#4369,#4027,#4939,.T.);
#3677=EDGE_CURVE('',#4369,#4368,#659,.T.);
#3678=EDGE_CURVE('',#4370,#4026,#4940,.T.);
#3679=EDGE_CURVE('',#4370,#4369,#660,.T.);
#3680=EDGE_CURVE('',#4371,#4025,#4941,.T.);
#3681=EDGE_CURVE('',#4371,#4370,#299,.T.);
#3682=EDGE_CURVE('',#4372,#4024,#4942,.T.);
#3683=EDGE_CURVE('',#4372,#4371,#661,.T.);
#3684=EDGE_CURVE('',#4373,#4023,#4943,.T.);
#3685=EDGE_CURVE('',#4373,#4372,#662,.T.);
#3686=EDGE_CURVE('',#4374,#4022,#4944,.T.);
#3687=EDGE_CURVE('',#4374,#4373,#4945,.T.);
#3688=EDGE_CURVE('',#4375,#4021,#4946,.T.);
#3689=EDGE_CURVE('',#4375,#4374,#4947,.T.);
#3690=EDGE_CURVE('',#4376,#4020,#4948,.T.);
#3691=EDGE_CURVE('',#4376,#4375,#4949,.T.);
#3692=EDGE_CURVE('',#4377,#4019,#4950,.T.);
#3693=EDGE_CURVE('',#4377,#4376,#663,.T.);
#3694=EDGE_CURVE('',#4378,#4018,#4951,.T.);
#3695=EDGE_CURVE('',#4378,#4377,#664,.F.);
#3696=EDGE_CURVE('',#4363,#4378,#665,.F.);
#3697=EDGE_CURVE('',#4379,#4033,#4952,.T.);
#3698=EDGE_CURVE('',#4379,#4380,#4953,.T.);
#3699=EDGE_CURVE('',#4380,#4034,#4954,.T.);
#3700=EDGE_CURVE('',#4381,#4032,#4955,.T.);
#3701=EDGE_CURVE('',#4381,#4379,#4956,.T.);
#3702=EDGE_CURVE('',#4382,#4035,#4957,.T.);
#3703=EDGE_CURVE('',#4382,#4381,#4958,.T.);
#3704=EDGE_CURVE('',#4380,#4382,#4959,.T.);
#3705=VERTEX_POINT('',#9527);
#3706=VERTEX_POINT('',#9528);
#3707=VERTEX_POINT('',#9530);
#3708=VERTEX_POINT('',#9532);
#3709=VERTEX_POINT('',#9534);
#3710=VERTEX_POINT('',#9536);
#3711=VERTEX_POINT('',#9538);
#3712=VERTEX_POINT('',#9540);
#3713=VERTEX_POINT('',#9543);
#3714=VERTEX_POINT('',#9544);
#3715=VERTEX_POINT('',#9546);
#3716=VERTEX_POINT('',#9548);
#3717=VERTEX_POINT('',#9550);
#3718=VERTEX_POINT('',#9552);
#3719=VERTEX_POINT('',#9554);
#3720=VERTEX_POINT('',#9556);
#3721=VERTEX_POINT('',#9558);
#3722=VERTEX_POINT('',#9560);
#3723=VERTEX_POINT('',#9562);
#3724=VERTEX_POINT('',#9564);
#3725=VERTEX_POINT('',#9567);
#3726=VERTEX_POINT('',#9568);
#3727=VERTEX_POINT('',#9570);
#3728=VERTEX_POINT('',#9572);
#3729=VERTEX_POINT('',#9574);
#3730=VERTEX_POINT('',#9576);
#3731=VERTEX_POINT('',#9578);
#3732=VERTEX_POINT('',#9580);
#3733=VERTEX_POINT('',#9582);
#3734=VERTEX_POINT('',#9584);
#3735=VERTEX_POINT('',#9586);
#3736=VERTEX_POINT('',#9590);
#3737=VERTEX_POINT('',#9592);
#3738=VERTEX_POINT('',#9594);
#3739=VERTEX_POINT('',#9596);
#3740=VERTEX_POINT('',#9598);
#3741=VERTEX_POINT('',#9600);
#3742=VERTEX_POINT('',#9602);
#3743=VERTEX_POINT('',#9606);
#3744=VERTEX_POINT('',#9608);
#3745=VERTEX_POINT('',#9610);
#3746=VERTEX_POINT('',#9612);
#3747=VERTEX_POINT('',#9614);
#3748=VERTEX_POINT('',#9616);
#3749=VERTEX_POINT('',#9618);
#3750=VERTEX_POINT('',#9620);
#3751=VERTEX_POINT('',#9622);
#3752=VERTEX_POINT('',#9624);
#3753=VERTEX_POINT('',#9626);
#3754=VERTEX_POINT('',#9628);
#3755=VERTEX_POINT('',#9630);
#3756=VERTEX_POINT('',#9632);
#3757=VERTEX_POINT('',#9634);
#3758=VERTEX_POINT('',#9636);
#3759=VERTEX_POINT('',#9638);
#3760=VERTEX_POINT('',#9643);
#3761=VERTEX_POINT('',#9644);
#3762=VERTEX_POINT('',#9648);
#3763=VERTEX_POINT('',#9652);
#3764=VERTEX_POINT('',#9654);
#3765=VERTEX_POINT('',#9656);
#3766=VERTEX_POINT('',#9658);
#3767=VERTEX_POINT('',#9660);
#3768=VERTEX_POINT('',#9662);
#3769=VERTEX_POINT('',#9666);
#3770=VERTEX_POINT('',#9670);
#3771=VERTEX_POINT('',#9672);
#3772=VERTEX_POINT('',#9674);
#3773=VERTEX_POINT('',#9676);
#3774=VERTEX_POINT('',#9678);
#3775=VERTEX_POINT('',#9680);
#3776=VERTEX_POINT('',#9682);
#3777=VERTEX_POINT('',#9684);
#3778=VERTEX_POINT('',#9686);
#3779=VERTEX_POINT('',#9689);
#3780=VERTEX_POINT('',#9690);
#3781=VERTEX_POINT('',#9694);
#3782=VERTEX_POINT('',#9698);
#3783=VERTEX_POINT('',#9700);
#3784=VERTEX_POINT('',#9702);
#3785=VERTEX_POINT('',#9706);
#3786=VERTEX_POINT('',#9710);
#3787=VERTEX_POINT('',#9712);
#3788=VERTEX_POINT('',#9714);
#3789=VERTEX_POINT('',#9716);
#3790=VERTEX_POINT('',#9718);
#3791=VERTEX_POINT('',#9720);
#3792=VERTEX_POINT('',#9722);
#3793=VERTEX_POINT('',#9724);
#3794=VERTEX_POINT('',#9728);
#3795=VERTEX_POINT('',#9732);
#3796=VERTEX_POINT('',#9734);
#3797=VERTEX_POINT('',#9736);
#3798=VERTEX_POINT('',#9740);
#3799=VERTEX_POINT('',#9744);
#3800=VERTEX_POINT('',#9746);
#3801=VERTEX_POINT('',#9749);
#3802=VERTEX_POINT('',#9750);
#3803=VERTEX_POINT('',#9752);
#3804=VERTEX_POINT('',#9754);
#3805=VERTEX_POINT('',#9757);
#3806=VERTEX_POINT('',#9758);
#3807=VERTEX_POINT('',#9760);
#3808=VERTEX_POINT('',#9762);
#3809=VERTEX_POINT('',#9764);
#3810=VERTEX_POINT('',#9767);
#3811=VERTEX_POINT('',#9768);
#3812=VERTEX_POINT('',#9770);
#3813=VERTEX_POINT('',#9772);
#3814=VERTEX_POINT('',#9774);
#3815=VERTEX_POINT('',#9776);
#3816=VERTEX_POINT('',#9778);
#3817=VERTEX_POINT('',#9780);
#3818=VERTEX_POINT('',#9782);
#3819=VERTEX_POINT('',#9784);
#3820=VERTEX_POINT('',#9786);
#3821=VERTEX_POINT('',#9788);
#3822=VERTEX_POINT('',#9790);
#3823=VERTEX_POINT('',#9792);
#3824=VERTEX_POINT('',#9794);
#3825=VERTEX_POINT('',#9796);
#3826=VERTEX_POINT('',#9798);
#3827=VERTEX_POINT('',#9800);
#3828=VERTEX_POINT('',#9802);
#3829=VERTEX_POINT('',#9804);
#3830=VERTEX_POINT('',#9806);
#3831=VERTEX_POINT('',#9808);
#3832=VERTEX_POINT('',#9810);
#3833=VERTEX_POINT('',#9812);
#3834=VERTEX_POINT('',#9815);
#3835=VERTEX_POINT('',#9816);
#3836=VERTEX_POINT('',#9818);
#3837=VERTEX_POINT('',#9820);
#3838=VERTEX_POINT('',#9822);
#3839=VERTEX_POINT('',#9824);
#3840=VERTEX_POINT('',#9826);
#3841=VERTEX_POINT('',#9828);
#3842=VERTEX_POINT('',#9830);
#3843=VERTEX_POINT('',#9832);
#3844=VERTEX_POINT('',#9834);
#3845=VERTEX_POINT('',#9836);
#3846=VERTEX_POINT('',#9841);
#3847=VERTEX_POINT('',#9842);
#3848=VERTEX_POINT('',#9846);
#3849=VERTEX_POINT('',#9850);
#3850=VERTEX_POINT('',#9852);
#3851=VERTEX_POINT('',#9854);
#3852=VERTEX_POINT('',#9856);
#3853=VERTEX_POINT('',#9858);
#3854=VERTEX_POINT('',#9860);
#3855=VERTEX_POINT('',#9864);
#3856=VERTEX_POINT('',#9868);
#3857=VERTEX_POINT('',#9870);
#3858=VERTEX_POINT('',#9872);
#3859=VERTEX_POINT('',#9874);
#3860=VERTEX_POINT('',#9876);
#3861=VERTEX_POINT('',#9878);
#3862=VERTEX_POINT('',#9880);
#3863=VERTEX_POINT('',#9882);
#3864=VERTEX_POINT('',#9884);
#3865=VERTEX_POINT('',#9887);
#3866=VERTEX_POINT('',#9888);
#3867=VERTEX_POINT('',#9890);
#3868=VERTEX_POINT('',#9894);
#3869=VERTEX_POINT('',#9896);
#3870=VERTEX_POINT('',#9898);
#3871=VERTEX_POINT('',#9900);
#3872=VERTEX_POINT('',#9903);
#3873=VERTEX_POINT('',#9904);
#3874=VERTEX_POINT('',#9906);
#3875=VERTEX_POINT('',#9908);
#3876=VERTEX_POINT('',#9910);
#3877=VERTEX_POINT('',#9913);
#3878=VERTEX_POINT('',#9914);
#3879=VERTEX_POINT('',#9916);
#3880=VERTEX_POINT('',#9918);
#3881=VERTEX_POINT('',#9920);
#3882=VERTEX_POINT('',#9922);
#3883=VERTEX_POINT('',#9924);
#3884=VERTEX_POINT('',#9926);
#3885=VERTEX_POINT('',#9928);
#3886=VERTEX_POINT('',#9930);
#3887=VERTEX_POINT('',#9932);
#3888=VERTEX_POINT('',#9936);
#3889=VERTEX_POINT('',#9938);
#3890=VERTEX_POINT('',#9940);
#3891=VERTEX_POINT('',#9942);
#3892=VERTEX_POINT('',#9944);
#3893=VERTEX_POINT('',#9946);
#3894=VERTEX_POINT('',#9948);
#3895=VERTEX_POINT('',#9952);
#3896=VERTEX_POINT('',#9954);
#3897=VERTEX_POINT('',#9956);
#3898=VERTEX_POINT('',#9958);
#3899=VERTEX_POINT('',#9960);
#3900=VERTEX_POINT('',#9962);
#3901=VERTEX_POINT('',#9964);
#3902=VERTEX_POINT('',#9966);
#3903=VERTEX_POINT('',#9968);
#3904=VERTEX_POINT('',#9970);
#3905=VERTEX_POINT('',#9972);
#3906=VERTEX_POINT('',#9974);
#3907=VERTEX_POINT('',#9976);
#3908=VERTEX_POINT('',#9978);
#3909=VERTEX_POINT('',#9980);
#3910=VERTEX_POINT('',#9982);
#3911=VERTEX_POINT('',#9984);
#3912=VERTEX_POINT('',#9989);
#3913=VERTEX_POINT('',#9990);
#3914=VERTEX_POINT('',#9994);
#3915=VERTEX_POINT('',#9998);
#3916=VERTEX_POINT('',#10000);
#3917=VERTEX_POINT('',#10002);
#3918=VERTEX_POINT('',#10004);
#3919=VERTEX_POINT('',#10006);
#3920=VERTEX_POINT('',#10008);
#3921=VERTEX_POINT('',#10012);
#3922=VERTEX_POINT('',#10016);
#3923=VERTEX_POINT('',#10018);
#3924=VERTEX_POINT('',#10020);
#3925=VERTEX_POINT('',#10022);
#3926=VERTEX_POINT('',#10024);
#3927=VERTEX_POINT('',#10026);
#3928=VERTEX_POINT('',#10028);
#3929=VERTEX_POINT('',#10030);
#3930=VERTEX_POINT('',#10032);
#3931=VERTEX_POINT('',#10035);
#3932=VERTEX_POINT('',#10036);
#3933=VERTEX_POINT('',#10040);
#3934=VERTEX_POINT('',#10042);
#3935=VERTEX_POINT('',#10044);
#3936=VERTEX_POINT('',#10046);
#3937=VERTEX_POINT('',#10048);
#3938=VERTEX_POINT('',#10050);
#3939=VERTEX_POINT('',#10052);
#3940=VERTEX_POINT('',#10054);
#3941=VERTEX_POINT('',#10056);
#3942=VERTEX_POINT('',#10058);
#3943=VERTEX_POINT('',#10060);
#3944=VERTEX_POINT('',#10062);
#3945=VERTEX_POINT('',#10064);
#3946=VERTEX_POINT('',#10066);
#3947=VERTEX_POINT('',#10068);
#3948=VERTEX_POINT('',#10071);
#3949=VERTEX_POINT('',#10072);
#3950=VERTEX_POINT('',#10074);
#3951=VERTEX_POINT('',#10076);
#3952=VERTEX_POINT('',#10078);
#3953=VERTEX_POINT('',#10080);
#3954=VERTEX_POINT('',#10082);
#3955=VERTEX_POINT('',#10085);
#3956=VERTEX_POINT('',#10086);
#3957=VERTEX_POINT('',#10088);
#3958=VERTEX_POINT('',#10090);
#3959=VERTEX_POINT('',#10093);
#3960=VERTEX_POINT('',#10094);
#3961=VERTEX_POINT('',#10096);
#3962=VERTEX_POINT('',#10098);
#3963=VERTEX_POINT('',#10100);
#3964=VERTEX_POINT('',#10102);
#3965=VERTEX_POINT('',#10104);
#3966=VERTEX_POINT('',#10106);
#3967=VERTEX_POINT('',#10108);
#3968=VERTEX_POINT('',#10110);
#3969=VERTEX_POINT('',#10112);
#3970=VERTEX_POINT('',#10116);
#3971=VERTEX_POINT('',#10118);
#3972=VERTEX_POINT('',#10120);
#3973=VERTEX_POINT('',#10122);
#3974=VERTEX_POINT('',#10124);
#3975=VERTEX_POINT('',#10126);
#3976=VERTEX_POINT('',#10128);
#3977=VERTEX_POINT('',#10132);
#3978=VERTEX_POINT('',#10134);
#3979=VERTEX_POINT('',#10136);
#3980=VERTEX_POINT('',#10138);
#3981=VERTEX_POINT('',#10140);
#3982=VERTEX_POINT('',#10142);
#3983=VERTEX_POINT('',#10144);
#3984=VERTEX_POINT('',#10146);
#3985=VERTEX_POINT('',#10148);
#3986=VERTEX_POINT('',#10150);
#3987=VERTEX_POINT('',#10152);
#3988=VERTEX_POINT('',#10154);
#3989=VERTEX_POINT('',#10156);
#3990=VERTEX_POINT('',#10158);
#3991=VERTEX_POINT('',#10160);
#3992=VERTEX_POINT('',#10162);
#3993=VERTEX_POINT('',#10164);
#3994=VERTEX_POINT('',#10167);
#3995=VERTEX_POINT('',#10168);
#3996=VERTEX_POINT('',#10170);
#3997=VERTEX_POINT('',#10172);
#3998=VERTEX_POINT('',#10174);
#3999=VERTEX_POINT('',#10177);
#4000=VERTEX_POINT('',#10178);
#4001=VERTEX_POINT('',#10180);
#4002=VERTEX_POINT('',#10182);
#4003=VERTEX_POINT('',#10184);
#4004=VERTEX_POINT('',#10186);
#4005=VERTEX_POINT('',#10188);
#4006=VERTEX_POINT('',#10190);
#4007=VERTEX_POINT('',#10192);
#4008=VERTEX_POINT('',#10194);
#4009=VERTEX_POINT('',#10196);
#4010=VERTEX_POINT('',#10198);
#4011=VERTEX_POINT('',#10202);
#4012=VERTEX_POINT('',#10204);
#4013=VERTEX_POINT('',#10206);
#4014=VERTEX_POINT('',#10208);
#4015=VERTEX_POINT('',#10213);
#4016=VERTEX_POINT('',#10214);
#4017=VERTEX_POINT('',#10216);
#4018=VERTEX_POINT('',#10218);
#4019=VERTEX_POINT('',#10220);
#4020=VERTEX_POINT('',#10222);
#4021=VERTEX_POINT('',#10224);
#4022=VERTEX_POINT('',#10226);
#4023=VERTEX_POINT('',#10228);
#4024=VERTEX_POINT('',#10230);
#4025=VERTEX_POINT('',#10232);
#4026=VERTEX_POINT('',#10236);
#4027=VERTEX_POINT('',#10238);
#4028=VERTEX_POINT('',#10240);
#4029=VERTEX_POINT('',#10242);
#4030=VERTEX_POINT('',#10244);
#4031=VERTEX_POINT('',#10246);
#4032=VERTEX_POINT('',#10251);
#4033=VERTEX_POINT('',#10252);
#4034=VERTEX_POINT('',#10254);
#4035=VERTEX_POINT('',#10256);
#4036=VERTEX_POINT('',#10260);
#4037=VERTEX_POINT('',#10261);
#4038=VERTEX_POINT('',#10264);
#4039=VERTEX_POINT('',#10266);
#4040=VERTEX_POINT('',#10269);
#4041=VERTEX_POINT('',#10271);
#4042=VERTEX_POINT('',#10273);
#4043=VERTEX_POINT('',#10275);
#4044=VERTEX_POINT('',#10279);
#4045=VERTEX_POINT('',#10283);
#4046=VERTEX_POINT('',#10290);
#4047=VERTEX_POINT('',#10291);
#4048=VERTEX_POINT('',#10294);
#4049=VERTEX_POINT('',#10296);
#4050=VERTEX_POINT('',#10301);
#4051=VERTEX_POINT('',#10305);
#4052=VERTEX_POINT('',#10311);
#4053=VERTEX_POINT('',#10313);
#4054=VERTEX_POINT('',#10315);
#4055=VERTEX_POINT('',#10317);
#4056=VERTEX_POINT('',#10320);
#4057=VERTEX_POINT('',#10324);
#4058=VERTEX_POINT('',#10328);
#4059=VERTEX_POINT('',#10332);
#4060=VERTEX_POINT('',#10341);
#4061=VERTEX_POINT('',#10343);
#4062=VERTEX_POINT('',#10347);
#4063=VERTEX_POINT('',#10351);
#4064=VERTEX_POINT('',#10355);
#4065=VERTEX_POINT('',#10359);
#4066=VERTEX_POINT('',#10363);
#4067=VERTEX_POINT('',#10367);
#4068=VERTEX_POINT('',#10371);
#4069=VERTEX_POINT('',#10375);
#4070=VERTEX_POINT('',#10379);
#4071=VERTEX_POINT('',#10383);
#4072=VERTEX_POINT('',#10390);
#4073=VERTEX_POINT('',#10392);
#4074=VERTEX_POINT('',#10396);
#4075=VERTEX_POINT('',#10400);
#4076=VERTEX_POINT('',#10404);
#4077=VERTEX_POINT('',#10408);
#4078=VERTEX_POINT('',#10412);
#4079=VERTEX_POINT('',#10416);
#4080=VERTEX_POINT('',#10420);
#4081=VERTEX_POINT('',#10424);
#4082=VERTEX_POINT('',#10428);
#4083=VERTEX_POINT('',#10432);
#4084=VERTEX_POINT('',#10436);
#4085=VERTEX_POINT('',#10440);
#4086=VERTEX_POINT('',#10444);
#4087=VERTEX_POINT('',#10448);
#4088=VERTEX_POINT('',#10452);
#4089=VERTEX_POINT('',#10456);
#4090=VERTEX_POINT('',#10460);
#4091=VERTEX_POINT('',#10464);
#4092=VERTEX_POINT('',#10475);
#4093=VERTEX_POINT('',#10481);
#4094=VERTEX_POINT('',#10485);
#4095=VERTEX_POINT('',#10489);
#4096=VERTEX_POINT('',#10493);
#4097=VERTEX_POINT('',#10497);
#4098=VERTEX_POINT('',#10501);
#4099=VERTEX_POINT('',#10512);
#4100=VERTEX_POINT('',#10518);
#4101=VERTEX_POINT('',#10522);
#4102=VERTEX_POINT('',#10526);
#4103=VERTEX_POINT('',#10530);
#4104=VERTEX_POINT('',#10534);
#4105=VERTEX_POINT('',#10538);
#4106=VERTEX_POINT('',#10542);
#4107=VERTEX_POINT('',#10556);
#4108=VERTEX_POINT('',#10560);
#4109=VERTEX_POINT('',#10571);
#4110=VERTEX_POINT('',#10577);
#4111=VERTEX_POINT('',#10581);
#4112=VERTEX_POINT('',#10585);
#4113=VERTEX_POINT('',#10589);
#4114=VERTEX_POINT('',#10593);
#4115=VERTEX_POINT('',#10597);
#4116=VERTEX_POINT('',#10601);
#4117=VERTEX_POINT('',#10605);
#4118=VERTEX_POINT('',#10609);
#4119=VERTEX_POINT('',#10620);
#4120=VERTEX_POINT('',#10633);
#4121=VERTEX_POINT('',#10639);
#4122=VERTEX_POINT('',#10643);
#4123=VERTEX_POINT('',#10647);
#4124=VERTEX_POINT('',#10651);
#4125=VERTEX_POINT('',#10655);
#4126=VERTEX_POINT('',#10678);
#4127=VERTEX_POINT('',#10682);
#4128=VERTEX_POINT('',#10686);
#4129=VERTEX_POINT('',#10690);
#4130=VERTEX_POINT('',#10694);
#4131=VERTEX_POINT('',#10705);
#4132=VERTEX_POINT('',#10718);
#4133=VERTEX_POINT('',#10724);
#4134=VERTEX_POINT('',#10728);
#4135=VERTEX_POINT('',#10739);
#4136=VERTEX_POINT('',#10752);
#4137=VERTEX_POINT('',#10758);
#4138=VERTEX_POINT('',#10762);
#4139=VERTEX_POINT('',#10766);
#4140=VERTEX_POINT('',#10770);
#4141=VERTEX_POINT('',#10774);
#4142=VERTEX_POINT('',#10778);
#4143=VERTEX_POINT('',#10782);
#4144=VERTEX_POINT('',#10793);
#4145=VERTEX_POINT('',#10806);
#4146=VERTEX_POINT('',#10812);
#4147=VERTEX_POINT('',#10816);
#4148=VERTEX_POINT('',#10832);
#4149=VERTEX_POINT('',#10834);
#4150=VERTEX_POINT('',#10838);
#4151=VERTEX_POINT('',#10842);
#4152=VERTEX_POINT('',#10849);
#4153=VERTEX_POINT('',#10851);
#4154=VERTEX_POINT('',#10855);
#4155=VERTEX_POINT('',#10859);
#4156=VERTEX_POINT('',#10863);
#4157=VERTEX_POINT('',#10870);
#4158=VERTEX_POINT('',#10872);
#4159=VERTEX_POINT('',#10876);
#4160=VERTEX_POINT('',#10880);
#4161=VERTEX_POINT('',#10884);
#4162=VERTEX_POINT('',#10888);
#4163=VERTEX_POINT('',#10892);
#4164=VERTEX_POINT('',#10896);
#4165=VERTEX_POINT('',#10900);
#4166=VERTEX_POINT('',#10904);
#4167=VERTEX_POINT('',#10908);
#4168=VERTEX_POINT('',#10912);
#4169=VERTEX_POINT('',#10916);
#4170=VERTEX_POINT('',#10920);
#4171=VERTEX_POINT('',#10924);
#4172=VERTEX_POINT('',#10928);
#4173=VERTEX_POINT('',#10932);
#4174=VERTEX_POINT('',#10936);
#4175=VERTEX_POINT('',#10940);
#4176=VERTEX_POINT('',#10944);
#4177=VERTEX_POINT('',#10948);
#4178=VERTEX_POINT('',#10952);
#4179=VERTEX_POINT('',#10956);
#4180=VERTEX_POINT('',#10960);
#4181=VERTEX_POINT('',#10967);
#4182=VERTEX_POINT('',#10969);
#4183=VERTEX_POINT('',#10973);
#4184=VERTEX_POINT('',#10977);
#4185=VERTEX_POINT('',#10981);
#4186=VERTEX_POINT('',#10985);
#4187=VERTEX_POINT('',#10989);
#4188=VERTEX_POINT('',#10993);
#4189=VERTEX_POINT('',#10997);
#4190=VERTEX_POINT('',#11001);
#4191=VERTEX_POINT('',#11005);
#4192=VERTEX_POINT('',#11009);
#4193=VERTEX_POINT('',#11023);
#4194=VERTEX_POINT('',#11027);
#4195=VERTEX_POINT('',#11038);
#4196=VERTEX_POINT('',#11044);
#4197=VERTEX_POINT('',#11048);
#4198=VERTEX_POINT('',#11052);
#4199=VERTEX_POINT('',#11056);
#4200=VERTEX_POINT('',#11060);
#4201=VERTEX_POINT('',#11064);
#4202=VERTEX_POINT('',#11068);
#4203=VERTEX_POINT('',#11072);
#4204=VERTEX_POINT('',#11076);
#4205=VERTEX_POINT('',#11087);
#4206=VERTEX_POINT('',#11100);
#4207=VERTEX_POINT('',#11106);
#4208=VERTEX_POINT('',#11110);
#4209=VERTEX_POINT('',#11114);
#4210=VERTEX_POINT('',#11118);
#4211=VERTEX_POINT('',#11122);
#4212=VERTEX_POINT('',#11138);
#4213=VERTEX_POINT('',#11140);
#4214=VERTEX_POINT('',#11144);
#4215=VERTEX_POINT('',#11148);
#4216=VERTEX_POINT('',#11152);
#4217=VERTEX_POINT('',#11156);
#4218=VERTEX_POINT('',#11160);
#4219=VERTEX_POINT('',#11176);
#4220=VERTEX_POINT('',#11178);
#4221=VERTEX_POINT('',#11182);
#4222=VERTEX_POINT('',#11186);
#4223=VERTEX_POINT('',#11190);
#4224=VERTEX_POINT('',#11197);
#4225=VERTEX_POINT('',#11199);
#4226=VERTEX_POINT('',#11203);
#4227=VERTEX_POINT('',#11207);
#4228=VERTEX_POINT('',#11211);
#4229=VERTEX_POINT('',#11215);
#4230=VERTEX_POINT('',#11219);
#4231=VERTEX_POINT('',#11223);
#4232=VERTEX_POINT('',#11227);
#4233=VERTEX_POINT('',#11231);
#4234=VERTEX_POINT('',#11235);
#4235=VERTEX_POINT('',#11239);
#4236=VERTEX_POINT('',#11243);
#4237=VERTEX_POINT('',#11247);
#4238=VERTEX_POINT('',#11251);
#4239=VERTEX_POINT('',#11255);
#4240=VERTEX_POINT('',#11259);
#4241=VERTEX_POINT('',#11263);
#4242=VERTEX_POINT('',#11267);
#4243=VERTEX_POINT('',#11271);
#4244=VERTEX_POINT('',#11282);
#4245=VERTEX_POINT('',#11288);
#4246=VERTEX_POINT('',#11292);
#4247=VERTEX_POINT('',#11296);
#4248=VERTEX_POINT('',#11300);
#4249=VERTEX_POINT('',#11304);
#4250=VERTEX_POINT('',#11308);
#4251=VERTEX_POINT('',#11319);
#4252=VERTEX_POINT('',#11325);
#4253=VERTEX_POINT('',#11329);
#4254=VERTEX_POINT('',#11333);
#4255=VERTEX_POINT('',#11337);
#4256=VERTEX_POINT('',#11341);
#4257=VERTEX_POINT('',#11345);
#4258=VERTEX_POINT('',#11349);
#4259=VERTEX_POINT('',#11363);
#4260=VERTEX_POINT('',#11367);
#4261=VERTEX_POINT('',#11378);
#4262=VERTEX_POINT('',#11384);
#4263=VERTEX_POINT('',#11388);
#4264=VERTEX_POINT('',#11392);
#4265=VERTEX_POINT('',#11396);
#4266=VERTEX_POINT('',#11400);
#4267=VERTEX_POINT('',#11404);
#4268=VERTEX_POINT('',#11408);
#4269=VERTEX_POINT('',#11412);
#4270=VERTEX_POINT('',#11416);
#4271=VERTEX_POINT('',#11427);
#4272=VERTEX_POINT('',#11440);
#4273=VERTEX_POINT('',#11446);
#4274=VERTEX_POINT('',#11450);
#4275=VERTEX_POINT('',#11454);
#4276=VERTEX_POINT('',#11458);
#4277=VERTEX_POINT('',#11462);
#4278=VERTEX_POINT('',#11485);
#4279=VERTEX_POINT('',#11489);
#4280=VERTEX_POINT('',#11493);
#4281=VERTEX_POINT('',#11497);
#4282=VERTEX_POINT('',#11501);
#4283=VERTEX_POINT('',#11505);
#4284=VERTEX_POINT('',#11509);
#4285=VERTEX_POINT('',#11513);
#4286=VERTEX_POINT('',#11517);
#4287=VERTEX_POINT('',#11521);
#4288=VERTEX_POINT('',#11525);
#4289=VERTEX_POINT('',#11529);
#4290=VERTEX_POINT('',#11533);
#4291=VERTEX_POINT('',#11537);
#4292=VERTEX_POINT('',#11541);
#4293=VERTEX_POINT('',#11545);
#4294=VERTEX_POINT('',#11549);
#4295=VERTEX_POINT('',#11556);
#4296=VERTEX_POINT('',#11558);
#4297=VERTEX_POINT('',#11562);
#4298=VERTEX_POINT('',#11566);
#4299=VERTEX_POINT('',#11570);
#4300=VERTEX_POINT('',#11574);
#4301=VERTEX_POINT('',#11578);
#4302=VERTEX_POINT('',#11585);
#4303=VERTEX_POINT('',#11587);
#4304=VERTEX_POINT('',#11591);
#4305=VERTEX_POINT('',#11595);
#4306=VERTEX_POINT('',#11602);
#4307=VERTEX_POINT('',#11604);
#4308=VERTEX_POINT('',#11608);
#4309=VERTEX_POINT('',#11612);
#4310=VERTEX_POINT('',#11616);
#4311=VERTEX_POINT('',#11620);
#4312=VERTEX_POINT('',#11624);
#4313=VERTEX_POINT('',#11628);
#4314=VERTEX_POINT('',#11632);
#4315=VERTEX_POINT('',#11636);
#4316=VERTEX_POINT('',#11640);
#4317=VERTEX_POINT('',#11644);
#4318=VERTEX_POINT('',#11648);
#4319=VERTEX_POINT('',#11652);
#4320=VERTEX_POINT('',#11656);
#4321=VERTEX_POINT('',#11660);
#4322=VERTEX_POINT('',#11664);
#4323=VERTEX_POINT('',#11668);
#4324=VERTEX_POINT('',#11672);
#4325=VERTEX_POINT('',#11676);
#4326=VERTEX_POINT('',#11687);
#4327=VERTEX_POINT('',#11693);
#4328=VERTEX_POINT('',#11697);
#4329=VERTEX_POINT('',#11701);
#4330=VERTEX_POINT('',#11705);
#4331=VERTEX_POINT('',#11709);
#4332=VERTEX_POINT('',#11713);
#4333=VERTEX_POINT('',#11724);
#4334=VERTEX_POINT('',#11730);
#4335=VERTEX_POINT('',#11734);
#4336=VERTEX_POINT('',#11738);
#4337=VERTEX_POINT('',#11742);
#4338=VERTEX_POINT('',#11746);
#4339=VERTEX_POINT('',#11750);
#4340=VERTEX_POINT('',#11754);
#4341=VERTEX_POINT('',#11761);
#4342=VERTEX_POINT('',#11763);
#4343=VERTEX_POINT('',#11767);
#4344=VERTEX_POINT('',#11771);
#4345=VERTEX_POINT('',#11775);
#4346=VERTEX_POINT('',#11782);
#4347=VERTEX_POINT('',#11784);
#4348=VERTEX_POINT('',#11788);
#4349=VERTEX_POINT('',#11792);
#4350=VERTEX_POINT('',#11796);
#4351=VERTEX_POINT('',#11800);
#4352=VERTEX_POINT('',#11804);
#4353=VERTEX_POINT('',#11815);
#4354=VERTEX_POINT('',#11821);
#4355=VERTEX_POINT('',#11825);
#4356=VERTEX_POINT('',#11829);
#4357=VERTEX_POINT('',#11833);
#4358=VERTEX_POINT('',#11837);
#4359=VERTEX_POINT('',#11841);
#4360=VERTEX_POINT('',#11845);
#4361=VERTEX_POINT('',#11849);
#4362=VERTEX_POINT('',#11856);
#4363=VERTEX_POINT('',#11858);
#4364=VERTEX_POINT('',#11869);
#4365=VERTEX_POINT('',#11882);
#4366=VERTEX_POINT('',#11888);
#4367=VERTEX_POINT('',#11892);
#4368=VERTEX_POINT('',#11896);
#4369=VERTEX_POINT('',#11900);
#4370=VERTEX_POINT('',#11904);
#4371=VERTEX_POINT('',#11915);
#4372=VERTEX_POINT('',#11921);
#4373=VERTEX_POINT('',#11925);
#4374=VERTEX_POINT('',#11929);
#4375=VERTEX_POINT('',#11933);
#4376=VERTEX_POINT('',#11937);
#4377=VERTEX_POINT('',#11941);
#4378=VERTEX_POINT('',#11945);
#4379=VERTEX_POINT('',#11952);
#4380=VERTEX_POINT('',#11954);
#4381=VERTEX_POINT('',#11958);
#4382=VERTEX_POINT('',#11962);
#4383=LINE('',#9526,#4960);
#4384=LINE('',#9529,#4961);
#4385=LINE('',#9531,#4962);
#4386=LINE('',#9533,#4963);
#4387=LINE('',#9535,#4964);
#4388=LINE('',#9537,#4965);
#4389=LINE('',#9539,#4966);
#4390=LINE('',#9541,#4967);
#4391=LINE('',#9542,#4968);
#4392=LINE('',#9545,#4969);
#4393=LINE('',#9547,#4970);
#4394=LINE('',#9549,#4971);
#4395=LINE('',#9551,#4972);
#4396=LINE('',#9553,#4973);
#4397=LINE('',#9555,#4974);
#4398=LINE('',#9557,#4975);
#4399=LINE('',#9559,#4976);
#4400=LINE('',#9561,#4977);
#4401=LINE('',#9563,#4978);
#4402=LINE('',#9565,#4979);
#4403=LINE('',#9566,#4980);
#4404=LINE('',#9577,#4981);
#4405=LINE('',#9593,#4982);
#4406=LINE('',#9599,#4983);
#4407=LINE('',#9619,#4984);
#4408=LINE('',#9653,#4985);
#4409=LINE('',#9677,#4986);
#4410=LINE('',#9679,#4987);
#4411=LINE('',#9681,#4988);
#4412=LINE('',#9688,#4989);
#4413=LINE('',#9719,#4990);
#4414=LINE('',#9721,#4991);
#4415=LINE('',#9723,#4992);
#4416=LINE('',#9745,#4993);
#4417=LINE('',#9747,#4994);
#4418=LINE('',#9748,#4995);
#4419=LINE('',#9751,#4996);
#4420=LINE('',#9753,#4997);
#4421=LINE('',#9755,#4998);
#4422=LINE('',#9756,#4999);
#4423=LINE('',#9759,#5000);
#4424=LINE('',#9761,#5001);
#4425=LINE('',#9763,#5002);
#4426=LINE('',#9765,#5003);
#4427=LINE('',#9766,#5004);
#4428=LINE('',#9791,#5005);
#4429=LINE('',#9811,#5006);
#4430=LINE('',#9813,#5007);
#4431=LINE('',#9814,#5008);
#4432=LINE('',#9817,#5009);
#4433=LINE('',#9819,#5010);
#4434=LINE('',#9821,#5011);
#4435=LINE('',#9823,#5012);
#4436=LINE('',#9825,#5013);
#4437=LINE('',#9827,#5014);
#4438=LINE('',#9829,#5015);
#4439=LINE('',#9831,#5016);
#4440=LINE('',#9833,#5017);
#4441=LINE('',#9835,#5018);
#4442=LINE('',#9837,#5019);
#4443=LINE('',#9851,#5020);
#4444=LINE('',#9875,#5021);
#4445=LINE('',#9877,#5022);
#4446=LINE('',#9879,#5023);
#4447=LINE('',#9886,#5024);
#4448=LINE('',#9895,#5025);
#4449=LINE('',#9902,#5026);
#4450=LINE('',#9905,#5027);
#4451=LINE('',#9907,#5028);
#4452=LINE('',#9909,#5029);
#4453=LINE('',#9911,#5030);
#4454=LINE('',#9912,#5031);
#4455=LINE('',#9923,#5032);
#4456=LINE('',#9939,#5033);
#4457=LINE('',#9945,#5034);
#4458=LINE('',#9965,#5035);
#4459=LINE('',#9999,#5036);
#4460=LINE('',#10023,#5037);
#4461=LINE('',#10025,#5038);
#4462=LINE('',#10027,#5039);
#4463=LINE('',#10034,#5040);
#4464=LINE('',#10047,#5041);
#4465=LINE('',#10067,#5042);
#4466=LINE('',#10069,#5043);
#4467=LINE('',#10070,#5044);
#4468=LINE('',#10073,#5045);
#4469=LINE('',#10075,#5046);
#4470=LINE('',#10077,#5047);
#4471=LINE('',#10079,#5048);
#4472=LINE('',#10081,#5049);
#4473=LINE('',#10083,#5050);
#4474=LINE('',#10084,#5051);
#4475=LINE('',#10087,#5052);
#4476=LINE('',#10089,#5053);
#4477=LINE('',#10091,#5054);
#4478=LINE('',#10092,#5055);
#4479=LINE('',#10103,#5056);
#4480=LINE('',#10119,#5057);
#4481=LINE('',#10125,#5058);
#4482=LINE('',#10145,#5059);
#4483=LINE('',#10166,#5060);
#4484=LINE('',#10169,#5061);
#4485=LINE('',#10171,#5062);
#4486=LINE('',#10173,#5063);
#4487=LINE('',#10175,#5064);
#4488=LINE('',#10187,#5065);
#4489=LINE('',#10189,#5066);
#4490=LINE('',#10191,#5067);
#4491=LINE('',#10207,#5068);
#4492=LINE('',#10223,#5069);
#4493=LINE('',#10225,#5070);
#4494=LINE('',#10227,#5071);
#4495=LINE('',#10241,#5072);
#4496=LINE('',#10250,#5073);
#4497=LINE('',#10253,#5074);
#4498=LINE('',#10255,#5075);
#4499=LINE('',#10257,#5076);
#4500=LINE('',#10259,#5077);
#4501=LINE('',#10262,#5078);
#4502=LINE('',#10263,#5079);
#4503=LINE('',#10265,#5080);
#4504=LINE('',#10267,#5081);
#4505=LINE('',#10268,#5082);
#4506=LINE('',#10270,#5083);
#4507=LINE('',#10272,#5084);
#4508=LINE('',#10274,#5085);
#4509=LINE('',#10276,#5086);
#4510=LINE('',#10278,#5087);
#4511=LINE('',#10280,#5088);
#4512=LINE('',#10282,#5089);
#4513=LINE('',#10284,#5090);
#4514=LINE('',#10286,#5091);
#4515=LINE('',#10289,#5092);
#4516=LINE('',#10292,#5093);
#4517=LINE('',#10293,#5094);
#4518=LINE('',#10295,#5095);
#4519=LINE('',#10297,#5096);
#4520=LINE('',#10298,#5097);
#4521=LINE('',#10300,#5098);
#4522=LINE('',#10302,#5099);
#4523=LINE('',#10304,#5100);
#4524=LINE('',#10306,#5101);
#4525=LINE('',#10308,#5102);
#4526=LINE('',#10335,#5103);
#4527=LINE('',#10336,#5104);
#4528=LINE('',#10340,#5105);
#4529=LINE('',#10342,#5106);
#4530=LINE('',#10344,#5107);
#4531=LINE('',#10346,#5108);
#4532=LINE('',#10348,#5109);
#4533=LINE('',#10350,#5110);
#4534=LINE('',#10352,#5111);
#4535=LINE('',#10354,#5112);
#4536=LINE('',#10356,#5113);
#4537=LINE('',#10358,#5114);
#4538=LINE('',#10360,#5115);
#4539=LINE('',#10362,#5116);
#4540=LINE('',#10364,#5117);
#4541=LINE('',#10366,#5118);
#4542=LINE('',#10368,#5119);
#4543=LINE('',#10370,#5120);
#4544=LINE('',#10372,#5121);
#4545=LINE('',#10374,#5122);
#4546=LINE('',#10376,#5123);
#4547=LINE('',#10378,#5124);
#4548=LINE('',#10380,#5125);
#4549=LINE('',#10382,#5126);
#4550=LINE('',#10384,#5127);
#4551=LINE('',#10386,#5128);
#4552=LINE('',#10389,#5129);
#4553=LINE('',#10393,#5130);
#4554=LINE('',#10395,#5131);
#4555=LINE('',#10397,#5132);
#4556=LINE('',#10399,#5133);
#4557=LINE('',#10403,#5134);
#4558=LINE('',#10407,#5135);
#4559=LINE('',#10411,#5136);
#4560=LINE('',#10415,#5137);
#4561=LINE('',#10419,#5138);
#4562=LINE('',#10423,#5139);
#4563=LINE('',#10427,#5140);
#4564=LINE('',#10431,#5141);
#4565=LINE('',#10435,#5142);
#4566=LINE('',#10439,#5143);
#4567=LINE('',#10441,#5144);
#4568=LINE('',#10443,#5145);
#4569=LINE('',#10447,#5146);
#4570=LINE('',#10451,#5147);
#4571=LINE('',#10455,#5148);
#4572=LINE('',#10459,#5149);
#4573=LINE('',#10463,#5150);
#4574=LINE('',#10474,#5151);
#4575=LINE('',#10480,#5152);
#4576=LINE('',#10484,#5153);
#4577=LINE('',#10486,#5154);
#4578=LINE('',#10488,#5155);
#4579=LINE('',#10492,#5156);
#4580=LINE('',#10496,#5157);
#4581=LINE('',#10498,#5158);
#4582=LINE('',#10500,#5159);
#4583=LINE('',#10511,#5160);
#4584=LINE('',#10517,#5161);
#4585=LINE('',#10521,#5162);
#4586=LINE('',#10525,#5163);
#4587=LINE('',#10529,#5164);
#4588=LINE('',#10533,#5165);
#4589=LINE('',#10535,#5166);
#4590=LINE('',#10537,#5167);
#4591=LINE('',#10541,#5168);
#4592=LINE('',#10555,#5169);
#4593=LINE('',#10561,#5170);
#4594=LINE('',#10570,#5171);
#4595=LINE('',#10576,#5172);
#4596=LINE('',#10580,#5173);
#4597=LINE('',#10584,#5174);
#4598=LINE('',#10588,#5175);
#4599=LINE('',#10590,#5176);
#4600=LINE('',#10592,#5177);
#4601=LINE('',#10594,#5178);
#4602=LINE('',#10596,#5179);
#4603=LINE('',#10598,#5180);
#4604=LINE('',#10600,#5181);
#4605=LINE('',#10604,#5182);
#4606=LINE('',#10608,#5183);
#4607=LINE('',#10619,#5184);
#4608=LINE('',#10632,#5185);
#4609=LINE('',#10638,#5186);
#4610=LINE('',#10642,#5187);
#4611=LINE('',#10646,#5188);
#4612=LINE('',#10650,#5189);
#4613=LINE('',#10654,#5190);
#4614=LINE('',#10656,#5191);
#4615=LINE('',#10677,#5192);
#4616=LINE('',#10683,#5193);
#4617=LINE('',#10685,#5194);
#4618=LINE('',#10687,#5195);
#4619=LINE('',#10689,#5196);
#4620=LINE('',#10691,#5197);
#4621=LINE('',#10693,#5198);
#4622=LINE('',#10695,#5199);
#4623=LINE('',#10704,#5200);
#4624=LINE('',#10717,#5201);
#4625=LINE('',#10723,#5202);
#4626=LINE('',#10727,#5203);
#4627=LINE('',#10738,#5204);
#4628=LINE('',#10751,#5205);
#4629=LINE('',#10757,#5206);
#4630=LINE('',#10759,#5207);
#4631=LINE('',#10761,#5208);
#4632=LINE('',#10763,#5209);
#4633=LINE('',#10765,#5210);
#4634=LINE('',#10767,#5211);
#4635=LINE('',#10769,#5212);
#4636=LINE('',#10773,#5213);
#4637=LINE('',#10777,#5214);
#4638=LINE('',#10781,#5215);
#4639=LINE('',#10792,#5216);
#4640=LINE('',#10805,#5217);
#4641=LINE('',#10811,#5218);
#4642=LINE('',#10815,#5219);
#4643=LINE('',#10831,#5220);
#4644=LINE('',#10833,#5221);
#4645=LINE('',#10835,#5222);
#4646=LINE('',#10837,#5223);
#4647=LINE('',#10839,#5224);
#4648=LINE('',#10841,#5225);
#4649=LINE('',#10843,#5226);
#4650=LINE('',#10845,#5227);
#4651=LINE('',#10848,#5228);
#4652=LINE('',#10850,#5229);
#4653=LINE('',#10852,#5230);
#4654=LINE('',#10854,#5231);
#4655=LINE('',#10856,#5232);
#4656=LINE('',#10858,#5233);
#4657=LINE('',#10860,#5234);
#4658=LINE('',#10862,#5235);
#4659=LINE('',#10864,#5236);
#4660=LINE('',#10866,#5237);
#4661=LINE('',#10869,#5238);
#4662=LINE('',#10873,#5239);
#4663=LINE('',#10875,#5240);
#4664=LINE('',#10877,#5241);
#4665=LINE('',#10879,#5242);
#4666=LINE('',#10881,#5243);
#4667=LINE('',#10883,#5244);
#4668=LINE('',#10885,#5245);
#4669=LINE('',#10887,#5246);
#4670=LINE('',#10891,#5247);
#4671=LINE('',#10895,#5248);
#4672=LINE('',#10899,#5249);
#4673=LINE('',#10903,#5250);
#4674=LINE('',#10907,#5251);
#4675=LINE('',#10911,#5252);
#4676=LINE('',#10915,#5253);
#4677=LINE('',#10919,#5254);
#4678=LINE('',#10923,#5255);
#4679=LINE('',#10925,#5256);
#4680=LINE('',#10927,#5257);
#4681=LINE('',#10931,#5258);
#4682=LINE('',#10935,#5259);
#4683=LINE('',#10939,#5260);
#4684=LINE('',#10943,#5261);
#4685=LINE('',#10947,#5262);
#4686=LINE('',#10951,#5263);
#4687=LINE('',#10955,#5264);
#4688=LINE('',#10959,#5265);
#4689=LINE('',#10966,#5266);
#4690=LINE('',#10968,#5267);
#4691=LINE('',#10970,#5268);
#4692=LINE('',#10972,#5269);
#4693=LINE('',#10974,#5270);
#4694=LINE('',#10976,#5271);
#4695=LINE('',#10978,#5272);
#4696=LINE('',#10980,#5273);
#4697=LINE('',#10982,#5274);
#4698=LINE('',#10984,#5275);
#4699=LINE('',#10986,#5276);
#4700=LINE('',#10988,#5277);
#4701=LINE('',#10990,#5278);
#4702=LINE('',#10992,#5279);
#4703=LINE('',#10994,#5280);
#4704=LINE('',#10996,#5281);
#4705=LINE('',#10998,#5282);
#4706=LINE('',#11000,#5283);
#4707=LINE('',#11002,#5284);
#4708=LINE('',#11004,#5285);
#4709=LINE('',#11006,#5286);
#4710=LINE('',#11008,#5287);
#4711=LINE('',#11010,#5288);
#4712=LINE('',#11012,#5289);
#4713=LINE('',#11022,#5290);
#4714=LINE('',#11028,#5291);
#4715=LINE('',#11037,#5292);
#4716=LINE('',#11043,#5293);
#4717=LINE('',#11047,#5294);
#4718=LINE('',#11051,#5295);
#4719=LINE('',#11055,#5296);
#4720=LINE('',#11057,#5297);
#4721=LINE('',#11059,#5298);
#4722=LINE('',#11061,#5299);
#4723=LINE('',#11063,#5300);
#4724=LINE('',#11065,#5301);
#4725=LINE('',#11067,#5302);
#4726=LINE('',#11071,#5303);
#4727=LINE('',#11075,#5304);
#4728=LINE('',#11086,#5305);
#4729=LINE('',#11099,#5306);
#4730=LINE('',#11105,#5307);
#4731=LINE('',#11109,#5308);
#4732=LINE('',#11113,#5309);
#4733=LINE('',#11117,#5310);
#4734=LINE('',#11121,#5311);
#4735=LINE('',#11123,#5312);
#4736=LINE('',#11137,#5313);
#4737=LINE('',#11141,#5314);
#4738=LINE('',#11143,#5315);
#4739=LINE('',#11145,#5316);
#4740=LINE('',#11147,#5317);
#4741=LINE('',#11151,#5318);
#4742=LINE('',#11155,#5319);
#4743=LINE('',#11159,#5320);
#4744=LINE('',#11161,#5321);
#4745=LINE('',#11175,#5322);
#4746=LINE('',#11177,#5323);
#4747=LINE('',#11179,#5324);
#4748=LINE('',#11181,#5325);
#4749=LINE('',#11183,#5326);
#4750=LINE('',#11185,#5327);
#4751=LINE('',#11187,#5328);
#4752=LINE('',#11189,#5329);
#4753=LINE('',#11191,#5330);
#4754=LINE('',#11193,#5331);
#4755=LINE('',#11196,#5332);
#4756=LINE('',#11200,#5333);
#4757=LINE('',#11202,#5334);
#4758=LINE('',#11204,#5335);
#4759=LINE('',#11206,#5336);
#4760=LINE('',#11210,#5337);
#4761=LINE('',#11214,#5338);
#4762=LINE('',#11218,#5339);
#4763=LINE('',#11222,#5340);
#4764=LINE('',#11226,#5341);
#4765=LINE('',#11230,#5342);
#4766=LINE('',#11234,#5343);
#4767=LINE('',#11238,#5344);
#4768=LINE('',#11242,#5345);
#4769=LINE('',#11246,#5346);
#4770=LINE('',#11248,#5347);
#4771=LINE('',#11250,#5348);
#4772=LINE('',#11254,#5349);
#4773=LINE('',#11258,#5350);
#4774=LINE('',#11262,#5351);
#4775=LINE('',#11266,#5352);
#4776=LINE('',#11270,#5353);
#4777=LINE('',#11281,#5354);
#4778=LINE('',#11287,#5355);
#4779=LINE('',#11291,#5356);
#4780=LINE('',#11293,#5357);
#4781=LINE('',#11295,#5358);
#4782=LINE('',#11299,#5359);
#4783=LINE('',#11303,#5360);
#4784=LINE('',#11305,#5361);
#4785=LINE('',#11307,#5362);
#4786=LINE('',#11318,#5363);
#4787=LINE('',#11324,#5364);
#4788=LINE('',#11328,#5365);
#4789=LINE('',#11332,#5366);
#4790=LINE('',#11336,#5367);
#4791=LINE('',#11340,#5368);
#4792=LINE('',#11342,#5369);
#4793=LINE('',#11344,#5370);
#4794=LINE('',#11348,#5371);
#4795=LINE('',#11362,#5372);
#4796=LINE('',#11368,#5373);
#4797=LINE('',#11377,#5374);
#4798=LINE('',#11383,#5375);
#4799=LINE('',#11387,#5376);
#4800=LINE('',#11391,#5377);
#4801=LINE('',#11395,#5378);
#4802=LINE('',#11397,#5379);
#4803=LINE('',#11399,#5380);
#4804=LINE('',#11401,#5381);
#4805=LINE('',#11403,#5382);
#4806=LINE('',#11405,#5383);
#4807=LINE('',#11407,#5384);
#4808=LINE('',#11411,#5385);
#4809=LINE('',#11415,#5386);
#4810=LINE('',#11426,#5387);
#4811=LINE('',#11439,#5388);
#4812=LINE('',#11445,#5389);
#4813=LINE('',#11449,#5390);
#4814=LINE('',#11453,#5391);
#4815=LINE('',#11457,#5392);
#4816=LINE('',#11461,#5393);
#4817=LINE('',#11463,#5394);
#4818=LINE('',#11484,#5395);
#4819=LINE('',#11490,#5396);
#4820=LINE('',#11492,#5397);
#4821=LINE('',#11494,#5398);
#4822=LINE('',#11496,#5399);
#4823=LINE('',#11498,#5400);
#4824=LINE('',#11500,#5401);
#4825=LINE('',#11502,#5402);
#4826=LINE('',#11504,#5403);
#4827=LINE('',#11508,#5404);
#4828=LINE('',#11512,#5405);
#4829=LINE('',#11516,#5406);
#4830=LINE('',#11520,#5407);
#4831=LINE('',#11524,#5408);
#4832=LINE('',#11528,#5409);
#4833=LINE('',#11532,#5410);
#4834=LINE('',#11536,#5411);
#4835=LINE('',#11540,#5412);
#4836=LINE('',#11542,#5413);
#4837=LINE('',#11544,#5414);
#4838=LINE('',#11548,#5415);
#4839=LINE('',#11555,#5416);
#4840=LINE('',#11557,#5417);
#4841=LINE('',#11559,#5418);
#4842=LINE('',#11561,#5419);
#4843=LINE('',#11563,#5420);
#4844=LINE('',#11565,#5421);
#4845=LINE('',#11567,#5422);
#4846=LINE('',#11569,#5423);
#4847=LINE('',#11571,#5424);
#4848=LINE('',#11573,#5425);
#4849=LINE('',#11575,#5426);
#4850=LINE('',#11577,#5427);
#4851=LINE('',#11579,#5428);
#4852=LINE('',#11581,#5429);
#4853=LINE('',#11584,#5430);
#4854=LINE('',#11586,#5431);
#4855=LINE('',#11588,#5432);
#4856=LINE('',#11590,#5433);
#4857=LINE('',#11592,#5434);
#4858=LINE('',#11594,#5435);
#4859=LINE('',#11596,#5436);
#4860=LINE('',#11598,#5437);
#4861=LINE('',#11601,#5438);
#4862=LINE('',#11605,#5439);
#4863=LINE('',#11607,#5440);
#4864=LINE('',#11609,#5441);
#4865=LINE('',#11611,#5442);
#4866=LINE('',#11615,#5443);
#4867=LINE('',#11619,#5444);
#4868=LINE('',#11623,#5445);
#4869=LINE('',#11627,#5446);
#4870=LINE('',#11631,#5447);
#4871=LINE('',#11635,#5448);
#4872=LINE('',#11639,#5449);
#4873=LINE('',#11643,#5450);
#4874=LINE('',#11647,#5451);
#4875=LINE('',#11651,#5452);
#4876=LINE('',#11653,#5453);
#4877=LINE('',#11655,#5454);
#4878=LINE('',#11659,#5455);
#4879=LINE('',#11663,#5456);
#4880=LINE('',#11667,#5457);
#4881=LINE('',#11671,#5458);
#4882=LINE('',#11675,#5459);
#4883=LINE('',#11686,#5460);
#4884=LINE('',#11692,#5461);
#4885=LINE('',#11696,#5462);
#4886=LINE('',#11698,#5463);
#4887=LINE('',#11700,#5464);
#4888=LINE('',#11704,#5465);
#4889=LINE('',#11708,#5466);
#4890=LINE('',#11710,#5467);
#4891=LINE('',#11712,#5468);
#4892=LINE('',#11723,#5469);
#4893=LINE('',#11729,#5470);
#4894=LINE('',#11733,#5471);
#4895=LINE('',#11737,#5472);
#4896=LINE('',#11741,#5473);
#4897=LINE('',#11745,#5474);
#4898=LINE('',#11747,#5475);
#4899=LINE('',#11749,#5476);
#4900=LINE('',#11753,#5477);
#4901=LINE('',#11760,#5478);
#4902=LINE('',#11762,#5479);
#4903=LINE('',#11764,#5480);
#4904=LINE('',#11766,#5481);
#4905=LINE('',#11768,#5482);
#4906=LINE('',#11770,#5483);
#4907=LINE('',#11772,#5484);
#4908=LINE('',#11774,#5485);
#4909=LINE('',#11776,#5486);
#4910=LINE('',#11778,#5487);
#4911=LINE('',#11781,#5488);
#4912=LINE('',#11785,#5489);
#4913=LINE('',#11787,#5490);
#4914=LINE('',#11791,#5491);
#4915=LINE('',#11795,#5492);
#4916=LINE('',#11797,#5493);
#4917=LINE('',#11799,#5494);
#4918=LINE('',#11803,#5495);
#4919=LINE('',#11814,#5496);
#4920=LINE('',#11820,#5497);
#4921=LINE('',#11824,#5498);
#4922=LINE('',#11828,#5499);
#4923=LINE('',#11832,#5500);
#4924=LINE('',#11834,#5501);
#4925=LINE('',#11836,#5502);
#4926=LINE('',#11838,#5503);
#4927=LINE('',#11840,#5504);
#4928=LINE('',#11842,#5505);
#4929=LINE('',#11844,#5506);
#4930=LINE('',#11848,#5507);
#4931=LINE('',#11855,#5508);
#4932=LINE('',#11859,#5509);
#4933=LINE('',#11868,#5510);
#4934=LINE('',#11881,#5511);
#4935=LINE('',#11887,#5512);
#4936=LINE('',#11891,#5513);
#4937=LINE('',#11895,#5514);
#4938=LINE('',#11897,#5515);
#4939=LINE('',#11899,#5516);
#4940=LINE('',#11903,#5517);
#4941=LINE('',#11914,#5518);
#4942=LINE('',#11920,#5519);
#4943=LINE('',#11924,#5520);
#4944=LINE('',#11928,#5521);
#4945=LINE('',#11930,#5522);
#4946=LINE('',#11932,#5523);
#4947=LINE('',#11934,#5524);
#4948=LINE('',#11936,#5525);
#4949=LINE('',#11938,#5526);
#4950=LINE('',#11940,#5527);
#4951=LINE('',#11944,#5528);
#4952=LINE('',#11951,#5529);
#4953=LINE('',#11953,#5530);
#4954=LINE('',#11955,#5531);
#4955=LINE('',#11957,#5532);
#4956=LINE('',#11959,#5533);
#4957=LINE('',#11961,#5534);
#4958=LINE('',#11963,#5535);
#4959=LINE('',#11965,#5536);
#4960=VECTOR('',#7555,1.);
#4961=VECTOR('',#7556,1.);
#4962=VECTOR('',#7557,1.);
#4963=VECTOR('',#7558,1.);
#4964=VECTOR('',#7559,1.);
#4965=VECTOR('',#7560,1.);
#4966=VECTOR('',#7561,1.);
#4967=VECTOR('',#7562,1.);
#4968=VECTOR('',#7563,1.);
#4969=VECTOR('',#7564,1.);
#4970=VECTOR('',#7565,1.);
#4971=VECTOR('',#7566,1.);
#4972=VECTOR('',#7567,1.);
#4973=VECTOR('',#7568,1.);
#4974=VECTOR('',#7569,1.);
#4975=VECTOR('',#7570,1.);
#4976=VECTOR('',#7571,1.);
#4977=VECTOR('',#7572,1.);
#4978=VECTOR('',#7573,1.);
#4979=VECTOR('',#7574,1.);
#4980=VECTOR('',#7575,1.);
#4981=VECTOR('',#7584,1.);
#4982=VECTOR('',#7595,1.);
#4983=VECTOR('',#7600,1.);
#4984=VECTOR('',#7615,1.);
#4985=VECTOR('',#7636,1.);
#4986=VECTOR('',#7651,1.);
#4987=VECTOR('',#7652,1.);
#4988=VECTOR('',#7653,1.);
#4989=VECTOR('',#7660,1.);
#4990=VECTOR('',#7673,1.);
#4991=VECTOR('',#7674,1.);
#4992=VECTOR('',#7675,1.);
#4993=VECTOR('',#7680,1.);
#4994=VECTOR('',#7681,1.);
#4995=VECTOR('',#7682,1.);
#4996=VECTOR('',#7683,1.);
#4997=VECTOR('',#7684,1.);
#4998=VECTOR('',#7685,1.);
#4999=VECTOR('',#7686,1.);
#5000=VECTOR('',#7687,1.);
#5001=VECTOR('',#7688,1.);
#5002=VECTOR('',#7689,1.);
#5003=VECTOR('',#7690,1.);
#5004=VECTOR('',#7691,1.);
#5005=VECTOR('',#7714,1.);
#5006=VECTOR('',#7733,1.);
#5007=VECTOR('',#7734,1.);
#5008=VECTOR('',#7735,1.);
#5009=VECTOR('',#7736,1.);
#5010=VECTOR('',#7737,1.);
#5011=VECTOR('',#7738,1.);
#5012=VECTOR('',#7739,1.);
#5013=VECTOR('',#7740,1.);
#5014=VECTOR('',#7741,1.);
#5015=VECTOR('',#7742,1.);
#5016=VECTOR('',#7743,1.);
#5017=VECTOR('',#7744,1.);
#5018=VECTOR('',#7745,1.);
#5019=VECTOR('',#7746,1.);
#5020=VECTOR('',#7747,1.);
#5021=VECTOR('',#7762,1.);
#5022=VECTOR('',#7763,1.);
#5023=VECTOR('',#7764,1.);
#5024=VECTOR('',#7771,1.);
#5025=VECTOR('',#7774,1.);
#5026=VECTOR('',#7781,1.);
#5027=VECTOR('',#7782,1.);
#5028=VECTOR('',#7783,1.);
#5029=VECTOR('',#7784,1.);
#5030=VECTOR('',#7785,1.);
#5031=VECTOR('',#7786,1.);
#5032=VECTOR('',#7795,1.);
#5033=VECTOR('',#7806,1.);
#5034=VECTOR('',#7811,1.);
#5035=VECTOR('',#7826,1.);
#5036=VECTOR('',#7847,1.);
#5037=VECTOR('',#7862,1.);
#5038=VECTOR('',#7863,1.);
#5039=VECTOR('',#7864,1.);
#5040=VECTOR('',#7871,1.);
#5041=VECTOR('',#7878,1.);
#5042=VECTOR('',#7897,1.);
#5043=VECTOR('',#7898,1.);
#5044=VECTOR('',#7899,1.);
#5045=VECTOR('',#7900,1.);
#5046=VECTOR('',#7901,1.);
#5047=VECTOR('',#7902,1.);
#5048=VECTOR('',#7903,1.);
#5049=VECTOR('',#7904,1.);
#5050=VECTOR('',#7905,1.);
#5051=VECTOR('',#7906,1.);
#5052=VECTOR('',#7907,1.);
#5053=VECTOR('',#7908,1.);
#5054=VECTOR('',#7909,1.);
#5055=VECTOR('',#7910,1.);
#5056=VECTOR('',#7919,1.);
#5057=VECTOR('',#7930,1.);
#5058=VECTOR('',#7935,1.);
#5059=VECTOR('',#7950,1.);
#5060=VECTOR('',#7971,1.);
#5061=VECTOR('',#7972,1.);
#5062=VECTOR('',#7973,1.);
#5063=VECTOR('',#7974,1.);
#5064=VECTOR('',#7975,1.);
#5065=VECTOR('',#7986,1.);
#5066=VECTOR('',#7987,1.);
#5067=VECTOR('',#7988,1.);
#5068=VECTOR('',#7999,1.);
#5069=VECTOR('',#8010,1.);
#5070=VECTOR('',#8011,1.);
#5071=VECTOR('',#8012,1.);
#5072=VECTOR('',#8021,1.);
#5073=VECTOR('',#8026,1.);
#5074=VECTOR('',#8027,1.);
#5075=VECTOR('',#8028,1.);
#5076=VECTOR('',#8029,1.);
#5077=VECTOR('',#8032,1.);
#5078=VECTOR('',#8033,1.);
#5079=VECTOR('',#8034,1.);
#5080=VECTOR('',#8035,1.);
#5081=VECTOR('',#8036,1.);
#5082=VECTOR('',#8037,1.);
#5083=VECTOR('',#8038,1.);
#5084=VECTOR('',#8039,1.);
#5085=VECTOR('',#8040,1.);
#5086=VECTOR('',#8041,1.);
#5087=VECTOR('',#8044,1.);
#5088=VECTOR('',#8045,1.);
#5089=VECTOR('',#8048,1.);
#5090=VECTOR('',#8049,1.);
#5091=VECTOR('',#8052,1.);
#5092=VECTOR('',#8057,1.);
#5093=VECTOR('',#8058,1.);
#5094=VECTOR('',#8059,1.);
#5095=VECTOR('',#8060,1.);
#5096=VECTOR('',#8061,1.);
#5097=VECTOR('',#8062,1.);
#5098=VECTOR('',#8065,1.);
#5099=VECTOR('',#8066,1.);
#5100=VECTOR('',#8069,1.);
#5101=VECTOR('',#8070,1.);
#5102=VECTOR('',#8073,1.);
#5103=VECTOR('',#8110,1.);
#5104=VECTOR('',#8111,1.);
#5105=VECTOR('',#8118,1.);
#5106=VECTOR('',#8119,1.);
#5107=VECTOR('',#8120,1.);
#5108=VECTOR('',#8123,1.);
#5109=VECTOR('',#8124,1.);
#5110=VECTOR('',#8127,1.);
#5111=VECTOR('',#8128,1.);
#5112=VECTOR('',#8131,1.);
#5113=VECTOR('',#8132,1.);
#5114=VECTOR('',#8135,1.);
#5115=VECTOR('',#8136,1.);
#5116=VECTOR('',#8139,1.);
#5117=VECTOR('',#8140,1.);
#5118=VECTOR('',#8143,1.);
#5119=VECTOR('',#8144,1.);
#5120=VECTOR('',#8147,1.);
#5121=VECTOR('',#8148,1.);
#5122=VECTOR('',#8151,1.);
#5123=VECTOR('',#8152,1.);
#5124=VECTOR('',#8155,1.);
#5125=VECTOR('',#8156,1.);
#5126=VECTOR('',#8159,1.);
#5127=VECTOR('',#8160,1.);
#5128=VECTOR('',#8163,1.);
#5129=VECTOR('',#8168,1.);
#5130=VECTOR('',#8171,1.);
#5131=VECTOR('',#8174,1.);
#5132=VECTOR('',#8175,1.);
#5133=VECTOR('',#8178,1.);
#5134=VECTOR('',#8183,1.);
#5135=VECTOR('',#8188,1.);
#5136=VECTOR('',#8193,1.);
#5137=VECTOR('',#8198,1.);
#5138=VECTOR('',#8203,1.);
#5139=VECTOR('',#8208,1.);
#5140=VECTOR('',#8213,1.);
#5141=VECTOR('',#8218,1.);
#5142=VECTOR('',#8223,1.);
#5143=VECTOR('',#8228,1.);
#5144=VECTOR('',#8229,1.);
#5145=VECTOR('',#8232,1.);
#5146=VECTOR('',#8237,1.);
#5147=VECTOR('',#8242,1.);
#5148=VECTOR('',#8247,1.);
#5149=VECTOR('',#8252,1.);
#5150=VECTOR('',#8257,1.);
#5151=VECTOR('',#8260,1.);
#5152=VECTOR('',#8263,1.);
#5153=VECTOR('',#8268,1.);
#5154=VECTOR('',#8269,1.);
#5155=VECTOR('',#8272,1.);
#5156=VECTOR('',#8277,1.);
#5157=VECTOR('',#8282,1.);
#5158=VECTOR('',#8283,1.);
#5159=VECTOR('',#8286,1.);
#5160=VECTOR('',#8289,1.);
#5161=VECTOR('',#8292,1.);
#5162=VECTOR('',#8297,1.);
#5163=VECTOR('',#8302,1.);
#5164=VECTOR('',#8307,1.);
#5165=VECTOR('',#8312,1.);
#5166=VECTOR('',#8313,1.);
#5167=VECTOR('',#8316,1.);
#5168=VECTOR('',#8321,1.);
#5169=VECTOR('',#8330,1.);
#5170=VECTOR('',#8331,1.);
#5171=VECTOR('',#8332,1.);
#5172=VECTOR('',#8335,1.);
#5173=VECTOR('',#8340,1.);
#5174=VECTOR('',#8345,1.);
#5175=VECTOR('',#8350,1.);
#5176=VECTOR('',#8351,1.);
#5177=VECTOR('',#8354,1.);
#5178=VECTOR('',#8355,1.);
#5179=VECTOR('',#8358,1.);
#5180=VECTOR('',#8359,1.);
#5181=VECTOR('',#8362,1.);
#5182=VECTOR('',#8367,1.);
#5183=VECTOR('',#8372,1.);
#5184=VECTOR('',#8375,1.);
#5185=VECTOR('',#8376,1.);
#5186=VECTOR('',#8379,1.);
#5187=VECTOR('',#8384,1.);
#5188=VECTOR('',#8389,1.);
#5189=VECTOR('',#8394,1.);
#5190=VECTOR('',#8399,1.);
#5191=VECTOR('',#8400,1.);
#5192=VECTOR('',#8403,1.);
#5193=VECTOR('',#8404,1.);
#5194=VECTOR('',#8407,1.);
#5195=VECTOR('',#8408,1.);
#5196=VECTOR('',#8411,1.);
#5197=VECTOR('',#8412,1.);
#5198=VECTOR('',#8415,1.);
#5199=VECTOR('',#8416,1.);
#5200=VECTOR('',#8417,1.);
#5201=VECTOR('',#8418,1.);
#5202=VECTOR('',#8421,1.);
#5203=VECTOR('',#8426,1.);
#5204=VECTOR('',#8429,1.);
#5205=VECTOR('',#8430,1.);
#5206=VECTOR('',#8433,1.);
#5207=VECTOR('',#8434,1.);
#5208=VECTOR('',#8437,1.);
#5209=VECTOR('',#8438,1.);
#5210=VECTOR('',#8441,1.);
#5211=VECTOR('',#8442,1.);
#5212=VECTOR('',#8445,1.);
#5213=VECTOR('',#8450,1.);
#5214=VECTOR('',#8455,1.);
#5215=VECTOR('',#8460,1.);
#5216=VECTOR('',#8463,1.);
#5217=VECTOR('',#8464,1.);
#5218=VECTOR('',#8467,1.);
#5219=VECTOR('',#8472,1.);
#5220=VECTOR('',#8479,1.);
#5221=VECTOR('',#8480,1.);
#5222=VECTOR('',#8481,1.);
#5223=VECTOR('',#8484,1.);
#5224=VECTOR('',#8485,1.);
#5225=VECTOR('',#8488,1.);
#5226=VECTOR('',#8489,1.);
#5227=VECTOR('',#8492,1.);
#5228=VECTOR('',#8497,1.);
#5229=VECTOR('',#8498,1.);
#5230=VECTOR('',#8499,1.);
#5231=VECTOR('',#8502,1.);
#5232=VECTOR('',#8503,1.);
#5233=VECTOR('',#8506,1.);
#5234=VECTOR('',#8507,1.);
#5235=VECTOR('',#8510,1.);
#5236=VECTOR('',#8511,1.);
#5237=VECTOR('',#8514,1.);
#5238=VECTOR('',#8519,1.);
#5239=VECTOR('',#8522,1.);
#5240=VECTOR('',#8525,1.);
#5241=VECTOR('',#8526,1.);
#5242=VECTOR('',#8529,1.);
#5243=VECTOR('',#8530,1.);
#5244=VECTOR('',#8533,1.);
#5245=VECTOR('',#8534,1.);
#5246=VECTOR('',#8537,1.);
#5247=VECTOR('',#8542,1.);
#5248=VECTOR('',#8547,1.);
#5249=VECTOR('',#8552,1.);
#5250=VECTOR('',#8557,1.);
#5251=VECTOR('',#8562,1.);
#5252=VECTOR('',#8567,1.);
#5253=VECTOR('',#8572,1.);
#5254=VECTOR('',#8577,1.);
#5255=VECTOR('',#8582,1.);
#5256=VECTOR('',#8583,1.);
#5257=VECTOR('',#8586,1.);
#5258=VECTOR('',#8591,1.);
#5259=VECTOR('',#8596,1.);
#5260=VECTOR('',#8601,1.);
#5261=VECTOR('',#8606,1.);
#5262=VECTOR('',#8611,1.);
#5263=VECTOR('',#8616,1.);
#5264=VECTOR('',#8621,1.);
#5265=VECTOR('',#8626,1.);
#5266=VECTOR('',#8637,1.);
#5267=VECTOR('',#8638,1.);
#5268=VECTOR('',#8639,1.);
#5269=VECTOR('',#8642,1.);
#5270=VECTOR('',#8643,1.);
#5271=VECTOR('',#8646,1.);
#5272=VECTOR('',#8647,1.);
#5273=VECTOR('',#8650,1.);
#5274=VECTOR('',#8651,1.);
#5275=VECTOR('',#8654,1.);
#5276=VECTOR('',#8655,1.);
#5277=VECTOR('',#8658,1.);
#5278=VECTOR('',#8659,1.);
#5279=VECTOR('',#8662,1.);
#5280=VECTOR('',#8663,1.);
#5281=VECTOR('',#8666,1.);
#5282=VECTOR('',#8667,1.);
#5283=VECTOR('',#8670,1.);
#5284=VECTOR('',#8671,1.);
#5285=VECTOR('',#8674,1.);
#5286=VECTOR('',#8675,1.);
#5287=VECTOR('',#8678,1.);
#5288=VECTOR('',#8679,1.);
#5289=VECTOR('',#8682,1.);
#5290=VECTOR('',#8685,1.);
#5291=VECTOR('',#8686,1.);
#5292=VECTOR('',#8687,1.);
#5293=VECTOR('',#8690,1.);
#5294=VECTOR('',#8695,1.);
#5295=VECTOR('',#8700,1.);
#5296=VECTOR('',#8705,1.);
#5297=VECTOR('',#8706,1.);
#5298=VECTOR('',#8709,1.);
#5299=VECTOR('',#8710,1.);
#5300=VECTOR('',#8713,1.);
#5301=VECTOR('',#8714,1.);
#5302=VECTOR('',#8717,1.);
#5303=VECTOR('',#8722,1.);
#5304=VECTOR('',#8727,1.);
#5305=VECTOR('',#8730,1.);
#5306=VECTOR('',#8731,1.);
#5307=VECTOR('',#8734,1.);
#5308=VECTOR('',#8739,1.);
#5309=VECTOR('',#8744,1.);
#5310=VECTOR('',#8749,1.);
#5311=VECTOR('',#8754,1.);
#5312=VECTOR('',#8755,1.);
#5313=VECTOR('',#8760,1.);
#5314=VECTOR('',#8763,1.);
#5315=VECTOR('',#8766,1.);
#5316=VECTOR('',#8767,1.);
#5317=VECTOR('',#8770,1.);
#5318=VECTOR('',#8775,1.);
#5319=VECTOR('',#8780,1.);
#5320=VECTOR('',#8785,1.);
#5321=VECTOR('',#8786,1.);
#5322=VECTOR('',#8791,1.);
#5323=VECTOR('',#8792,1.);
#5324=VECTOR('',#8793,1.);
#5325=VECTOR('',#8796,1.);
#5326=VECTOR('',#8797,1.);
#5327=VECTOR('',#8800,1.);
#5328=VECTOR('',#8801,1.);
#5329=VECTOR('',#8804,1.);
#5330=VECTOR('',#8805,1.);
#5331=VECTOR('',#8808,1.);
#5332=VECTOR('',#8813,1.);
#5333=VECTOR('',#8816,1.);
#5334=VECTOR('',#8819,1.);
#5335=VECTOR('',#8820,1.);
#5336=VECTOR('',#8823,1.);
#5337=VECTOR('',#8828,1.);
#5338=VECTOR('',#8833,1.);
#5339=VECTOR('',#8838,1.);
#5340=VECTOR('',#8843,1.);
#5341=VECTOR('',#8848,1.);
#5342=VECTOR('',#8853,1.);
#5343=VECTOR('',#8858,1.);
#5344=VECTOR('',#8863,1.);
#5345=VECTOR('',#8868,1.);
#5346=VECTOR('',#8873,1.);
#5347=VECTOR('',#8874,1.);
#5348=VECTOR('',#8877,1.);
#5349=VECTOR('',#8882,1.);
#5350=VECTOR('',#8887,1.);
#5351=VECTOR('',#8892,1.);
#5352=VECTOR('',#8897,1.);
#5353=VECTOR('',#8902,1.);
#5354=VECTOR('',#8905,1.);
#5355=VECTOR('',#8908,1.);
#5356=VECTOR('',#8913,1.);
#5357=VECTOR('',#8914,1.);
#5358=VECTOR('',#8917,1.);
#5359=VECTOR('',#8922,1.);
#5360=VECTOR('',#8927,1.);
#5361=VECTOR('',#8928,1.);
#5362=VECTOR('',#8931,1.);
#5363=VECTOR('',#8934,1.);
#5364=VECTOR('',#8937,1.);
#5365=VECTOR('',#8942,1.);
#5366=VECTOR('',#8947,1.);
#5367=VECTOR('',#8952,1.);
#5368=VECTOR('',#8957,1.);
#5369=VECTOR('',#8958,1.);
#5370=VECTOR('',#8961,1.);
#5371=VECTOR('',#8966,1.);
#5372=VECTOR('',#8975,1.);
#5373=VECTOR('',#8976,1.);
#5374=VECTOR('',#8977,1.);
#5375=VECTOR('',#8980,1.);
#5376=VECTOR('',#8985,1.);
#5377=VECTOR('',#8990,1.);
#5378=VECTOR('',#8995,1.);
#5379=VECTOR('',#8996,1.);
#5380=VECTOR('',#8999,1.);
#5381=VECTOR('',#9000,1.);
#5382=VECTOR('',#9003,1.);
#5383=VECTOR('',#9004,1.);
#5384=VECTOR('',#9007,1.);
#5385=VECTOR('',#9012,1.);
#5386=VECTOR('',#9017,1.);
#5387=VECTOR('',#9020,1.);
#5388=VECTOR('',#9021,1.);
#5389=VECTOR('',#9024,1.);
#5390=VECTOR('',#9029,1.);
#5391=VECTOR('',#9034,1.);
#5392=VECTOR('',#9039,1.);
#5393=VECTOR('',#9044,1.);
#5394=VECTOR('',#9045,1.);
#5395=VECTOR('',#9048,1.);
#5396=VECTOR('',#9049,1.);
#5397=VECTOR('',#9052,1.);
#5398=VECTOR('',#9053,1.);
#5399=VECTOR('',#9056,1.);
#5400=VECTOR('',#9057,1.);
#5401=VECTOR('',#9060,1.);
#5402=VECTOR('',#9061,1.);
#5403=VECTOR('',#9064,1.);
#5404=VECTOR('',#9069,1.);
#5405=VECTOR('',#9074,1.);
#5406=VECTOR('',#9079,1.);
#5407=VECTOR('',#9084,1.);
#5408=VECTOR('',#9089,1.);
#5409=VECTOR('',#9094,1.);
#5410=VECTOR('',#9099,1.);
#5411=VECTOR('',#9104,1.);
#5412=VECTOR('',#9109,1.);
#5413=VECTOR('',#9110,1.);
#5414=VECTOR('',#9113,1.);
#5415=VECTOR('',#9118,1.);
#5416=VECTOR('',#9129,1.);
#5417=VECTOR('',#9130,1.);
#5418=VECTOR('',#9131,1.);
#5419=VECTOR('',#9134,1.);
#5420=VECTOR('',#9135,1.);
#5421=VECTOR('',#9138,1.);
#5422=VECTOR('',#9139,1.);
#5423=VECTOR('',#9142,1.);
#5424=VECTOR('',#9143,1.);
#5425=VECTOR('',#9146,1.);
#5426=VECTOR('',#9147,1.);
#5427=VECTOR('',#9150,1.);
#5428=VECTOR('',#9151,1.);
#5429=VECTOR('',#9154,1.);
#5430=VECTOR('',#9159,1.);
#5431=VECTOR('',#9160,1.);
#5432=VECTOR('',#9161,1.);
#5433=VECTOR('',#9164,1.);
#5434=VECTOR('',#9165,1.);
#5435=VECTOR('',#9168,1.);
#5436=VECTOR('',#9169,1.);
#5437=VECTOR('',#9172,1.);
#5438=VECTOR('',#9177,1.);
#5439=VECTOR('',#9180,1.);
#5440=VECTOR('',#9183,1.);
#5441=VECTOR('',#9184,1.);
#5442=VECTOR('',#9187,1.);
#5443=VECTOR('',#9192,1.);
#5444=VECTOR('',#9197,1.);
#5445=VECTOR('',#9202,1.);
#5446=VECTOR('',#9207,1.);
#5447=VECTOR('',#9212,1.);
#5448=VECTOR('',#9217,1.);
#5449=VECTOR('',#9222,1.);
#5450=VECTOR('',#9227,1.);
#5451=VECTOR('',#9232,1.);
#5452=VECTOR('',#9237,1.);
#5453=VECTOR('',#9238,1.);
#5454=VECTOR('',#9241,1.);
#5455=VECTOR('',#9246,1.);
#5456=VECTOR('',#9251,1.);
#5457=VECTOR('',#9256,1.);
#5458=VECTOR('',#9261,1.);
#5459=VECTOR('',#9266,1.);
#5460=VECTOR('',#9269,1.);
#5461=VECTOR('',#9272,1.);
#5462=VECTOR('',#9277,1.);
#5463=VECTOR('',#9278,1.);
#5464=VECTOR('',#9281,1.);
#5465=VECTOR('',#9286,1.);
#5466=VECTOR('',#9291,1.);
#5467=VECTOR('',#9292,1.);
#5468=VECTOR('',#9295,1.);
#5469=VECTOR('',#9298,1.);
#5470=VECTOR('',#9301,1.);
#5471=VECTOR('',#9306,1.);
#5472=VECTOR('',#9311,1.);
#5473=VECTOR('',#9316,1.);
#5474=VECTOR('',#9321,1.);
#5475=VECTOR('',#9322,1.);
#5476=VECTOR('',#9325,1.);
#5477=VECTOR('',#9330,1.);
#5478=VECTOR('',#9341,1.);
#5479=VECTOR('',#9342,1.);
#5480=VECTOR('',#9343,1.);
#5481=VECTOR('',#9346,1.);
#5482=VECTOR('',#9347,1.);
#5483=VECTOR('',#9350,1.);
#5484=VECTOR('',#9351,1.);
#5485=VECTOR('',#9354,1.);
#5486=VECTOR('',#9355,1.);
#5487=VECTOR('',#9358,1.);
#5488=VECTOR('',#9363,1.);
#5489=VECTOR('',#9366,1.);
#5490=VECTOR('',#9369,1.);
#5491=VECTOR('',#9374,1.);
#5492=VECTOR('',#9379,1.);
#5493=VECTOR('',#9380,1.);
#5494=VECTOR('',#9383,1.);
#5495=VECTOR('',#9388,1.);
#5496=VECTOR('',#9391,1.);
#5497=VECTOR('',#9394,1.);
#5498=VECTOR('',#9399,1.);
#5499=VECTOR('',#9404,1.);
#5500=VECTOR('',#9409,1.);
#5501=VECTOR('',#9410,1.);
#5502=VECTOR('',#9413,1.);
#5503=VECTOR('',#9414,1.);
#5504=VECTOR('',#9417,1.);
#5505=VECTOR('',#9418,1.);
#5506=VECTOR('',#9421,1.);
#5507=VECTOR('',#9426,1.);
#5508=VECTOR('',#9437,1.);
#5509=VECTOR('',#9440,1.);
#5510=VECTOR('',#9441,1.);
#5511=VECTOR('',#9442,1.);
#5512=VECTOR('',#9445,1.);
#5513=VECTOR('',#9450,1.);
#5514=VECTOR('',#9455,1.);
#5515=VECTOR('',#9456,1.);
#5516=VECTOR('',#9459,1.);
#5517=VECTOR('',#9464,1.);
#5518=VECTOR('',#9467,1.);
#5519=VECTOR('',#9470,1.);
#5520=VECTOR('',#9475,1.);
#5521=VECTOR('',#9480,1.);
#5522=VECTOR('',#9481,1.);
#5523=VECTOR('',#9484,1.);
#5524=VECTOR('',#9485,1.);
#5525=VECTOR('',#9488,1.);
#5526=VECTOR('',#9489,1.);
#5527=VECTOR('',#9492,1.);
#5528=VECTOR('',#9497,1.);
#5529=VECTOR('',#9508,1.);
#5530=VECTOR('',#9509,1.);
#5531=VECTOR('',#9510,1.);
#5532=VECTOR('',#9513,1.);
#5533=VECTOR('',#9514,1.);
#5534=VECTOR('',#9517,1.);
#5535=VECTOR('',#9518,1.);
#5536=VECTOR('',#9521,1.);
#5537=EDGE_LOOP('',(#666,#667,#668,#669,#670,#671,#672,#673));
#5538=EDGE_LOOP('',(#674,#675,#676,#677,#678,#679,#680,#681,#682,#683,#684,
#685));
#5539=EDGE_LOOP('',(#686,#687,#688,#689,#690,#691,#692,#693,#694,#695,#696,
#697,#698,#699,#700,#701,#702,#703,#704,#705,#706,#707,#708,#709,#710,#711,
#712,#713,#714,#715,#716,#717,#718,#719,#720));
#5540=EDGE_LOOP('',(#721,#722,#723,#724,#725,#726,#727,#728,#729,#730,#731,
#732,#733,#734,#735,#736,#737,#738,#739));
#5541=EDGE_LOOP('',(#740,#741,#742,#743,#744,#745,#746,#747,#748,#749,#750,
#751,#752,#753,#754,#755,#756,#757,#758,#759,#760,#761));
#5542=EDGE_LOOP('',(#762,#763,#764,#765));
#5543=EDGE_LOOP('',(#766,#767,#768,#769,#770));
#5544=EDGE_LOOP('',(#771,#772,#773,#774,#775,#776,#777,#778,#779,#780,#781,
#782,#783,#784,#785,#786,#787,#788,#789,#790,#791,#792,#793,#794));
#5545=EDGE_LOOP('',(#795,#796,#797,#798,#799,#800,#801,#802,#803,#804,#805,
#806));
#5546=EDGE_LOOP('',(#807,#808,#809,#810,#811,#812,#813,#814,#815,#816,#817,
#818,#819,#820,#821,#822,#823,#824,#825));
#5547=EDGE_LOOP('',(#826,#827,#828,#829,#830,#831,#832));
#5548=EDGE_LOOP('',(#833,#834,#835,#836,#837));
#5549=EDGE_LOOP('',(#838,#839,#840,#841,#842,#843,#844,#845,#846,#847,#848,
#849,#850,#851,#852,#853,#854,#855,#856,#857,#858,#859,#860,#861,#862,#863,
#864,#865,#866,#867,#868,#869,#870,#871,#872));
#5550=EDGE_LOOP('',(#873,#874,#875,#876,#877,#878,#879,#880,#881,#882,#883,
#884,#885,#886,#887,#888,#889,#890,#891));
#5551=EDGE_LOOP('',(#892,#893,#894,#895,#896,#897,#898,#899,#900,#901,#902,
#903,#904,#905,#906,#907,#908));
#5552=EDGE_LOOP('',(#909,#910,#911,#912,#913,#914,#915));
#5553=EDGE_LOOP('',(#916,#917,#918,#919));
#5554=EDGE_LOOP('',(#920,#921,#922,#923,#924,#925,#926,#927,#928,#929,#930,
#931,#932,#933,#934,#935,#936,#937,#938,#939,#940,#941,#942,#943,#944,#945,
#946,#947,#948,#949,#950,#951,#952,#953,#954));
#5555=EDGE_LOOP('',(#955,#956,#957,#958,#959));
#5556=EDGE_LOOP('',(#960,#961,#962,#963,#964,#965,#966,#967,#968,#969,#970,
#971,#972,#973,#974,#975));
#5557=EDGE_LOOP('',(#976,#977,#978,#979,#980,#981,#982,#983,#984,#985,#986,
#987,#988,#989,#990,#991,#992));
#5558=EDGE_LOOP('',(#993,#994,#995,#996));
#5559=EDGE_LOOP('',(#997,#998,#999,#1000,#1001,#1002,#1003,#1004,#1005,
#1006,#1007,#1008));
#5560=EDGE_LOOP('',(#1009,#1010,#1011,#1012));
#5561=EDGE_LOOP('',(#1013,#1014,#1015,#1016));
#5562=EDGE_LOOP('',(#1017,#1018,#1019,#1020));
#5563=EDGE_LOOP('',(#1021,#1022,#1023,#1024));
#5564=EDGE_LOOP('',(#1025,#1026,#1027,#1028,#1029,#1030,#1031,#1032));
#5565=EDGE_LOOP('',(#1033,#1034,#1035,#1036));
#5566=EDGE_LOOP('',(#1037,#1038,#1039,#1040));
#5567=EDGE_LOOP('',(#1041,#1042,#1043,#1044));
#5568=EDGE_LOOP('',(#1045));
#5569=EDGE_LOOP('',(#1046));
#5570=EDGE_LOOP('',(#1047));
#5571=EDGE_LOOP('',(#1048));
#5572=EDGE_LOOP('',(#1049,#1050,#1051,#1052));
#5573=EDGE_LOOP('',(#1053));
#5574=EDGE_LOOP('',(#1054));
#5575=EDGE_LOOP('',(#1055));
#5576=EDGE_LOOP('',(#1056));
#5577=EDGE_LOOP('',(#1057));
#5578=EDGE_LOOP('',(#1058));
#5579=EDGE_LOOP('',(#1059));
#5580=EDGE_LOOP('',(#1060));
#5581=EDGE_LOOP('',(#1061));
#5582=EDGE_LOOP('',(#1062));
#5583=EDGE_LOOP('',(#1063));
#5584=EDGE_LOOP('',(#1064));
#5585=EDGE_LOOP('',(#1065,#1066,#1067,#1068));
#5586=EDGE_LOOP('',(#1069,#1070,#1071,#1072));
#5587=EDGE_LOOP('',(#1073,#1074,#1075,#1076));
#5588=EDGE_LOOP('',(#1077,#1078,#1079,#1080));
#5589=EDGE_LOOP('',(#1081,#1082,#1083,#1084));
#5590=EDGE_LOOP('',(#1085,#1086,#1087,#1088));
#5591=EDGE_LOOP('',(#1089,#1090,#1091,#1092));
#5592=EDGE_LOOP('',(#1093,#1094,#1095,#1096));
#5593=EDGE_LOOP('',(#1097,#1098,#1099,#1100));
#5594=EDGE_LOOP('',(#1101,#1102,#1103,#1104));
#5595=EDGE_LOOP('',(#1105,#1106,#1107,#1108));
#5596=EDGE_LOOP('',(#1109,#1110,#1111,#1112));
#5597=EDGE_LOOP('',(#1113,#1114,#1115,#1116));
#5598=EDGE_LOOP('',(#1117,#1118,#1119,#1120));
#5599=EDGE_LOOP('',(#1121,#1122,#1123,#1124));
#5600=EDGE_LOOP('',(#1125,#1126,#1127,#1128,#1129,#1130,#1131,#1132,#1133,
#1134,#1135,#1136));
#5601=EDGE_LOOP('',(#1137,#1138,#1139,#1140));
#5602=EDGE_LOOP('',(#1141,#1142,#1143,#1144));
#5603=EDGE_LOOP('',(#1145,#1146,#1147,#1148));
#5604=EDGE_LOOP('',(#1149,#1150,#1151,#1152));
#5605=EDGE_LOOP('',(#1153,#1154,#1155,#1156));
#5606=EDGE_LOOP('',(#1157,#1158,#1159,#1160));
#5607=EDGE_LOOP('',(#1161,#1162,#1163,#1164));
#5608=EDGE_LOOP('',(#1165,#1166,#1167,#1168));
#5609=EDGE_LOOP('',(#1169,#1170,#1171,#1172));
#5610=EDGE_LOOP('',(#1173,#1174,#1175,#1176));
#5611=EDGE_LOOP('',(#1177,#1178,#1179,#1180));
#5612=EDGE_LOOP('',(#1181,#1182,#1183,#1184));
#5613=EDGE_LOOP('',(#1185,#1186,#1187,#1188));
#5614=EDGE_LOOP('',(#1189,#1190,#1191,#1192));
#5615=EDGE_LOOP('',(#1193,#1194,#1195,#1196));
#5616=EDGE_LOOP('',(#1197,#1198,#1199,#1200));
#5617=EDGE_LOOP('',(#1201,#1202,#1203,#1204));
#5618=EDGE_LOOP('',(#1205,#1206,#1207,#1208));
#5619=EDGE_LOOP('',(#1209,#1210,#1211,#1212));
#5620=EDGE_LOOP('',(#1213,#1214,#1215,#1216));
#5621=EDGE_LOOP('',(#1217,#1218,#1219,#1220));
#5622=EDGE_LOOP('',(#1221,#1222,#1223,#1224));
#5623=EDGE_LOOP('',(#1225,#1226,#1227,#1228));
#5624=EDGE_LOOP('',(#1229,#1230,#1231,#1232));
#5625=EDGE_LOOP('',(#1233,#1234,#1235,#1236));
#5626=EDGE_LOOP('',(#1237,#1238,#1239,#1240));
#5627=EDGE_LOOP('',(#1241,#1242,#1243,#1244));
#5628=EDGE_LOOP('',(#1245,#1246,#1247,#1248));
#5629=EDGE_LOOP('',(#1249,#1250,#1251,#1252));
#5630=EDGE_LOOP('',(#1253,#1254,#1255,#1256));
#5631=EDGE_LOOP('',(#1257,#1258,#1259,#1260));
#5632=EDGE_LOOP('',(#1261,#1262,#1263,#1264));
#5633=EDGE_LOOP('',(#1265,#1266,#1267,#1268));
#5634=EDGE_LOOP('',(#1269,#1270,#1271,#1272));
#5635=EDGE_LOOP('',(#1273,#1274,#1275,#1276));
#5636=EDGE_LOOP('',(#1277,#1278,#1279,#1280,#1281,#1282,#1283,#1284,#1285,
#1286,#1287,#1288,#1289,#1290,#1291,#1292,#1293,#1294,#1295,#1296,#1297,
#1298,#1299,#1300,#1301,#1302,#1303,#1304,#1305,#1306,#1307,#1308,#1309,
#1310,#1311));
#5637=EDGE_LOOP('',(#1312,#1313,#1314,#1315));
#5638=EDGE_LOOP('',(#1316,#1317,#1318,#1319));
#5639=EDGE_LOOP('',(#1320,#1321,#1322,#1323));
#5640=EDGE_LOOP('',(#1324,#1325,#1326,#1327));
#5641=EDGE_LOOP('',(#1328,#1329,#1330,#1331));
#5642=EDGE_LOOP('',(#1332,#1333,#1334,#1335));
#5643=EDGE_LOOP('',(#1336,#1337,#1338,#1339));
#5644=EDGE_LOOP('',(#1340,#1341,#1342,#1343));
#5645=EDGE_LOOP('',(#1344,#1345,#1346,#1347));
#5646=EDGE_LOOP('',(#1348,#1349,#1350,#1351));
#5647=EDGE_LOOP('',(#1352,#1353,#1354,#1355));
#5648=EDGE_LOOP('',(#1356,#1357,#1358,#1359));
#5649=EDGE_LOOP('',(#1360,#1361,#1362,#1363));
#5650=EDGE_LOOP('',(#1364,#1365,#1366,#1367));
#5651=EDGE_LOOP('',(#1368,#1369,#1370,#1371));
#5652=EDGE_LOOP('',(#1372,#1373,#1374,#1375));
#5653=EDGE_LOOP('',(#1376,#1377,#1378,#1379));
#5654=EDGE_LOOP('',(#1380,#1381,#1382,#1383));
#5655=EDGE_LOOP('',(#1384,#1385,#1386,#1387));
#5656=EDGE_LOOP('',(#1388,#1389,#1390,#1391,#1392,#1393,#1394,#1395,#1396,
#1397,#1398,#1399,#1400,#1401,#1402,#1403,#1404,#1405,#1406));
#5657=EDGE_LOOP('',(#1407,#1408,#1409,#1410));
#5658=EDGE_LOOP('',(#1411,#1412,#1413,#1414));
#5659=EDGE_LOOP('',(#1415,#1416,#1417,#1418));
#5660=EDGE_LOOP('',(#1419,#1420,#1421,#1422));
#5661=EDGE_LOOP('',(#1423,#1424,#1425,#1426));
#5662=EDGE_LOOP('',(#1427,#1428,#1429,#1430));
#5663=EDGE_LOOP('',(#1431,#1432,#1433,#1434));
#5664=EDGE_LOOP('',(#1435,#1436,#1437,#1438));
#5665=EDGE_LOOP('',(#1439,#1440,#1441,#1442));
#5666=EDGE_LOOP('',(#1443,#1444,#1445,#1446));
#5667=EDGE_LOOP('',(#1447,#1448,#1449,#1450));
#5668=EDGE_LOOP('',(#1451,#1452,#1453,#1454));
#5669=EDGE_LOOP('',(#1455,#1456,#1457,#1458));
#5670=EDGE_LOOP('',(#1459,#1460,#1461,#1462));
#5671=EDGE_LOOP('',(#1463,#1464,#1465,#1466));
#5672=EDGE_LOOP('',(#1467,#1468,#1469,#1470));
#5673=EDGE_LOOP('',(#1471,#1472,#1473,#1474));
#5674=EDGE_LOOP('',(#1475,#1476,#1477,#1478));
#5675=EDGE_LOOP('',(#1479,#1480,#1481,#1482));
#5676=EDGE_LOOP('',(#1483,#1484,#1485,#1486));
#5677=EDGE_LOOP('',(#1487,#1488,#1489,#1490));
#5678=EDGE_LOOP('',(#1491,#1492,#1493,#1494));
#5679=EDGE_LOOP('',(#1495,#1496,#1497,#1498,#1499,#1500,#1501,#1502,#1503,
#1504,#1505,#1506,#1507,#1508,#1509,#1510,#1511,#1512,#1513,#1514,#1515,
#1516));
#5680=EDGE_LOOP('',(#1517,#1518,#1519,#1520));
#5681=EDGE_LOOP('',(#1521,#1522,#1523,#1524));
#5682=EDGE_LOOP('',(#1525,#1526,#1527,#1528));
#5683=EDGE_LOOP('',(#1529,#1530,#1531,#1532));
#5684=EDGE_LOOP('',(#1533,#1534,#1535,#1536));
#5685=EDGE_LOOP('',(#1537,#1538,#1539,#1540));
#5686=EDGE_LOOP('',(#1541,#1542,#1543,#1544));
#5687=EDGE_LOOP('',(#1545,#1546,#1547,#1548));
#5688=EDGE_LOOP('',(#1549,#1550,#1551,#1552));
#5689=EDGE_LOOP('',(#1553,#1554,#1555,#1556));
#5690=EDGE_LOOP('',(#1557,#1558,#1559,#1560,#1561));
#5691=EDGE_LOOP('',(#1562,#1563,#1564,#1565));
#5692=EDGE_LOOP('',(#1566,#1567,#1568,#1569));
#5693=EDGE_LOOP('',(#1570,#1571,#1572,#1573));
#5694=EDGE_LOOP('',(#1574,#1575,#1576,#1577));
#5695=EDGE_LOOP('',(#1578,#1579,#1580,#1581));
#5696=EDGE_LOOP('',(#1582,#1583,#1584,#1585));
#5697=EDGE_LOOP('',(#1586,#1587,#1588,#1589));
#5698=EDGE_LOOP('',(#1590,#1591,#1592,#1593));
#5699=EDGE_LOOP('',(#1594,#1595,#1596,#1597));
#5700=EDGE_LOOP('',(#1598,#1599,#1600,#1601));
#5701=EDGE_LOOP('',(#1602,#1603,#1604,#1605));
#5702=EDGE_LOOP('',(#1606,#1607,#1608,#1609));
#5703=EDGE_LOOP('',(#1610,#1611,#1612,#1613));
#5704=EDGE_LOOP('',(#1614,#1615,#1616,#1617));
#5705=EDGE_LOOP('',(#1618,#1619,#1620,#1621));
#5706=EDGE_LOOP('',(#1622,#1623,#1624,#1625));
#5707=EDGE_LOOP('',(#1626,#1627,#1628,#1629));
#5708=EDGE_LOOP('',(#1630,#1631,#1632,#1633));
#5709=EDGE_LOOP('',(#1634,#1635,#1636,#1637));
#5710=EDGE_LOOP('',(#1638,#1639,#1640,#1641));
#5711=EDGE_LOOP('',(#1642,#1643,#1644,#1645));
#5712=EDGE_LOOP('',(#1646,#1647,#1648,#1649));
#5713=EDGE_LOOP('',(#1650,#1651,#1652,#1653));
#5714=EDGE_LOOP('',(#1654,#1655,#1656,#1657));
#5715=EDGE_LOOP('',(#1658,#1659,#1660,#1661,#1662,#1663,#1664,#1665,#1666,
#1667,#1668,#1669,#1670,#1671,#1672,#1673,#1674,#1675,#1676,#1677,#1678,
#1679,#1680,#1681));
#5716=EDGE_LOOP('',(#1682,#1683,#1684,#1685));
#5717=EDGE_LOOP('',(#1686,#1687,#1688,#1689));
#5718=EDGE_LOOP('',(#1690,#1691,#1692,#1693));
#5719=EDGE_LOOP('',(#1694,#1695,#1696,#1697));
#5720=EDGE_LOOP('',(#1698,#1699,#1700,#1701));
#5721=EDGE_LOOP('',(#1702,#1703,#1704,#1705));
#5722=EDGE_LOOP('',(#1706,#1707,#1708,#1709));
#5723=EDGE_LOOP('',(#1710,#1711,#1712,#1713));
#5724=EDGE_LOOP('',(#1714,#1715,#1716,#1717));
#5725=EDGE_LOOP('',(#1718,#1719,#1720,#1721));
#5726=EDGE_LOOP('',(#1722,#1723,#1724,#1725));
#5727=EDGE_LOOP('',(#1726,#1727,#1728,#1729));
#5728=EDGE_LOOP('',(#1730,#1731,#1732,#1733,#1734,#1735,#1736,#1737,#1738,
#1739,#1740,#1741));
#5729=EDGE_LOOP('',(#1742,#1743,#1744,#1745));
#5730=EDGE_LOOP('',(#1746,#1747,#1748,#1749));
#5731=EDGE_LOOP('',(#1750,#1751,#1752,#1753));
#5732=EDGE_LOOP('',(#1754,#1755,#1756,#1757));
#5733=EDGE_LOOP('',(#1758,#1759,#1760,#1761));
#5734=EDGE_LOOP('',(#1762,#1763,#1764,#1765));
#5735=EDGE_LOOP('',(#1766,#1767,#1768,#1769));
#5736=EDGE_LOOP('',(#1770,#1771,#1772,#1773));
#5737=EDGE_LOOP('',(#1774,#1775,#1776,#1777));
#5738=EDGE_LOOP('',(#1778,#1779,#1780,#1781));
#5739=EDGE_LOOP('',(#1782,#1783,#1784,#1785));
#5740=EDGE_LOOP('',(#1786,#1787,#1788,#1789));
#5741=EDGE_LOOP('',(#1790,#1791,#1792,#1793));
#5742=EDGE_LOOP('',(#1794,#1795,#1796,#1797));
#5743=EDGE_LOOP('',(#1798,#1799,#1800,#1801));
#5744=EDGE_LOOP('',(#1802,#1803,#1804,#1805));
#5745=EDGE_LOOP('',(#1806,#1807,#1808,#1809));
#5746=EDGE_LOOP('',(#1810,#1811,#1812,#1813));
#5747=EDGE_LOOP('',(#1814,#1815,#1816,#1817));
#5748=EDGE_LOOP('',(#1818,#1819,#1820,#1821,#1822,#1823,#1824,#1825,#1826,
#1827,#1828,#1829,#1830,#1831,#1832,#1833,#1834,#1835,#1836));
#5749=EDGE_LOOP('',(#1837,#1838,#1839,#1840));
#5750=EDGE_LOOP('',(#1841,#1842,#1843,#1844));
#5751=EDGE_LOOP('',(#1845,#1846,#1847,#1848));
#5752=EDGE_LOOP('',(#1849,#1850,#1851,#1852));
#5753=EDGE_LOOP('',(#1853,#1854,#1855,#1856));
#5754=EDGE_LOOP('',(#1857,#1858,#1859,#1860));
#5755=EDGE_LOOP('',(#1861,#1862,#1863,#1864));
#5756=EDGE_LOOP('',(#1865,#1866,#1867,#1868,#1869,#1870,#1871));
#5757=EDGE_LOOP('',(#1872,#1873,#1874,#1875));
#5758=EDGE_LOOP('',(#1876,#1877,#1878,#1879));
#5759=EDGE_LOOP('',(#1880,#1881,#1882,#1883));
#5760=EDGE_LOOP('',(#1884,#1885,#1886,#1887));
#5761=EDGE_LOOP('',(#1888,#1889,#1890,#1891));
#5762=EDGE_LOOP('',(#1892,#1893,#1894,#1895,#1896));
#5763=EDGE_LOOP('',(#1897,#1898,#1899,#1900));
#5764=EDGE_LOOP('',(#1901,#1902,#1903,#1904));
#5765=EDGE_LOOP('',(#1905,#1906,#1907,#1908));
#5766=EDGE_LOOP('',(#1909,#1910,#1911,#1912));
#5767=EDGE_LOOP('',(#1913,#1914,#1915,#1916));
#5768=EDGE_LOOP('',(#1917,#1918,#1919,#1920));
#5769=EDGE_LOOP('',(#1921,#1922,#1923,#1924));
#5770=EDGE_LOOP('',(#1925,#1926,#1927,#1928));
#5771=EDGE_LOOP('',(#1929,#1930,#1931,#1932));
#5772=EDGE_LOOP('',(#1933,#1934,#1935,#1936));
#5773=EDGE_LOOP('',(#1937,#1938,#1939,#1940));
#5774=EDGE_LOOP('',(#1941,#1942,#1943,#1944));
#5775=EDGE_LOOP('',(#1945,#1946,#1947,#1948));
#5776=EDGE_LOOP('',(#1949,#1950,#1951,#1952));
#5777=EDGE_LOOP('',(#1953,#1954,#1955,#1956));
#5778=EDGE_LOOP('',(#1957,#1958,#1959,#1960));
#5779=EDGE_LOOP('',(#1961,#1962,#1963,#1964));
#5780=EDGE_LOOP('',(#1965,#1966,#1967,#1968));
#5781=EDGE_LOOP('',(#1969,#1970,#1971,#1972));
#5782=EDGE_LOOP('',(#1973,#1974,#1975,#1976));
#5783=EDGE_LOOP('',(#1977,#1978,#1979,#1980));
#5784=EDGE_LOOP('',(#1981,#1982,#1983,#1984));
#5785=EDGE_LOOP('',(#1985,#1986,#1987,#1988));
#5786=EDGE_LOOP('',(#1989,#1990,#1991,#1992));
#5787=EDGE_LOOP('',(#1993,#1994,#1995,#1996));
#5788=EDGE_LOOP('',(#1997,#1998,#1999,#2000));
#5789=EDGE_LOOP('',(#2001,#2002,#2003,#2004));
#5790=EDGE_LOOP('',(#2005,#2006,#2007,#2008));
#5791=EDGE_LOOP('',(#2009,#2010,#2011,#2012));
#5792=EDGE_LOOP('',(#2013,#2014,#2015,#2016));
#5793=EDGE_LOOP('',(#2017,#2018,#2019,#2020));
#5794=EDGE_LOOP('',(#2021,#2022,#2023,#2024));
#5795=EDGE_LOOP('',(#2025,#2026,#2027,#2028));
#5796=EDGE_LOOP('',(#2029,#2030,#2031,#2032));
#5797=EDGE_LOOP('',(#2033,#2034,#2035,#2036));
#5798=EDGE_LOOP('',(#2037,#2038,#2039,#2040,#2041,#2042,#2043,#2044,#2045,
#2046,#2047,#2048,#2049,#2050,#2051,#2052,#2053,#2054,#2055,#2056,#2057,
#2058,#2059,#2060,#2061,#2062,#2063,#2064,#2065,#2066,#2067,#2068,#2069,
#2070,#2071));
#5799=EDGE_LOOP('',(#2072,#2073,#2074,#2075));
#5800=EDGE_LOOP('',(#2076,#2077,#2078,#2079));
#5801=EDGE_LOOP('',(#2080,#2081,#2082,#2083));
#5802=EDGE_LOOP('',(#2084,#2085,#2086,#2087));
#5803=EDGE_LOOP('',(#2088,#2089,#2090,#2091));
#5804=EDGE_LOOP('',(#2092,#2093,#2094,#2095));
#5805=EDGE_LOOP('',(#2096,#2097,#2098,#2099));
#5806=EDGE_LOOP('',(#2100,#2101,#2102,#2103));
#5807=EDGE_LOOP('',(#2104,#2105,#2106,#2107));
#5808=EDGE_LOOP('',(#2108,#2109,#2110,#2111));
#5809=EDGE_LOOP('',(#2112,#2113,#2114,#2115));
#5810=EDGE_LOOP('',(#2116,#2117,#2118,#2119));
#5811=EDGE_LOOP('',(#2120,#2121,#2122,#2123));
#5812=EDGE_LOOP('',(#2124,#2125,#2126,#2127));
#5813=EDGE_LOOP('',(#2128,#2129,#2130,#2131));
#5814=EDGE_LOOP('',(#2132,#2133,#2134,#2135));
#5815=EDGE_LOOP('',(#2136,#2137,#2138,#2139));
#5816=EDGE_LOOP('',(#2140,#2141,#2142,#2143));
#5817=EDGE_LOOP('',(#2144,#2145,#2146,#2147));
#5818=EDGE_LOOP('',(#2148,#2149,#2150,#2151,#2152,#2153,#2154,#2155,#2156,
#2157,#2158,#2159,#2160,#2161,#2162,#2163,#2164,#2165,#2166));
#5819=EDGE_LOOP('',(#2167,#2168,#2169,#2170));
#5820=EDGE_LOOP('',(#2171,#2172,#2173,#2174));
#5821=EDGE_LOOP('',(#2175,#2176,#2177,#2178));
#5822=EDGE_LOOP('',(#2179,#2180,#2181,#2182));
#5823=EDGE_LOOP('',(#2183,#2184,#2185,#2186));
#5824=EDGE_LOOP('',(#2187,#2188,#2189,#2190));
#5825=EDGE_LOOP('',(#2191,#2192,#2193,#2194));
#5826=EDGE_LOOP('',(#2195,#2196,#2197,#2198));
#5827=EDGE_LOOP('',(#2199,#2200,#2201,#2202));
#5828=EDGE_LOOP('',(#2203,#2204,#2205,#2206));
#5829=EDGE_LOOP('',(#2207,#2208,#2209,#2210));
#5830=EDGE_LOOP('',(#2211,#2212,#2213,#2214));
#5831=EDGE_LOOP('',(#2215,#2216,#2217,#2218));
#5832=EDGE_LOOP('',(#2219,#2220,#2221,#2222));
#5833=EDGE_LOOP('',(#2223,#2224,#2225,#2226));
#5834=EDGE_LOOP('',(#2227,#2228,#2229,#2230));
#5835=EDGE_LOOP('',(#2231,#2232,#2233,#2234));
#5836=EDGE_LOOP('',(#2235,#2236,#2237,#2238,#2239,#2240,#2241,#2242,#2243,
#2244,#2245,#2246,#2247,#2248,#2249,#2250,#2251));
#5837=EDGE_LOOP('',(#2252,#2253,#2254,#2255));
#5838=EDGE_LOOP('',(#2256,#2257,#2258,#2259));
#5839=EDGE_LOOP('',(#2260,#2261,#2262,#2263));
#5840=EDGE_LOOP('',(#2264,#2265,#2266,#2267));
#5841=EDGE_LOOP('',(#2268,#2269,#2270,#2271));
#5842=EDGE_LOOP('',(#2272,#2273,#2274,#2275));
#5843=EDGE_LOOP('',(#2276,#2277,#2278,#2279));
#5844=EDGE_LOOP('',(#2280,#2281,#2282,#2283,#2284,#2285,#2286));
#5845=EDGE_LOOP('',(#2287,#2288,#2289,#2290));
#5846=EDGE_LOOP('',(#2291,#2292,#2293,#2294));
#5847=EDGE_LOOP('',(#2295,#2296,#2297,#2298));
#5848=EDGE_LOOP('',(#2299,#2300,#2301,#2302));
#5849=EDGE_LOOP('',(#2303,#2304,#2305,#2306));
#5850=EDGE_LOOP('',(#2307,#2308,#2309,#2310));
#5851=EDGE_LOOP('',(#2311,#2312,#2313,#2314));
#5852=EDGE_LOOP('',(#2315,#2316,#2317,#2318));
#5853=EDGE_LOOP('',(#2319,#2320,#2321,#2322));
#5854=EDGE_LOOP('',(#2323,#2324,#2325,#2326));
#5855=EDGE_LOOP('',(#2327,#2328,#2329,#2330));
#5856=EDGE_LOOP('',(#2331,#2332,#2333,#2334));
#5857=EDGE_LOOP('',(#2335,#2336,#2337,#2338));
#5858=EDGE_LOOP('',(#2339,#2340,#2341,#2342));
#5859=EDGE_LOOP('',(#2343,#2344,#2345,#2346));
#5860=EDGE_LOOP('',(#2347,#2348,#2349,#2350));
#5861=EDGE_LOOP('',(#2351,#2352,#2353,#2354));
#5862=EDGE_LOOP('',(#2355,#2356,#2357,#2358));
#5863=EDGE_LOOP('',(#2359,#2360,#2361,#2362));
#5864=EDGE_LOOP('',(#2363,#2364,#2365,#2366));
#5865=EDGE_LOOP('',(#2367,#2368,#2369,#2370));
#5866=EDGE_LOOP('',(#2371,#2372,#2373,#2374));
#5867=EDGE_LOOP('',(#2375,#2376,#2377,#2378));
#5868=EDGE_LOOP('',(#2379,#2380,#2381,#2382));
#5869=EDGE_LOOP('',(#2383,#2384,#2385,#2386));
#5870=EDGE_LOOP('',(#2387,#2388,#2389,#2390));
#5871=EDGE_LOOP('',(#2391,#2392,#2393,#2394));
#5872=EDGE_LOOP('',(#2395,#2396,#2397,#2398));
#5873=EDGE_LOOP('',(#2399,#2400,#2401,#2402));
#5874=EDGE_LOOP('',(#2403,#2404,#2405,#2406));
#5875=EDGE_LOOP('',(#2407,#2408,#2409,#2410));
#5876=EDGE_LOOP('',(#2411,#2412,#2413,#2414));
#5877=EDGE_LOOP('',(#2415,#2416,#2417,#2418));
#5878=EDGE_LOOP('',(#2419,#2420,#2421,#2422));
#5879=EDGE_LOOP('',(#2423,#2424,#2425,#2426));
#5880=EDGE_LOOP('',(#2427,#2428,#2429,#2430));
#5881=EDGE_LOOP('',(#2431,#2432,#2433,#2434));
#5882=EDGE_LOOP('',(#2435,#2436,#2437,#2438));
#5883=EDGE_LOOP('',(#2439,#2440,#2441,#2442));
#5884=EDGE_LOOP('',(#2443,#2444,#2445,#2446));
#5885=EDGE_LOOP('',(#2447,#2448,#2449,#2450,#2451,#2452,#2453,#2454,#2455,
#2456,#2457,#2458,#2459,#2460,#2461,#2462,#2463,#2464,#2465,#2466,#2467,
#2468,#2469,#2470,#2471,#2472,#2473,#2474,#2475,#2476,#2477,#2478,#2479,
#2480,#2481));
#5886=EDGE_LOOP('',(#2482,#2483,#2484,#2485));
#5887=EDGE_LOOP('',(#2486,#2487,#2488,#2489));
#5888=EDGE_LOOP('',(#2490,#2491,#2492,#2493));
#5889=EDGE_LOOP('',(#2494,#2495,#2496,#2497));
#5890=EDGE_LOOP('',(#2498,#2499,#2500,#2501));
#5891=EDGE_LOOP('',(#2502,#2503,#2504,#2505,#2506));
#5892=EDGE_LOOP('',(#2507,#2508,#2509,#2510));
#5893=EDGE_LOOP('',(#2511,#2512,#2513,#2514));
#5894=EDGE_LOOP('',(#2515,#2516,#2517,#2518));
#5895=EDGE_LOOP('',(#2519,#2520,#2521,#2522));
#5896=EDGE_LOOP('',(#2523,#2524,#2525,#2526));
#5897=EDGE_LOOP('',(#2527,#2528,#2529,#2530));
#5898=EDGE_LOOP('',(#2531,#2532,#2533,#2534));
#5899=EDGE_LOOP('',(#2535,#2536,#2537,#2538));
#5900=EDGE_LOOP('',(#2539,#2540,#2541,#2542));
#5901=EDGE_LOOP('',(#2543,#2544,#2545,#2546));
#5902=EDGE_LOOP('',(#2547,#2548,#2549,#2550));
#5903=EDGE_LOOP('',(#2551,#2552,#2553,#2554));
#5904=EDGE_LOOP('',(#2555,#2556,#2557,#2558));
#5905=EDGE_LOOP('',(#2559,#2560,#2561,#2562));
#5906=EDGE_LOOP('',(#2563,#2564,#2565,#2566));
#5907=EDGE_LOOP('',(#2567,#2568,#2569,#2570));
#5908=EDGE_LOOP('',(#2571,#2572,#2573,#2574,#2575,#2576,#2577,#2578,#2579,
#2580,#2581,#2582,#2583,#2584,#2585,#2586));
#5909=EDGE_LOOP('',(#2587,#2588,#2589,#2590));
#5910=EDGE_LOOP('',(#2591,#2592,#2593,#2594));
#5911=EDGE_LOOP('',(#2595,#2596,#2597,#2598));
#5912=EDGE_LOOP('',(#2599,#2600,#2601,#2602));
#5913=EDGE_LOOP('',(#2603,#2604,#2605,#2606));
#5914=EDGE_LOOP('',(#2607,#2608,#2609,#2610));
#5915=EDGE_LOOP('',(#2611,#2612,#2613,#2614));
#5916=EDGE_LOOP('',(#2615,#2616,#2617,#2618));
#5917=EDGE_LOOP('',(#2619,#2620,#2621,#2622));
#5918=EDGE_LOOP('',(#2623,#2624,#2625,#2626));
#5919=EDGE_LOOP('',(#2627,#2628,#2629,#2630));
#5920=EDGE_LOOP('',(#2631,#2632,#2633,#2634));
#5921=EDGE_LOOP('',(#2635,#2636,#2637,#2638));
#5922=EDGE_LOOP('',(#2639,#2640,#2641,#2642));
#5923=EDGE_LOOP('',(#2643,#2644,#2645,#2646));
#5924=EDGE_LOOP('',(#2647,#2648,#2649,#2650));
#5925=EDGE_LOOP('',(#2651,#2652,#2653,#2654));
#5926=EDGE_LOOP('',(#2655,#2656,#2657,#2658,#2659,#2660,#2661,#2662,#2663,
#2664,#2665,#2666,#2667,#2668,#2669,#2670,#2671));
#5927=EDGE_LOOP('',(#2672,#2673,#2674,#2675));
#5928=EDGE_LOOP('',(#2676,#2677,#2678,#2679));
#5929=EDGE_LOOP('',(#2680,#2681,#2682,#2683));
#5930=EDGE_LOOP('',(#2684,#2685,#2686,#2687));
#5931=EDGE_LOOP('',(#2688,#2689,#2690,#2691));
#5932=FACE_BOUND('',#5537,.T.);
#5933=FACE_BOUND('',#5538,.T.);
#5934=FACE_BOUND('',#5539,.T.);
#5935=FACE_BOUND('',#5540,.T.);
#5936=FACE_BOUND('',#5541,.T.);
#5937=FACE_BOUND('',#5542,.T.);
#5938=FACE_BOUND('',#5543,.T.);
#5939=FACE_BOUND('',#5544,.T.);
#5940=FACE_BOUND('',#5545,.T.);
#5941=FACE_BOUND('',#5546,.T.);
#5942=FACE_BOUND('',#5547,.T.);
#5943=FACE_BOUND('',#5548,.T.);
#5944=FACE_BOUND('',#5549,.T.);
#5945=FACE_BOUND('',#5550,.T.);
#5946=FACE_BOUND('',#5551,.T.);
#5947=FACE_BOUND('',#5552,.T.);
#5948=FACE_BOUND('',#5553,.T.);
#5949=FACE_BOUND('',#5554,.T.);
#5950=FACE_BOUND('',#5555,.T.);
#5951=FACE_BOUND('',#5556,.T.);
#5952=FACE_BOUND('',#5557,.T.);
#5953=FACE_BOUND('',#5558,.T.);
#5954=FACE_BOUND('',#5559,.T.);
#5955=FACE_BOUND('',#5560,.T.);
#5956=FACE_BOUND('',#5561,.T.);
#5957=FACE_BOUND('',#5562,.T.);
#5958=FACE_BOUND('',#5563,.T.);
#5959=FACE_BOUND('',#5564,.T.);
#5960=FACE_BOUND('',#5565,.T.);
#5961=FACE_BOUND('',#5566,.T.);
#5962=FACE_BOUND('',#5567,.T.);
#5963=FACE_BOUND('',#5568,.T.);
#5964=FACE_BOUND('',#5569,.T.);
#5965=FACE_BOUND('',#5570,.T.);
#5966=FACE_BOUND('',#5571,.T.);
#5967=FACE_BOUND('',#5572,.T.);
#5968=FACE_BOUND('',#5573,.T.);
#5969=FACE_BOUND('',#5574,.T.);
#5970=FACE_BOUND('',#5575,.T.);
#5971=FACE_BOUND('',#5576,.T.);
#5972=FACE_BOUND('',#5577,.T.);
#5973=FACE_BOUND('',#5578,.T.);
#5974=FACE_BOUND('',#5579,.T.);
#5975=FACE_BOUND('',#5580,.T.);
#5976=FACE_BOUND('',#5581,.T.);
#5977=FACE_BOUND('',#5582,.T.);
#5978=FACE_BOUND('',#5583,.T.);
#5979=FACE_BOUND('',#5584,.T.);
#5980=FACE_BOUND('',#5585,.T.);
#5981=FACE_BOUND('',#5586,.T.);
#5982=FACE_BOUND('',#5587,.T.);
#5983=FACE_BOUND('',#5588,.T.);
#5984=FACE_BOUND('',#5589,.T.);
#5985=FACE_BOUND('',#5590,.T.);
#5986=FACE_BOUND('',#5591,.T.);
#5987=FACE_BOUND('',#5592,.T.);
#5988=FACE_BOUND('',#5593,.T.);
#5989=FACE_BOUND('',#5594,.T.);
#5990=FACE_BOUND('',#5595,.T.);
#5991=FACE_BOUND('',#5596,.T.);
#5992=FACE_BOUND('',#5597,.T.);
#5993=FACE_BOUND('',#5598,.T.);
#5994=FACE_BOUND('',#5599,.T.);
#5995=FACE_BOUND('',#5600,.T.);
#5996=FACE_BOUND('',#5601,.T.);
#5997=FACE_BOUND('',#5602,.T.);
#5998=FACE_BOUND('',#5603,.T.);
#5999=FACE_BOUND('',#5604,.T.);
#6000=FACE_BOUND('',#5605,.T.);
#6001=FACE_BOUND('',#5606,.T.);
#6002=FACE_BOUND('',#5607,.T.);
#6003=FACE_BOUND('',#5608,.T.);
#6004=FACE_BOUND('',#5609,.T.);
#6005=FACE_BOUND('',#5610,.T.);
#6006=FACE_BOUND('',#5611,.T.);
#6007=FACE_BOUND('',#5612,.T.);
#6008=FACE_BOUND('',#5613,.T.);
#6009=FACE_BOUND('',#5614,.T.);
#6010=FACE_BOUND('',#5615,.T.);
#6011=FACE_BOUND('',#5616,.T.);
#6012=FACE_BOUND('',#5617,.T.);
#6013=FACE_BOUND('',#5618,.T.);
#6014=FACE_BOUND('',#5619,.T.);
#6015=FACE_BOUND('',#5620,.T.);
#6016=FACE_BOUND('',#5621,.T.);
#6017=FACE_BOUND('',#5622,.T.);
#6018=FACE_BOUND('',#5623,.T.);
#6019=FACE_BOUND('',#5624,.T.);
#6020=FACE_BOUND('',#5625,.T.);
#6021=FACE_BOUND('',#5626,.T.);
#6022=FACE_BOUND('',#5627,.T.);
#6023=FACE_BOUND('',#5628,.T.);
#6024=FACE_BOUND('',#5629,.T.);
#6025=FACE_BOUND('',#5630,.T.);
#6026=FACE_BOUND('',#5631,.T.);
#6027=FACE_BOUND('',#5632,.T.);
#6028=FACE_BOUND('',#5633,.T.);
#6029=FACE_BOUND('',#5634,.T.);
#6030=FACE_BOUND('',#5635,.T.);
#6031=FACE_BOUND('',#5636,.T.);
#6032=FACE_BOUND('',#5637,.T.);
#6033=FACE_BOUND('',#5638,.T.);
#6034=FACE_BOUND('',#5639,.T.);
#6035=FACE_BOUND('',#5640,.T.);
#6036=FACE_BOUND('',#5641,.T.);
#6037=FACE_BOUND('',#5642,.T.);
#6038=FACE_BOUND('',#5643,.T.);
#6039=FACE_BOUND('',#5644,.T.);
#6040=FACE_BOUND('',#5645,.T.);
#6041=FACE_BOUND('',#5646,.T.);
#6042=FACE_BOUND('',#5647,.T.);
#6043=FACE_BOUND('',#5648,.T.);
#6044=FACE_BOUND('',#5649,.T.);
#6045=FACE_BOUND('',#5650,.T.);
#6046=FACE_BOUND('',#5651,.T.);
#6047=FACE_BOUND('',#5652,.T.);
#6048=FACE_BOUND('',#5653,.T.);
#6049=FACE_BOUND('',#5654,.T.);
#6050=FACE_BOUND('',#5655,.T.);
#6051=FACE_BOUND('',#5656,.T.);
#6052=FACE_BOUND('',#5657,.T.);
#6053=FACE_BOUND('',#5658,.T.);
#6054=FACE_BOUND('',#5659,.T.);
#6055=FACE_BOUND('',#5660,.T.);
#6056=FACE_BOUND('',#5661,.T.);
#6057=FACE_BOUND('',#5662,.T.);
#6058=FACE_BOUND('',#5663,.T.);
#6059=FACE_BOUND('',#5664,.T.);
#6060=FACE_BOUND('',#5665,.T.);
#6061=FACE_BOUND('',#5666,.T.);
#6062=FACE_BOUND('',#5667,.T.);
#6063=FACE_BOUND('',#5668,.T.);
#6064=FACE_BOUND('',#5669,.T.);
#6065=FACE_BOUND('',#5670,.T.);
#6066=FACE_BOUND('',#5671,.T.);
#6067=FACE_BOUND('',#5672,.T.);
#6068=FACE_BOUND('',#5673,.T.);
#6069=FACE_BOUND('',#5674,.T.);
#6070=FACE_BOUND('',#5675,.T.);
#6071=FACE_BOUND('',#5676,.T.);
#6072=FACE_BOUND('',#5677,.T.);
#6073=FACE_BOUND('',#5678,.T.);
#6074=FACE_BOUND('',#5679,.T.);
#6075=FACE_BOUND('',#5680,.T.);
#6076=FACE_BOUND('',#5681,.T.);
#6077=FACE_BOUND('',#5682,.T.);
#6078=FACE_BOUND('',#5683,.T.);
#6079=FACE_BOUND('',#5684,.T.);
#6080=FACE_BOUND('',#5685,.T.);
#6081=FACE_BOUND('',#5686,.T.);
#6082=FACE_BOUND('',#5687,.T.);
#6083=FACE_BOUND('',#5688,.T.);
#6084=FACE_BOUND('',#5689,.T.);
#6085=FACE_BOUND('',#5690,.T.);
#6086=FACE_BOUND('',#5691,.T.);
#6087=FACE_BOUND('',#5692,.T.);
#6088=FACE_BOUND('',#5693,.T.);
#6089=FACE_BOUND('',#5694,.T.);
#6090=FACE_BOUND('',#5695,.T.);
#6091=FACE_BOUND('',#5696,.T.);
#6092=FACE_BOUND('',#5697,.T.);
#6093=FACE_BOUND('',#5698,.T.);
#6094=FACE_BOUND('',#5699,.T.);
#6095=FACE_BOUND('',#5700,.T.);
#6096=FACE_BOUND('',#5701,.T.);
#6097=FACE_BOUND('',#5702,.T.);
#6098=FACE_BOUND('',#5703,.T.);
#6099=FACE_BOUND('',#5704,.T.);
#6100=FACE_BOUND('',#5705,.T.);
#6101=FACE_BOUND('',#5706,.T.);
#6102=FACE_BOUND('',#5707,.T.);
#6103=FACE_BOUND('',#5708,.T.);
#6104=FACE_BOUND('',#5709,.T.);
#6105=FACE_BOUND('',#5710,.T.);
#6106=FACE_BOUND('',#5711,.T.);
#6107=FACE_BOUND('',#5712,.T.);
#6108=FACE_BOUND('',#5713,.T.);
#6109=FACE_BOUND('',#5714,.T.);
#6110=FACE_BOUND('',#5715,.T.);
#6111=FACE_BOUND('',#5716,.T.);
#6112=FACE_BOUND('',#5717,.T.);
#6113=FACE_BOUND('',#5718,.T.);
#6114=FACE_BOUND('',#5719,.T.);
#6115=FACE_BOUND('',#5720,.T.);
#6116=FACE_BOUND('',#5721,.T.);
#6117=FACE_BOUND('',#5722,.T.);
#6118=FACE_BOUND('',#5723,.T.);
#6119=FACE_BOUND('',#5724,.T.);
#6120=FACE_BOUND('',#5725,.T.);
#6121=FACE_BOUND('',#5726,.T.);
#6122=FACE_BOUND('',#5727,.T.);
#6123=FACE_BOUND('',#5728,.T.);
#6124=FACE_BOUND('',#5729,.T.);
#6125=FACE_BOUND('',#5730,.T.);
#6126=FACE_BOUND('',#5731,.T.);
#6127=FACE_BOUND('',#5732,.T.);
#6128=FACE_BOUND('',#5733,.T.);
#6129=FACE_BOUND('',#5734,.T.);
#6130=FACE_BOUND('',#5735,.T.);
#6131=FACE_BOUND('',#5736,.T.);
#6132=FACE_BOUND('',#5737,.T.);
#6133=FACE_BOUND('',#5738,.T.);
#6134=FACE_BOUND('',#5739,.T.);
#6135=FACE_BOUND('',#5740,.T.);
#6136=FACE_BOUND('',#5741,.T.);
#6137=FACE_BOUND('',#5742,.T.);
#6138=FACE_BOUND('',#5743,.T.);
#6139=FACE_BOUND('',#5744,.T.);
#6140=FACE_BOUND('',#5745,.T.);
#6141=FACE_BOUND('',#5746,.T.);
#6142=FACE_BOUND('',#5747,.T.);
#6143=FACE_BOUND('',#5748,.T.);
#6144=FACE_BOUND('',#5749,.T.);
#6145=FACE_BOUND('',#5750,.T.);
#6146=FACE_BOUND('',#5751,.T.);
#6147=FACE_BOUND('',#5752,.T.);
#6148=FACE_BOUND('',#5753,.T.);
#6149=FACE_BOUND('',#5754,.T.);
#6150=FACE_BOUND('',#5755,.T.);
#6151=FACE_BOUND('',#5756,.T.);
#6152=FACE_BOUND('',#5757,.T.);
#6153=FACE_BOUND('',#5758,.T.);
#6154=FACE_BOUND('',#5759,.T.);
#6155=FACE_BOUND('',#5760,.T.);
#6156=FACE_BOUND('',#5761,.T.);
#6157=FACE_BOUND('',#5762,.T.);
#6158=FACE_BOUND('',#5763,.T.);
#6159=FACE_BOUND('',#5764,.T.);
#6160=FACE_BOUND('',#5765,.T.);
#6161=FACE_BOUND('',#5766,.T.);
#6162=FACE_BOUND('',#5767,.T.);
#6163=FACE_BOUND('',#5768,.T.);
#6164=FACE_BOUND('',#5769,.T.);
#6165=FACE_BOUND('',#5770,.T.);
#6166=FACE_BOUND('',#5771,.T.);
#6167=FACE_BOUND('',#5772,.T.);
#6168=FACE_BOUND('',#5773,.T.);
#6169=FACE_BOUND('',#5774,.T.);
#6170=FACE_BOUND('',#5775,.T.);
#6171=FACE_BOUND('',#5776,.T.);
#6172=FACE_BOUND('',#5777,.T.);
#6173=FACE_BOUND('',#5778,.T.);
#6174=FACE_BOUND('',#5779,.T.);
#6175=FACE_BOUND('',#5780,.T.);
#6176=FACE_BOUND('',#5781,.T.);
#6177=FACE_BOUND('',#5782,.T.);
#6178=FACE_BOUND('',#5783,.T.);
#6179=FACE_BOUND('',#5784,.T.);
#6180=FACE_BOUND('',#5785,.T.);
#6181=FACE_BOUND('',#5786,.T.);
#6182=FACE_BOUND('',#5787,.T.);
#6183=FACE_BOUND('',#5788,.T.);
#6184=FACE_BOUND('',#5789,.T.);
#6185=FACE_BOUND('',#5790,.T.);
#6186=FACE_BOUND('',#5791,.T.);
#6187=FACE_BOUND('',#5792,.T.);
#6188=FACE_BOUND('',#5793,.T.);
#6189=FACE_BOUND('',#5794,.T.);
#6190=FACE_BOUND('',#5795,.T.);
#6191=FACE_BOUND('',#5796,.T.);
#6192=FACE_BOUND('',#5797,.T.);
#6193=FACE_BOUND('',#5798,.T.);
#6194=FACE_BOUND('',#5799,.T.);
#6195=FACE_BOUND('',#5800,.T.);
#6196=FACE_BOUND('',#5801,.T.);
#6197=FACE_BOUND('',#5802,.T.);
#6198=FACE_BOUND('',#5803,.T.);
#6199=FACE_BOUND('',#5804,.T.);
#6200=FACE_BOUND('',#5805,.T.);
#6201=FACE_BOUND('',#5806,.T.);
#6202=FACE_BOUND('',#5807,.T.);
#6203=FACE_BOUND('',#5808,.T.);
#6204=FACE_BOUND('',#5809,.T.);
#6205=FACE_BOUND('',#5810,.T.);
#6206=FACE_BOUND('',#5811,.T.);
#6207=FACE_BOUND('',#5812,.T.);
#6208=FACE_BOUND('',#5813,.T.);
#6209=FACE_BOUND('',#5814,.T.);
#6210=FACE_BOUND('',#5815,.T.);
#6211=FACE_BOUND('',#5816,.T.);
#6212=FACE_BOUND('',#5817,.T.);
#6213=FACE_BOUND('',#5818,.T.);
#6214=FACE_BOUND('',#5819,.T.);
#6215=FACE_BOUND('',#5820,.T.);
#6216=FACE_BOUND('',#5821,.T.);
#6217=FACE_BOUND('',#5822,.T.);
#6218=FACE_BOUND('',#5823,.T.);
#6219=FACE_BOUND('',#5824,.T.);
#6220=FACE_BOUND('',#5825,.T.);
#6221=FACE_BOUND('',#5826,.T.);
#6222=FACE_BOUND('',#5827,.T.);
#6223=FACE_BOUND('',#5828,.T.);
#6224=FACE_BOUND('',#5829,.T.);
#6225=FACE_BOUND('',#5830,.T.);
#6226=FACE_BOUND('',#5831,.T.);
#6227=FACE_BOUND('',#5832,.T.);
#6228=FACE_BOUND('',#5833,.T.);
#6229=FACE_BOUND('',#5834,.T.);
#6230=FACE_BOUND('',#5835,.T.);
#6231=FACE_BOUND('',#5836,.T.);
#6232=FACE_BOUND('',#5837,.T.);
#6233=FACE_BOUND('',#5838,.T.);
#6234=FACE_BOUND('',#5839,.T.);
#6235=FACE_BOUND('',#5840,.T.);
#6236=FACE_BOUND('',#5841,.T.);
#6237=FACE_BOUND('',#5842,.T.);
#6238=FACE_BOUND('',#5843,.T.);
#6239=FACE_BOUND('',#5844,.T.);
#6240=FACE_BOUND('',#5845,.T.);
#6241=FACE_BOUND('',#5846,.T.);
#6242=FACE_BOUND('',#5847,.T.);
#6243=FACE_BOUND('',#5848,.T.);
#6244=FACE_BOUND('',#5849,.T.);
#6245=FACE_BOUND('',#5850,.T.);
#6246=FACE_BOUND('',#5851,.T.);
#6247=FACE_BOUND('',#5852,.T.);
#6248=FACE_BOUND('',#5853,.T.);
#6249=FACE_BOUND('',#5854,.T.);
#6250=FACE_BOUND('',#5855,.T.);
#6251=FACE_BOUND('',#5856,.T.);
#6252=FACE_BOUND('',#5857,.T.);
#6253=FACE_BOUND('',#5858,.T.);
#6254=FACE_BOUND('',#5859,.T.);
#6255=FACE_BOUND('',#5860,.T.);
#6256=FACE_BOUND('',#5861,.T.);
#6257=FACE_BOUND('',#5862,.T.);
#6258=FACE_BOUND('',#5863,.T.);
#6259=FACE_BOUND('',#5864,.T.);
#6260=FACE_BOUND('',#5865,.T.);
#6261=FACE_BOUND('',#5866,.T.);
#6262=FACE_BOUND('',#5867,.T.);
#6263=FACE_BOUND('',#5868,.T.);
#6264=FACE_BOUND('',#5869,.T.);
#6265=FACE_BOUND('',#5870,.T.);
#6266=FACE_BOUND('',#5871,.T.);
#6267=FACE_BOUND('',#5872,.T.);
#6268=FACE_BOUND('',#5873,.T.);
#6269=FACE_BOUND('',#5874,.T.);
#6270=FACE_BOUND('',#5875,.T.);
#6271=FACE_BOUND('',#5876,.T.);
#6272=FACE_BOUND('',#5877,.T.);
#6273=FACE_BOUND('',#5878,.T.);
#6274=FACE_BOUND('',#5879,.T.);
#6275=FACE_BOUND('',#5880,.T.);
#6276=FACE_BOUND('',#5881,.T.);
#6277=FACE_BOUND('',#5882,.T.);
#6278=FACE_BOUND('',#5883,.T.);
#6279=FACE_BOUND('',#5884,.T.);
#6280=FACE_BOUND('',#5885,.T.);
#6281=FACE_BOUND('',#5886,.T.);
#6282=FACE_BOUND('',#5887,.T.);
#6283=FACE_BOUND('',#5888,.T.);
#6284=FACE_BOUND('',#5889,.T.);
#6285=FACE_BOUND('',#5890,.T.);
#6286=FACE_BOUND('',#5891,.T.);
#6287=FACE_BOUND('',#5892,.T.);
#6288=FACE_BOUND('',#5893,.T.);
#6289=FACE_BOUND('',#5894,.T.);
#6290=FACE_BOUND('',#5895,.T.);
#6291=FACE_BOUND('',#5896,.T.);
#6292=FACE_BOUND('',#5897,.T.);
#6293=FACE_BOUND('',#5898,.T.);
#6294=FACE_BOUND('',#5899,.T.);
#6295=FACE_BOUND('',#5900,.T.);
#6296=FACE_BOUND('',#5901,.T.);
#6297=FACE_BOUND('',#5902,.T.);
#6298=FACE_BOUND('',#5903,.T.);
#6299=FACE_BOUND('',#5904,.T.);
#6300=FACE_BOUND('',#5905,.T.);
#6301=FACE_BOUND('',#5906,.T.);
#6302=FACE_BOUND('',#5907,.T.);
#6303=FACE_BOUND('',#5908,.T.);
#6304=FACE_BOUND('',#5909,.T.);
#6305=FACE_BOUND('',#5910,.T.);
#6306=FACE_BOUND('',#5911,.T.);
#6307=FACE_BOUND('',#5912,.T.);
#6308=FACE_BOUND('',#5913,.T.);
#6309=FACE_BOUND('',#5914,.T.);
#6310=FACE_BOUND('',#5915,.T.);
#6311=FACE_BOUND('',#5916,.T.);
#6312=FACE_BOUND('',#5917,.T.);
#6313=FACE_BOUND('',#5918,.T.);
#6314=FACE_BOUND('',#5919,.T.);
#6315=FACE_BOUND('',#5920,.T.);
#6316=FACE_BOUND('',#5921,.T.);
#6317=FACE_BOUND('',#5922,.T.);
#6318=FACE_BOUND('',#5923,.T.);
#6319=FACE_BOUND('',#5924,.T.);
#6320=FACE_BOUND('',#5925,.T.);
#6321=FACE_BOUND('',#5926,.T.);
#6322=FACE_BOUND('',#5927,.T.);
#6323=FACE_BOUND('',#5928,.T.);
#6324=FACE_BOUND('',#5929,.T.);
#6325=FACE_BOUND('',#5930,.T.);
#6326=FACE_BOUND('',#5931,.T.);
#6327=PLANE('',#6854);
#6328=PLANE('',#7034);
#6329=PLANE('',#7035);
#6330=PLANE('',#7036);
#6331=PLANE('',#7037);
#6332=PLANE('',#7038);
#6333=PLANE('',#7039);
#6334=PLANE('',#7040);
#6335=PLANE('',#7041);
#6336=PLANE('',#7042);
#6337=PLANE('',#7043);
#6338=PLANE('',#7050);
#6339=PLANE('',#7053);
#6340=PLANE('',#7056);
#6341=PLANE('',#7059);
#6342=PLANE('',#7060);
#6343=PLANE('',#7061);
#6344=PLANE('',#7062);
#6345=PLANE('',#7063);
#6346=PLANE('',#7064);
#6347=PLANE('',#7065);
#6348=PLANE('',#7066);
#6349=PLANE('',#7067);
#6350=PLANE('',#7068);
#6351=PLANE('',#7069);
#6352=PLANE('',#7070);
#6353=PLANE('',#7071);
#6354=PLANE('',#7072);
#6355=PLANE('',#7073);
#6356=PLANE('',#7074);
#6357=PLANE('',#7075);
#6358=PLANE('',#7078);
#6359=PLANE('',#7099);
#6360=PLANE('',#7114);
#6361=PLANE('',#7119);
#6362=PLANE('',#7130);
#6363=PLANE('',#7137);
#6364=PLANE('',#7144);
#6365=PLANE('',#7145);
#6366=PLANE('',#7146);
#6367=PLANE('',#7161);
#6368=PLANE('',#7162);
#6369=PLANE('',#7163);
#6370=PLANE('',#7164);
#6371=PLANE('',#7165);
#6372=PLANE('',#7170);
#6373=PLANE('',#7171);
#6374=PLANE('',#7172);
#6375=PLANE('',#7185);
#6376=PLANE('',#7186);
#6377=PLANE('',#7187);
#6378=PLANE('',#7188);
#6379=PLANE('',#7189);
#6380=PLANE('',#7190);
#6381=PLANE('',#7191);
#6382=PLANE('',#7192);
#6383=PLANE('',#7193);
#6384=PLANE('',#7194);
#6385=PLANE('',#7195);
#6386=PLANE('',#7196);
#6387=PLANE('',#7199);
#6388=PLANE('',#7200);
#6389=PLANE('',#7201);
#6390=PLANE('',#7220);
#6391=PLANE('',#7241);
#6392=PLANE('',#7242);
#6393=PLANE('',#7243);
#6394=PLANE('',#7244);
#6395=PLANE('',#7245);
#6396=PLANE('',#7246);
#6397=PLANE('',#7247);
#6398=PLANE('',#7248);
#6399=PLANE('',#7249);
#6400=PLANE('',#7250);
#6401=PLANE('',#7251);
#6402=PLANE('',#7252);
#6403=PLANE('',#7253);
#6404=PLANE('',#7254);
#6405=PLANE('',#7261);
#6406=PLANE('',#7262);
#6407=PLANE('',#7263);
#6408=PLANE('',#7278);
#6409=PLANE('',#7279);
#6410=PLANE('',#7282);
#6411=PLANE('',#7289);
#6412=PLANE('',#7290);
#6413=PLANE('',#7291);
#6414=PLANE('',#7292);
#6415=PLANE('',#7293);
#6416=PLANE('',#7294);
#6417=PLANE('',#7295);
#6418=PLANE('',#7296);
#6419=PLANE('',#7299);
#6420=PLANE('',#7320);
#6421=PLANE('',#7335);
#6422=PLANE('',#7340);
#6423=PLANE('',#7351);
#6424=PLANE('',#7358);
#6425=PLANE('',#7365);
#6426=PLANE('',#7366);
#6427=PLANE('',#7367);
#6428=PLANE('',#7382);
#6429=PLANE('',#7383);
#6430=PLANE('',#7384);
#6431=PLANE('',#7385);
#6432=PLANE('',#7386);
#6433=PLANE('',#7405);
#6434=PLANE('',#7412);
#6435=PLANE('',#7413);
#6436=PLANE('',#7414);
#6437=PLANE('',#7415);
#6438=PLANE('',#7416);
#6439=PLANE('',#7417);
#6440=PLANE('',#7418);
#6441=PLANE('',#7419);
#6442=PLANE('',#7420);
#6443=PLANE('',#7421);
#6444=PLANE('',#7422);
#6445=PLANE('',#7423);
#6446=PLANE('',#7424);
#6447=PLANE('',#7425);
#6448=PLANE('',#7428);
#6449=PLANE('',#7449);
#6450=PLANE('',#7464);
#6451=PLANE('',#7469);
#6452=PLANE('',#7480);
#6453=PLANE('',#7487);
#6454=PLANE('',#7488);
#6455=PLANE('',#7489);
#6456=PLANE('',#7490);
#6457=PLANE('',#7491);
#6458=PLANE('',#7492);
#6459=PLANE('',#7493);
#6460=PLANE('',#7500);
#6461=PLANE('',#7511);
#6462=PLANE('',#7512);
#6463=PLANE('',#7513);
#6464=PLANE('',#7520);
#6465=PLANE('',#7527);
#6466=PLANE('',#7536);
#6467=PLANE('',#7537);
#6468=PLANE('',#7538);
#6469=PLANE('',#7545);
#6470=PLANE('',#7546);
#6471=PLANE('',#7547);
#6472=PLANE('',#7548);
#6473=PLANE('',#7549);
#6474=PLANE('',#7550);
#6475=ADVANCED_FACE('',(#5932,#5933,#5934,#5935,#5936,#5937,#5938,#5939,
#5940,#5941,#5942,#5943,#5944,#5945,#5946,#5947,#5948,#5949,#5950,#5951,
#5952,#5953),#6327,.T.);
#6476=ADVANCED_FACE('',(#5954),#6328,.T.);
#6477=ADVANCED_FACE('',(#5955),#6329,.F.);
#6478=ADVANCED_FACE('',(#5956),#6330,.F.);
#6479=ADVANCED_FACE('',(#5957),#6331,.T.);
#6480=ADVANCED_FACE('',(#5958),#6332,.F.);
#6481=ADVANCED_FACE('',(#5959),#6333,.F.);
#6482=ADVANCED_FACE('',(#5960),#6334,.T.);
#6483=ADVANCED_FACE('',(#5961),#6335,.T.);
#6484=ADVANCED_FACE('',(#5962),#6336,.F.);
#6485=ADVANCED_FACE('',(#5963,#5964,#5965,#5966,#5967),#6337,.T.);
#6486=ADVANCED_FACE('',(#5968,#5969),#47,.T.);
#6487=ADVANCED_FACE('',(#5970),#6338,.T.);
#6488=ADVANCED_FACE('',(#5971,#5972),#48,.T.);
#6489=ADVANCED_FACE('',(#5973),#6339,.T.);
#6490=ADVANCED_FACE('',(#5974,#5975),#49,.T.);
#6491=ADVANCED_FACE('',(#5976),#6340,.T.);
#6492=ADVANCED_FACE('',(#5977,#5978),#50,.T.);
#6493=ADVANCED_FACE('',(#5979),#6341,.T.);
#6494=ADVANCED_FACE('',(#5980),#6342,.T.);
#6495=ADVANCED_FACE('',(#5981),#6343,.F.);
#6496=ADVANCED_FACE('',(#5982),#6344,.T.);
#6497=ADVANCED_FACE('',(#5983),#6345,.T.);
#6498=ADVANCED_FACE('',(#5984),#6346,.T.);
#6499=ADVANCED_FACE('',(#5985),#6347,.T.);
#6500=ADVANCED_FACE('',(#5986),#6348,.T.);
#6501=ADVANCED_FACE('',(#5987),#6349,.T.);
#6502=ADVANCED_FACE('',(#5988),#6350,.T.);
#6503=ADVANCED_FACE('',(#5989),#6351,.T.);
#6504=ADVANCED_FACE('',(#5990),#6352,.T.);
#6505=ADVANCED_FACE('',(#5991),#6353,.T.);
#6506=ADVANCED_FACE('',(#5992),#6354,.T.);
#6507=ADVANCED_FACE('',(#5993),#6355,.T.);
#6508=ADVANCED_FACE('',(#5994),#6356,.T.);
#6509=ADVANCED_FACE('',(#5995),#6357,.T.);
#6510=ADVANCED_FACE('',(#5996),#51,.T.);
#6511=ADVANCED_FACE('',(#5997),#6358,.T.);
#6512=ADVANCED_FACE('',(#5998),#52,.F.);
#6513=ADVANCED_FACE('',(#5999),#53,.F.);
#6514=ADVANCED_FACE('',(#6000),#54,.F.);
#6515=ADVANCED_FACE('',(#6001),#55,.F.);
#6516=ADVANCED_FACE('',(#6002),#56,.F.);
#6517=ADVANCED_FACE('',(#6003),#57,.F.);
#6518=ADVANCED_FACE('',(#6004),#58,.F.);
#6519=ADVANCED_FACE('',(#6005),#59,.F.);
#6520=ADVANCED_FACE('',(#6006),#60,.F.);
#6521=ADVANCED_FACE('',(#6007),#61,.F.);
#6522=ADVANCED_FACE('',(#6008),#6359,.T.);
#6523=ADVANCED_FACE('',(#6009),#62,.T.);
#6524=ADVANCED_FACE('',(#6010),#63,.T.);
#6525=ADVANCED_FACE('',(#6011),#64,.T.);
#6526=ADVANCED_FACE('',(#6012),#65,.T.);
#6527=ADVANCED_FACE('',(#6013),#66,.T.);
#6528=ADVANCED_FACE('',(#6014),#67,.T.);
#6529=ADVANCED_FACE('',(#6015),#12,.T.);
#6530=ADVANCED_FACE('',(#6016),#68,.T.);
#6531=ADVANCED_FACE('',(#6017),#6360,.T.);
#6532=ADVANCED_FACE('',(#6018),#69,.T.);
#6533=ADVANCED_FACE('',(#6019),#70,.T.);
#6534=ADVANCED_FACE('',(#6020),#6361,.T.);
#6535=ADVANCED_FACE('',(#6021),#71,.F.);
#6536=ADVANCED_FACE('',(#6022),#13,.T.);
#6537=ADVANCED_FACE('',(#6023),#72,.F.);
#6538=ADVANCED_FACE('',(#6024),#73,.F.);
#6539=ADVANCED_FACE('',(#6025),#74,.F.);
#6540=ADVANCED_FACE('',(#6026),#75,.F.);
#6541=ADVANCED_FACE('',(#6027),#6362,.T.);
#6542=ADVANCED_FACE('',(#6028),#76,.T.);
#6543=ADVANCED_FACE('',(#6029),#77,.T.);
#6544=ADVANCED_FACE('',(#6030),#78,.T.);
#6545=ADVANCED_FACE('',(#6031),#6363,.T.);
#6546=ADVANCED_FACE('',(#6032),#14,.T.);
#6547=ADVANCED_FACE('',(#6033),#15,.T.);
#6548=ADVANCED_FACE('',(#6034),#79,.T.);
#6549=ADVANCED_FACE('',(#6035),#80,.T.);
#6550=ADVANCED_FACE('',(#6036),#81,.T.);
#6551=ADVANCED_FACE('',(#6037),#6364,.T.);
#6552=ADVANCED_FACE('',(#6038),#6365,.T.);
#6553=ADVANCED_FACE('',(#6039),#6366,.T.);
#6554=ADVANCED_FACE('',(#6040),#82,.F.);
#6555=ADVANCED_FACE('',(#6041),#83,.F.);
#6556=ADVANCED_FACE('',(#6042),#84,.F.);
#6557=ADVANCED_FACE('',(#6043),#16,.T.);
#6558=ADVANCED_FACE('',(#6044),#17,.T.);
#6559=ADVANCED_FACE('',(#6045),#85,.F.);
#6560=ADVANCED_FACE('',(#6046),#86,.F.);
#6561=ADVANCED_FACE('',(#6047),#87,.F.);
#6562=ADVANCED_FACE('',(#6048),#88,.F.);
#6563=ADVANCED_FACE('',(#6049),#6367,.T.);
#6564=ADVANCED_FACE('',(#6050),#18,.T.);
#6565=ADVANCED_FACE('',(#6051),#6368,.T.);
#6566=ADVANCED_FACE('',(#6052),#19,.T.);
#6567=ADVANCED_FACE('',(#6053),#6369,.T.);
#6568=ADVANCED_FACE('',(#6054),#6370,.T.);
#6569=ADVANCED_FACE('',(#6055),#6371,.T.);
#6570=ADVANCED_FACE('',(#6056),#20,.T.);
#6571=ADVANCED_FACE('',(#6057),#21,.T.);
#6572=ADVANCED_FACE('',(#6058),#89,.T.);
#6573=ADVANCED_FACE('',(#6059),#90,.T.);
#6574=ADVANCED_FACE('',(#6060),#22,.T.);
#6575=ADVANCED_FACE('',(#6061),#23,.T.);
#6576=ADVANCED_FACE('',(#6062),#6372,.T.);
#6577=ADVANCED_FACE('',(#6063),#6373,.T.);
#6578=ADVANCED_FACE('',(#6064),#6374,.T.);
#6579=ADVANCED_FACE('',(#6065),#91,.F.);
#6580=ADVANCED_FACE('',(#6066),#92,.F.);
#6581=ADVANCED_FACE('',(#6067),#93,.F.);
#6582=ADVANCED_FACE('',(#6068),#94,.F.);
#6583=ADVANCED_FACE('',(#6069),#24,.T.);
#6584=ADVANCED_FACE('',(#6070),#25,.T.);
#6585=ADVANCED_FACE('',(#6071),#95,.F.);
#6586=ADVANCED_FACE('',(#6072),#96,.F.);
#6587=ADVANCED_FACE('',(#6073),#26,.T.);
#6588=ADVANCED_FACE('',(#6074),#6375,.T.);
#6589=ADVANCED_FACE('',(#6075),#6376,.T.);
#6590=ADVANCED_FACE('',(#6076),#6377,.T.);
#6591=ADVANCED_FACE('',(#6077),#6378,.T.);
#6592=ADVANCED_FACE('',(#6078),#6379,.T.);
#6593=ADVANCED_FACE('',(#6079),#6380,.T.);
#6594=ADVANCED_FACE('',(#6080),#6381,.T.);
#6595=ADVANCED_FACE('',(#6081),#6382,.T.);
#6596=ADVANCED_FACE('',(#6082),#6383,.T.);
#6597=ADVANCED_FACE('',(#6083),#6384,.T.);
#6598=ADVANCED_FACE('',(#6084),#6385,.T.);
#6599=ADVANCED_FACE('',(#6085),#6386,.T.);
#6600=ADVANCED_FACE('',(#6086),#97,.F.);
#6601=ADVANCED_FACE('',(#6087),#6387,.T.);
#6602=ADVANCED_FACE('',(#6088),#6388,.T.);
#6603=ADVANCED_FACE('',(#6089),#6389,.T.);
#6604=ADVANCED_FACE('',(#6090),#98,.T.);
#6605=ADVANCED_FACE('',(#6091),#99,.T.);
#6606=ADVANCED_FACE('',(#6092),#100,.T.);
#6607=ADVANCED_FACE('',(#6093),#101,.T.);
#6608=ADVANCED_FACE('',(#6094),#102,.T.);
#6609=ADVANCED_FACE('',(#6095),#103,.F.);
#6610=ADVANCED_FACE('',(#6096),#104,.F.);
#6611=ADVANCED_FACE('',(#6097),#105,.F.);
#6612=ADVANCED_FACE('',(#6098),#106,.F.);
#6613=ADVANCED_FACE('',(#6099),#6390,.T.);
#6614=ADVANCED_FACE('',(#6100),#107,.F.);
#6615=ADVANCED_FACE('',(#6101),#108,.F.);
#6616=ADVANCED_FACE('',(#6102),#109,.F.);
#6617=ADVANCED_FACE('',(#6103),#110,.F.);
#6618=ADVANCED_FACE('',(#6104),#111,.F.);
#6619=ADVANCED_FACE('',(#6105),#112,.F.);
#6620=ADVANCED_FACE('',(#6106),#113,.F.);
#6621=ADVANCED_FACE('',(#6107),#114,.F.);
#6622=ADVANCED_FACE('',(#6108),#115,.F.);
#6623=ADVANCED_FACE('',(#6109),#116,.T.);
#6624=ADVANCED_FACE('',(#6110),#6391,.T.);
#6625=ADVANCED_FACE('',(#6111),#6392,.T.);
#6626=ADVANCED_FACE('',(#6112),#6393,.T.);
#6627=ADVANCED_FACE('',(#6113),#6394,.T.);
#6628=ADVANCED_FACE('',(#6114),#6395,.T.);
#6629=ADVANCED_FACE('',(#6115),#6396,.T.);
#6630=ADVANCED_FACE('',(#6116),#6397,.T.);
#6631=ADVANCED_FACE('',(#6117),#6398,.T.);
#6632=ADVANCED_FACE('',(#6118),#6399,.T.);
#6633=ADVANCED_FACE('',(#6119),#6400,.T.);
#6634=ADVANCED_FACE('',(#6120),#6401,.T.);
#6635=ADVANCED_FACE('',(#6121),#6402,.T.);
#6636=ADVANCED_FACE('',(#6122),#6403,.T.);
#6637=ADVANCED_FACE('',(#6123),#6404,.T.);
#6638=ADVANCED_FACE('',(#6124),#27,.T.);
#6639=ADVANCED_FACE('',(#6125),#28,.T.);
#6640=ADVANCED_FACE('',(#6126),#117,.T.);
#6641=ADVANCED_FACE('',(#6127),#118,.T.);
#6642=ADVANCED_FACE('',(#6128),#119,.T.);
#6643=ADVANCED_FACE('',(#6129),#6405,.T.);
#6644=ADVANCED_FACE('',(#6130),#6406,.T.);
#6645=ADVANCED_FACE('',(#6131),#6407,.T.);
#6646=ADVANCED_FACE('',(#6132),#120,.F.);
#6647=ADVANCED_FACE('',(#6133),#121,.F.);
#6648=ADVANCED_FACE('',(#6134),#122,.F.);
#6649=ADVANCED_FACE('',(#6135),#29,.T.);
#6650=ADVANCED_FACE('',(#6136),#30,.T.);
#6651=ADVANCED_FACE('',(#6137),#123,.F.);
#6652=ADVANCED_FACE('',(#6138),#124,.F.);
#6653=ADVANCED_FACE('',(#6139),#125,.F.);
#6654=ADVANCED_FACE('',(#6140),#126,.F.);
#6655=ADVANCED_FACE('',(#6141),#6408,.T.);
#6656=ADVANCED_FACE('',(#6142),#31,.T.);
#6657=ADVANCED_FACE('',(#6143),#6409,.T.);
#6658=ADVANCED_FACE('',(#6144),#127,.F.);
#6659=ADVANCED_FACE('',(#6145),#6410,.T.);
#6660=ADVANCED_FACE('',(#6146),#128,.T.);
#6661=ADVANCED_FACE('',(#6147),#129,.T.);
#6662=ADVANCED_FACE('',(#6148),#130,.T.);
#6663=ADVANCED_FACE('',(#6149),#6411,.T.);
#6664=ADVANCED_FACE('',(#6150),#32,.T.);
#6665=ADVANCED_FACE('',(#6151),#6412,.T.);
#6666=ADVANCED_FACE('',(#6152),#6413,.T.);
#6667=ADVANCED_FACE('',(#6153),#6414,.T.);
#6668=ADVANCED_FACE('',(#6154),#6415,.T.);
#6669=ADVANCED_FACE('',(#6155),#6416,.T.);
#6670=ADVANCED_FACE('',(#6156),#6417,.T.);
#6671=ADVANCED_FACE('',(#6157),#6418,.T.);
#6672=ADVANCED_FACE('',(#6158),#131,.T.);
#6673=ADVANCED_FACE('',(#6159),#6419,.T.);
#6674=ADVANCED_FACE('',(#6160),#132,.F.);
#6675=ADVANCED_FACE('',(#6161),#133,.F.);
#6676=ADVANCED_FACE('',(#6162),#134,.F.);
#6677=ADVANCED_FACE('',(#6163),#135,.F.);
#6678=ADVANCED_FACE('',(#6164),#136,.F.);
#6679=ADVANCED_FACE('',(#6165),#137,.F.);
#6680=ADVANCED_FACE('',(#6166),#138,.F.);
#6681=ADVANCED_FACE('',(#6167),#139,.F.);
#6682=ADVANCED_FACE('',(#6168),#140,.F.);
#6683=ADVANCED_FACE('',(#6169),#141,.F.);
#6684=ADVANCED_FACE('',(#6170),#6420,.T.);
#6685=ADVANCED_FACE('',(#6171),#142,.T.);
#6686=ADVANCED_FACE('',(#6172),#143,.T.);
#6687=ADVANCED_FACE('',(#6173),#144,.T.);
#6688=ADVANCED_FACE('',(#6174),#145,.T.);
#6689=ADVANCED_FACE('',(#6175),#146,.T.);
#6690=ADVANCED_FACE('',(#6176),#147,.T.);
#6691=ADVANCED_FACE('',(#6177),#33,.T.);
#6692=ADVANCED_FACE('',(#6178),#148,.T.);
#6693=ADVANCED_FACE('',(#6179),#6421,.T.);
#6694=ADVANCED_FACE('',(#6180),#149,.T.);
#6695=ADVANCED_FACE('',(#6181),#150,.T.);
#6696=ADVANCED_FACE('',(#6182),#6422,.T.);
#6697=ADVANCED_FACE('',(#6183),#151,.F.);
#6698=ADVANCED_FACE('',(#6184),#34,.T.);
#6699=ADVANCED_FACE('',(#6185),#152,.F.);
#6700=ADVANCED_FACE('',(#6186),#153,.F.);
#6701=ADVANCED_FACE('',(#6187),#154,.F.);
#6702=ADVANCED_FACE('',(#6188),#155,.F.);
#6703=ADVANCED_FACE('',(#6189),#6423,.T.);
#6704=ADVANCED_FACE('',(#6190),#156,.T.);
#6705=ADVANCED_FACE('',(#6191),#157,.T.);
#6706=ADVANCED_FACE('',(#6192),#158,.T.);
#6707=ADVANCED_FACE('',(#6193),#6424,.T.);
#6708=ADVANCED_FACE('',(#6194),#35,.T.);
#6709=ADVANCED_FACE('',(#6195),#36,.T.);
#6710=ADVANCED_FACE('',(#6196),#159,.T.);
#6711=ADVANCED_FACE('',(#6197),#160,.T.);
#6712=ADVANCED_FACE('',(#6198),#161,.T.);
#6713=ADVANCED_FACE('',(#6199),#6425,.T.);
#6714=ADVANCED_FACE('',(#6200),#6426,.T.);
#6715=ADVANCED_FACE('',(#6201),#6427,.T.);
#6716=ADVANCED_FACE('',(#6202),#162,.F.);
#6717=ADVANCED_FACE('',(#6203),#163,.F.);
#6718=ADVANCED_FACE('',(#6204),#164,.F.);
#6719=ADVANCED_FACE('',(#6205),#37,.T.);
#6720=ADVANCED_FACE('',(#6206),#38,.T.);
#6721=ADVANCED_FACE('',(#6207),#165,.F.);
#6722=ADVANCED_FACE('',(#6208),#166,.F.);
#6723=ADVANCED_FACE('',(#6209),#167,.F.);
#6724=ADVANCED_FACE('',(#6210),#168,.F.);
#6725=ADVANCED_FACE('',(#6211),#6428,.T.);
#6726=ADVANCED_FACE('',(#6212),#39,.T.);
#6727=ADVANCED_FACE('',(#6213),#6429,.T.);
#6728=ADVANCED_FACE('',(#6214),#40,.T.);
#6729=ADVANCED_FACE('',(#6215),#6430,.T.);
#6730=ADVANCED_FACE('',(#6216),#6431,.T.);
#6731=ADVANCED_FACE('',(#6217),#6432,.T.);
#6732=ADVANCED_FACE('',(#6218),#169,.F.);
#6733=ADVANCED_FACE('',(#6219),#170,.F.);
#6734=ADVANCED_FACE('',(#6220),#171,.F.);
#6735=ADVANCED_FACE('',(#6221),#172,.F.);
#6736=ADVANCED_FACE('',(#6222),#173,.F.);
#6737=ADVANCED_FACE('',(#6223),#174,.F.);
#6738=ADVANCED_FACE('',(#6224),#175,.F.);
#6739=ADVANCED_FACE('',(#6225),#176,.F.);
#6740=ADVANCED_FACE('',(#6226),#177,.F.);
#6741=ADVANCED_FACE('',(#6227),#6433,.T.);
#6742=ADVANCED_FACE('',(#6228),#178,.T.);
#6743=ADVANCED_FACE('',(#6229),#179,.T.);
#6744=ADVANCED_FACE('',(#6230),#180,.T.);
#6745=ADVANCED_FACE('',(#6231),#6434,.T.);
#6746=ADVANCED_FACE('',(#6232),#6435,.T.);
#6747=ADVANCED_FACE('',(#6233),#6436,.T.);
#6748=ADVANCED_FACE('',(#6234),#6437,.T.);
#6749=ADVANCED_FACE('',(#6235),#6438,.T.);
#6750=ADVANCED_FACE('',(#6236),#6439,.T.);
#6751=ADVANCED_FACE('',(#6237),#6440,.T.);
#6752=ADVANCED_FACE('',(#6238),#6441,.T.);
#6753=ADVANCED_FACE('',(#6239),#6442,.T.);
#6754=ADVANCED_FACE('',(#6240),#6443,.T.);
#6755=ADVANCED_FACE('',(#6241),#6444,.T.);
#6756=ADVANCED_FACE('',(#6242),#6445,.T.);
#6757=ADVANCED_FACE('',(#6243),#6446,.T.);
#6758=ADVANCED_FACE('',(#6244),#6447,.T.);
#6759=ADVANCED_FACE('',(#6245),#181,.T.);
#6760=ADVANCED_FACE('',(#6246),#6448,.T.);
#6761=ADVANCED_FACE('',(#6247),#182,.F.);
#6762=ADVANCED_FACE('',(#6248),#183,.F.);
#6763=ADVANCED_FACE('',(#6249),#184,.F.);
#6764=ADVANCED_FACE('',(#6250),#185,.F.);
#6765=ADVANCED_FACE('',(#6251),#186,.F.);
#6766=ADVANCED_FACE('',(#6252),#187,.F.);
#6767=ADVANCED_FACE('',(#6253),#188,.F.);
#6768=ADVANCED_FACE('',(#6254),#189,.F.);
#6769=ADVANCED_FACE('',(#6255),#190,.F.);
#6770=ADVANCED_FACE('',(#6256),#191,.F.);
#6771=ADVANCED_FACE('',(#6257),#6449,.T.);
#6772=ADVANCED_FACE('',(#6258),#192,.T.);
#6773=ADVANCED_FACE('',(#6259),#193,.T.);
#6774=ADVANCED_FACE('',(#6260),#194,.T.);
#6775=ADVANCED_FACE('',(#6261),#195,.T.);
#6776=ADVANCED_FACE('',(#6262),#196,.T.);
#6777=ADVANCED_FACE('',(#6263),#197,.T.);
#6778=ADVANCED_FACE('',(#6264),#41,.T.);
#6779=ADVANCED_FACE('',(#6265),#198,.T.);
#6780=ADVANCED_FACE('',(#6266),#6450,.T.);
#6781=ADVANCED_FACE('',(#6267),#199,.T.);
#6782=ADVANCED_FACE('',(#6268),#200,.T.);
#6783=ADVANCED_FACE('',(#6269),#6451,.T.);
#6784=ADVANCED_FACE('',(#6270),#201,.F.);
#6785=ADVANCED_FACE('',(#6271),#42,.T.);
#6786=ADVANCED_FACE('',(#6272),#202,.F.);
#6787=ADVANCED_FACE('',(#6273),#203,.F.);
#6788=ADVANCED_FACE('',(#6274),#204,.F.);
#6789=ADVANCED_FACE('',(#6275),#205,.F.);
#6790=ADVANCED_FACE('',(#6276),#6452,.T.);
#6791=ADVANCED_FACE('',(#6277),#206,.T.);
#6792=ADVANCED_FACE('',(#6278),#207,.T.);
#6793=ADVANCED_FACE('',(#6279),#208,.T.);
#6794=ADVANCED_FACE('',(#6280),#6453,.T.);
#6795=ADVANCED_FACE('',(#6281),#6454,.T.);
#6796=ADVANCED_FACE('',(#6282),#6455,.T.);
#6797=ADVANCED_FACE('',(#6283),#6456,.T.);
#6798=ADVANCED_FACE('',(#6284),#6457,.T.);
#6799=ADVANCED_FACE('',(#6285),#6458,.T.);
#6800=ADVANCED_FACE('',(#6286),#6459,.T.);
#6801=ADVANCED_FACE('',(#6287),#209,.F.);
#6802=ADVANCED_FACE('',(#6288),#210,.F.);
#6803=ADVANCED_FACE('',(#6289),#211,.F.);
#6804=ADVANCED_FACE('',(#6290),#6460,.T.);
#6805=ADVANCED_FACE('',(#6291),#212,.T.);
#6806=ADVANCED_FACE('',(#6292),#213,.T.);
#6807=ADVANCED_FACE('',(#6293),#43,.T.);
#6808=ADVANCED_FACE('',(#6294),#214,.T.);
#6809=ADVANCED_FACE('',(#6295),#215,.T.);
#6810=ADVANCED_FACE('',(#6296),#216,.T.);
#6811=ADVANCED_FACE('',(#6297),#6461,.T.);
#6812=ADVANCED_FACE('',(#6298),#6462,.T.);
#6813=ADVANCED_FACE('',(#6299),#6463,.T.);
#6814=ADVANCED_FACE('',(#6300),#217,.F.);
#6815=ADVANCED_FACE('',(#6301),#218,.F.);
#6816=ADVANCED_FACE('',(#6302),#219,.F.);
#6817=ADVANCED_FACE('',(#6303),#6464,.T.);
#6818=ADVANCED_FACE('',(#6304),#220,.F.);
#6819=ADVANCED_FACE('',(#6305),#44,.T.);
#6820=ADVANCED_FACE('',(#6306),#45,.T.);
#6821=ADVANCED_FACE('',(#6307),#221,.F.);
#6822=ADVANCED_FACE('',(#6308),#222,.F.);
#6823=ADVANCED_FACE('',(#6309),#6465,.T.);
#6824=ADVANCED_FACE('',(#6310),#223,.T.);
#6825=ADVANCED_FACE('',(#6311),#224,.T.);
#6826=ADVANCED_FACE('',(#6312),#46,.T.);
#6827=ADVANCED_FACE('',(#6313),#225,.T.);
#6828=ADVANCED_FACE('',(#6314),#226,.T.);
#6829=ADVANCED_FACE('',(#6315),#6466,.T.);
#6830=ADVANCED_FACE('',(#6316),#6467,.T.);
#6831=ADVANCED_FACE('',(#6317),#6468,.T.);
#6832=ADVANCED_FACE('',(#6318),#227,.T.);
#6833=ADVANCED_FACE('',(#6319),#228,.F.);
#6834=ADVANCED_FACE('',(#6320),#229,.F.);
#6835=ADVANCED_FACE('',(#6321),#6469,.T.);
#6836=ADVANCED_FACE('',(#6322),#6470,.T.);
#6837=ADVANCED_FACE('',(#6323),#6471,.T.);
#6838=ADVANCED_FACE('',(#6324),#6472,.T.);
#6839=ADVANCED_FACE('',(#6325),#6473,.T.);
#6840=ADVANCED_FACE('',(#6326),#6474,.T.);
#6841=CLOSED_SHELL('',(#6475,#6476,#6477,#6478,#6479,#6480,#6481,#6482,
#6483,#6484,#6485,#6486,#6487,#6488,#6489,#6490,#6491,#6492,#6493,#6494,
#6495,#6496,#6497,#6498,#6499,#6500,#6501,#6502,#6503,#6504,#6505,#6506,
#6507,#6508,#6509,#6510,#6511,#6512,#6513,#6514,#6515,#6516,#6517,#6518,
#6519,#6520,#6521,#6522,#6523,#6524,#6525,#6526,#6527,#6528,#6529,#6530,
#6531,#6532,#6533,#6534,#6535,#6536,#6537,#6538,#6539,#6540,#6541,#6542,
#6543,#6544,#6545,#6546,#6547,#6548,#6549,#6550,#6551,#6552,#6553,#6554,
#6555,#6556,#6557,#6558,#6559,#6560,#6561,#6562,#6563,#6564,#6565,#6566,
#6567,#6568,#6569,#6570,#6571,#6572,#6573,#6574,#6575,#6576,#6577,#6578,
#6579,#6580,#6581,#6582,#6583,#6584,#6585,#6586,#6587,#6588,#6589,#6590,
#6591,#6592,#6593,#6594,#6595,#6596,#6597,#6598,#6599,#6600,#6601,#6602,
#6603,#6604,#6605,#6606,#6607,#6608,#6609,#6610,#6611,#6612,#6613,#6614,
#6615,#6616,#6617,#6618,#6619,#6620,#6621,#6622,#6623,#6624,#6625,#6626,
#6627,#6628,#6629,#6630,#6631,#6632,#6633,#6634,#6635,#6636,#6637,#6638,
#6639,#6640,#6641,#6642,#6643,#6644,#6645,#6646,#6647,#6648,#6649,#6650,
#6651,#6652,#6653,#6654,#6655,#6656,#6657,#6658,#6659,#6660,#6661,#6662,
#6663,#6664,#6665,#6666,#6667,#6668,#6669,#6670,#6671,#6672,#6673,#6674,
#6675,#6676,#6677,#6678,#6679,#6680,#6681,#6682,#6683,#6684,#6685,#6686,
#6687,#6688,#6689,#6690,#6691,#6692,#6693,#6694,#6695,#6696,#6697,#6698,
#6699,#6700,#6701,#6702,#6703,#6704,#6705,#6706,#6707,#6708,#6709,#6710,
#6711,#6712,#6713,#6714,#6715,#6716,#6717,#6718,#6719,#6720,#6721,#6722,
#6723,#6724,#6725,#6726,#6727,#6728,#6729,#6730,#6731,#6732,#6733,#6734,
#6735,#6736,#6737,#6738,#6739,#6740,#6741,#6742,#6743,#6744,#6745,#6746,
#6747,#6748,#6749,#6750,#6751,#6752,#6753,#6754,#6755,#6756,#6757,#6758,
#6759,#6760,#6761,#6762,#6763,#6764,#6765,#6766,#6767,#6768,#6769,#6770,
#6771,#6772,#6773,#6774,#6775,#6776,#6777,#6778,#6779,#6780,#6781,#6782,
#6783,#6784,#6785,#6786,#6787,#6788,#6789,#6790,#6791,#6792,#6793,#6794,
#6795,#6796,#6797,#6798,#6799,#6800,#6801,#6802,#6803,#6804,#6805,#6806,
#6807,#6808,#6809,#6810,#6811,#6812,#6813,#6814,#6815,#6816,#6817,#6818,
#6819,#6820,#6821,#6822,#6823,#6824,#6825,#6826,#6827,#6828,#6829,#6830,
#6831,#6832,#6833,#6834,#6835,#6836,#6837,#6838,#6839,#6840));
#6842=STYLED_ITEM('',(#6843),#6850);
#6843=PRESENTATION_STYLE_ASSIGNMENT((#6844));
#6844=SURFACE_STYLE_USAGE(.BOTH.,#6845);
#6845=SURFACE_SIDE_STYLE('',(#6846));
#6846=SURFACE_STYLE_FILL_AREA(#6847);
#6847=FILL_AREA_STYLE('',(#6848));
#6848=FILL_AREA_STYLE_COLOUR('',#6849);
#6849=COLOUR_RGB('',0.615686274509804,0.811764705882353,0.929411764705882);
#6850=MANIFOLD_SOLID_BREP('Part 1',#6841);
#6851=SHAPE_DEFINITION_REPRESENTATION(#11973,#6852);
#6852=SHAPE_REPRESENTATION('Part 1',(#6853),#11968);
#6853=AXIS2_PLACEMENT_3D('',#9524,#7551,#7552);
#6854=AXIS2_PLACEMENT_3D('',#9525,#7553,#7554);
#6855=AXIS2_PLACEMENT_3D('',#9569,#7576,#7577);
#6856=AXIS2_PLACEMENT_3D('',#9571,#7578,#7579);
#6857=AXIS2_PLACEMENT_3D('',#9573,#7580,#7581);
#6858=AXIS2_PLACEMENT_3D('',#9575,#7582,#7583);
#6859=AXIS2_PLACEMENT_3D('',#9579,#7585,#7586);
#6860=AXIS2_PLACEMENT_3D('',#9581,#7587,#7588);
#6861=AXIS2_PLACEMENT_3D('',#9583,#7589,#7590);
#6862=AXIS2_PLACEMENT_3D('',#9585,#7591,#7592);
#6863=AXIS2_PLACEMENT_3D('',#9591,#7593,#7594);
#6864=AXIS2_PLACEMENT_3D('',#9595,#7596,#7597);
#6865=AXIS2_PLACEMENT_3D('',#9597,#7598,#7599);
#6866=AXIS2_PLACEMENT_3D('',#9601,#7601,#7602);
#6867=AXIS2_PLACEMENT_3D('',#9607,#7603,#7604);
#6868=AXIS2_PLACEMENT_3D('',#9609,#7605,#7606);
#6869=AXIS2_PLACEMENT_3D('',#9611,#7607,#7608);
#6870=AXIS2_PLACEMENT_3D('',#9613,#7609,#7610);
#6871=AXIS2_PLACEMENT_3D('',#9615,#7611,#7612);
#6872=AXIS2_PLACEMENT_3D('',#9617,#7613,#7614);
#6873=AXIS2_PLACEMENT_3D('',#9621,#7616,#7617);
#6874=AXIS2_PLACEMENT_3D('',#9623,#7618,#7619);
#6875=AXIS2_PLACEMENT_3D('',#9625,#7620,#7621);
#6876=AXIS2_PLACEMENT_3D('',#9627,#7622,#7623);
#6877=AXIS2_PLACEMENT_3D('',#9629,#7624,#7625);
#6878=AXIS2_PLACEMENT_3D('',#9631,#7626,#7627);
#6879=AXIS2_PLACEMENT_3D('',#9633,#7628,#7629);
#6880=AXIS2_PLACEMENT_3D('',#9635,#7630,#7631);
#6881=AXIS2_PLACEMENT_3D('',#9637,#7632,#7633);
#6882=AXIS2_PLACEMENT_3D('',#9639,#7634,#7635);
#6883=AXIS2_PLACEMENT_3D('',#9655,#7637,#7638);
#6884=AXIS2_PLACEMENT_3D('',#9657,#7639,#7640);
#6885=AXIS2_PLACEMENT_3D('',#9659,#7641,#7642);
#6886=AXIS2_PLACEMENT_3D('',#9661,#7643,#7644);
#6887=AXIS2_PLACEMENT_3D('',#9671,#7645,#7646);
#6888=AXIS2_PLACEMENT_3D('',#9673,#7647,#7648);
#6889=AXIS2_PLACEMENT_3D('',#9675,#7649,#7650);
#6890=AXIS2_PLACEMENT_3D('',#9683,#7654,#7655);
#6891=AXIS2_PLACEMENT_3D('',#9685,#7656,#7657);
#6892=AXIS2_PLACEMENT_3D('',#9687,#7658,#7659);
#6893=AXIS2_PLACEMENT_3D('',#9699,#7661,#7662);
#6894=AXIS2_PLACEMENT_3D('',#9701,#7663,#7664);
#6895=AXIS2_PLACEMENT_3D('',#9711,#7665,#7666);
#6896=AXIS2_PLACEMENT_3D('',#9713,#7667,#7668);
#6897=AXIS2_PLACEMENT_3D('',#9715,#7669,#7670);
#6898=AXIS2_PLACEMENT_3D('',#9717,#7671,#7672);
#6899=AXIS2_PLACEMENT_3D('',#9733,#7676,#7677);
#6900=AXIS2_PLACEMENT_3D('',#9735,#7678,#7679);
#6901=AXIS2_PLACEMENT_3D('',#9769,#7692,#7693);
#6902=AXIS2_PLACEMENT_3D('',#9771,#7694,#7695);
#6903=AXIS2_PLACEMENT_3D('',#9773,#7696,#7697);
#6904=AXIS2_PLACEMENT_3D('',#9775,#7698,#7699);
#6905=AXIS2_PLACEMENT_3D('',#9777,#7700,#7701);
#6906=AXIS2_PLACEMENT_3D('',#9779,#7702,#7703);
#6907=AXIS2_PLACEMENT_3D('',#9781,#7704,#7705);
#6908=AXIS2_PLACEMENT_3D('',#9783,#7706,#7707);
#6909=AXIS2_PLACEMENT_3D('',#9785,#7708,#7709);
#6910=AXIS2_PLACEMENT_3D('',#9787,#7710,#7711);
#6911=AXIS2_PLACEMENT_3D('',#9789,#7712,#7713);
#6912=AXIS2_PLACEMENT_3D('',#9793,#7715,#7716);
#6913=AXIS2_PLACEMENT_3D('',#9795,#7717,#7718);
#6914=AXIS2_PLACEMENT_3D('',#9797,#7719,#7720);
#6915=AXIS2_PLACEMENT_3D('',#9799,#7721,#7722);
#6916=AXIS2_PLACEMENT_3D('',#9801,#7723,#7724);
#6917=AXIS2_PLACEMENT_3D('',#9803,#7725,#7726);
#6918=AXIS2_PLACEMENT_3D('',#9805,#7727,#7728);
#6919=AXIS2_PLACEMENT_3D('',#9807,#7729,#7730);
#6920=AXIS2_PLACEMENT_3D('',#9809,#7731,#7732);
#6921=AXIS2_PLACEMENT_3D('',#9853,#7748,#7749);
#6922=AXIS2_PLACEMENT_3D('',#9855,#7750,#7751);
#6923=AXIS2_PLACEMENT_3D('',#9857,#7752,#7753);
#6924=AXIS2_PLACEMENT_3D('',#9859,#7754,#7755);
#6925=AXIS2_PLACEMENT_3D('',#9869,#7756,#7757);
#6926=AXIS2_PLACEMENT_3D('',#9871,#7758,#7759);
#6927=AXIS2_PLACEMENT_3D('',#9873,#7760,#7761);
#6928=AXIS2_PLACEMENT_3D('',#9881,#7765,#7766);
#6929=AXIS2_PLACEMENT_3D('',#9883,#7767,#7768);
#6930=AXIS2_PLACEMENT_3D('',#9885,#7769,#7770);
#6931=AXIS2_PLACEMENT_3D('',#9889,#7772,#7773);
#6932=AXIS2_PLACEMENT_3D('',#9897,#7775,#7776);
#6933=AXIS2_PLACEMENT_3D('',#9899,#7777,#7778);
#6934=AXIS2_PLACEMENT_3D('',#9901,#7779,#7780);
#6935=AXIS2_PLACEMENT_3D('',#9915,#7787,#7788);
#6936=AXIS2_PLACEMENT_3D('',#9917,#7789,#7790);
#6937=AXIS2_PLACEMENT_3D('',#9919,#7791,#7792);
#6938=AXIS2_PLACEMENT_3D('',#9921,#7793,#7794);
#6939=AXIS2_PLACEMENT_3D('',#9925,#7796,#7797);
#6940=AXIS2_PLACEMENT_3D('',#9927,#7798,#7799);
#6941=AXIS2_PLACEMENT_3D('',#9929,#7800,#7801);
#6942=AXIS2_PLACEMENT_3D('',#9931,#7802,#7803);
#6943=AXIS2_PLACEMENT_3D('',#9937,#7804,#7805);
#6944=AXIS2_PLACEMENT_3D('',#9941,#7807,#7808);
#6945=AXIS2_PLACEMENT_3D('',#9943,#7809,#7810);
#6946=AXIS2_PLACEMENT_3D('',#9947,#7812,#7813);
#6947=AXIS2_PLACEMENT_3D('',#9953,#7814,#7815);
#6948=AXIS2_PLACEMENT_3D('',#9955,#7816,#7817);
#6949=AXIS2_PLACEMENT_3D('',#9957,#7818,#7819);
#6950=AXIS2_PLACEMENT_3D('',#9959,#7820,#7821);
#6951=AXIS2_PLACEMENT_3D('',#9961,#7822,#7823);
#6952=AXIS2_PLACEMENT_3D('',#9963,#7824,#7825);
#6953=AXIS2_PLACEMENT_3D('',#9967,#7827,#7828);
#6954=AXIS2_PLACEMENT_3D('',#9969,#7829,#7830);
#6955=AXIS2_PLACEMENT_3D('',#9971,#7831,#7832);
#6956=AXIS2_PLACEMENT_3D('',#9973,#7833,#7834);
#6957=AXIS2_PLACEMENT_3D('',#9975,#7835,#7836);
#6958=AXIS2_PLACEMENT_3D('',#9977,#7837,#7838);
#6959=AXIS2_PLACEMENT_3D('',#9979,#7839,#7840);
#6960=AXIS2_PLACEMENT_3D('',#9981,#7841,#7842);
#6961=AXIS2_PLACEMENT_3D('',#9983,#7843,#7844);
#6962=AXIS2_PLACEMENT_3D('',#9985,#7845,#7846);
#6963=AXIS2_PLACEMENT_3D('',#10001,#7848,#7849);
#6964=AXIS2_PLACEMENT_3D('',#10003,#7850,#7851);
#6965=AXIS2_PLACEMENT_3D('',#10005,#7852,#7853);
#6966=AXIS2_PLACEMENT_3D('',#10007,#7854,#7855);
#6967=AXIS2_PLACEMENT_3D('',#10017,#7856,#7857);
#6968=AXIS2_PLACEMENT_3D('',#10019,#7858,#7859);
#6969=AXIS2_PLACEMENT_3D('',#10021,#7860,#7861);
#6970=AXIS2_PLACEMENT_3D('',#10029,#7865,#7866);
#6971=AXIS2_PLACEMENT_3D('',#10031,#7867,#7868);
#6972=AXIS2_PLACEMENT_3D('',#10033,#7869,#7870);
#6973=AXIS2_PLACEMENT_3D('',#10041,#7872,#7873);
#6974=AXIS2_PLACEMENT_3D('',#10043,#7874,#7875);
#6975=AXIS2_PLACEMENT_3D('',#10045,#7876,#7877);
#6976=AXIS2_PLACEMENT_3D('',#10049,#7879,#7880);
#6977=AXIS2_PLACEMENT_3D('',#10051,#7881,#7882);
#6978=AXIS2_PLACEMENT_3D('',#10053,#7883,#7884);
#6979=AXIS2_PLACEMENT_3D('',#10055,#7885,#7886);
#6980=AXIS2_PLACEMENT_3D('',#10057,#7887,#7888);
#6981=AXIS2_PLACEMENT_3D('',#10059,#7889,#7890);
#6982=AXIS2_PLACEMENT_3D('',#10061,#7891,#7892);
#6983=AXIS2_PLACEMENT_3D('',#10063,#7893,#7894);
#6984=AXIS2_PLACEMENT_3D('',#10065,#7895,#7896);
#6985=AXIS2_PLACEMENT_3D('',#10095,#7911,#7912);
#6986=AXIS2_PLACEMENT_3D('',#10097,#7913,#7914);
#6987=AXIS2_PLACEMENT_3D('',#10099,#7915,#7916);
#6988=AXIS2_PLACEMENT_3D('',#10101,#7917,#7918);
#6989=AXIS2_PLACEMENT_3D('',#10105,#7920,#7921);
#6990=AXIS2_PLACEMENT_3D('',#10107,#7922,#7923);
#6991=AXIS2_PLACEMENT_3D('',#10109,#7924,#7925);
#6992=AXIS2_PLACEMENT_3D('',#10111,#7926,#7927);
#6993=AXIS2_PLACEMENT_3D('',#10117,#7928,#7929);
#6994=AXIS2_PLACEMENT_3D('',#10121,#7931,#7932);
#6995=AXIS2_PLACEMENT_3D('',#10123,#7933,#7934);
#6996=AXIS2_PLACEMENT_3D('',#10127,#7936,#7937);
#6997=AXIS2_PLACEMENT_3D('',#10133,#7938,#7939);
#6998=AXIS2_PLACEMENT_3D('',#10135,#7940,#7941);
#6999=AXIS2_PLACEMENT_3D('',#10137,#7942,#7943);
#7000=AXIS2_PLACEMENT_3D('',#10139,#7944,#7945);
#7001=AXIS2_PLACEMENT_3D('',#10141,#7946,#7947);
#7002=AXIS2_PLACEMENT_3D('',#10143,#7948,#7949);
#7003=AXIS2_PLACEMENT_3D('',#10147,#7951,#7952);
#7004=AXIS2_PLACEMENT_3D('',#10149,#7953,#7954);
#7005=AXIS2_PLACEMENT_3D('',#10151,#7955,#7956);
#7006=AXIS2_PLACEMENT_3D('',#10153,#7957,#7958);
#7007=AXIS2_PLACEMENT_3D('',#10155,#7959,#7960);
#7008=AXIS2_PLACEMENT_3D('',#10157,#7961,#7962);
#7009=AXIS2_PLACEMENT_3D('',#10159,#7963,#7964);
#7010=AXIS2_PLACEMENT_3D('',#10161,#7965,#7966);
#7011=AXIS2_PLACEMENT_3D('',#10163,#7967,#7968);
#7012=AXIS2_PLACEMENT_3D('',#10165,#7969,#7970);
#7013=AXIS2_PLACEMENT_3D('',#10176,#7976,#7977);
#7014=AXIS2_PLACEMENT_3D('',#10179,#7978,#7979);
#7015=AXIS2_PLACEMENT_3D('',#10181,#7980,#7981);
#7016=AXIS2_PLACEMENT_3D('',#10183,#7982,#7983);
#7017=AXIS2_PLACEMENT_3D('',#10185,#7984,#7985);
#7018=AXIS2_PLACEMENT_3D('',#10193,#7989,#7990);
#7019=AXIS2_PLACEMENT_3D('',#10195,#7991,#7992);
#7020=AXIS2_PLACEMENT_3D('',#10197,#7993,#7994);
#7021=AXIS2_PLACEMENT_3D('',#10203,#7995,#7996);
#7022=AXIS2_PLACEMENT_3D('',#10205,#7997,#7998);
#7023=AXIS2_PLACEMENT_3D('',#10209,#8000,#8001);
#7024=AXIS2_PLACEMENT_3D('',#10215,#8002,#8003);
#7025=AXIS2_PLACEMENT_3D('',#10217,#8004,#8005);
#7026=AXIS2_PLACEMENT_3D('',#10219,#8006,#8007);
#7027=AXIS2_PLACEMENT_3D('',#10221,#8008,#8009);
#7028=AXIS2_PLACEMENT_3D('',#10229,#8013,#8014);
#7029=AXIS2_PLACEMENT_3D('',#10231,#8015,#8016);
#7030=AXIS2_PLACEMENT_3D('',#10237,#8017,#8018);
#7031=AXIS2_PLACEMENT_3D('',#10239,#8019,#8020);
#7032=AXIS2_PLACEMENT_3D('',#10243,#8022,#8023);
#7033=AXIS2_PLACEMENT_3D('',#10245,#8024,#8025);
#7034=AXIS2_PLACEMENT_3D('',#10258,#8030,#8031);
#7035=AXIS2_PLACEMENT_3D('',#10277,#8042,#8043);
#7036=AXIS2_PLACEMENT_3D('',#10281,#8046,#8047);
#7037=AXIS2_PLACEMENT_3D('',#10285,#8050,#8051);
#7038=AXIS2_PLACEMENT_3D('',#10287,#8053,#8054);
#7039=AXIS2_PLACEMENT_3D('',#10288,#8055,#8056);
#7040=AXIS2_PLACEMENT_3D('',#10299,#8063,#8064);
#7041=AXIS2_PLACEMENT_3D('',#10303,#8067,#8068);
#7042=AXIS2_PLACEMENT_3D('',#10307,#8071,#8072);
#7043=AXIS2_PLACEMENT_3D('',#10309,#8074,#8075);
#7044=AXIS2_PLACEMENT_3D('',#10310,#8076,#8077);
#7045=AXIS2_PLACEMENT_3D('',#10312,#8078,#8079);
#7046=AXIS2_PLACEMENT_3D('',#10314,#8080,#8081);
#7047=AXIS2_PLACEMENT_3D('',#10316,#8082,#8083);
#7048=AXIS2_PLACEMENT_3D('',#10318,#8084,#8085);
#7049=AXIS2_PLACEMENT_3D('',#10319,#8086,#8087);
#7050=AXIS2_PLACEMENT_3D('',#10321,#8088,#8089);
#7051=AXIS2_PLACEMENT_3D('',#10322,#8090,#8091);
#7052=AXIS2_PLACEMENT_3D('',#10323,#8092,#8093);
#7053=AXIS2_PLACEMENT_3D('',#10325,#8094,#8095);
#7054=AXIS2_PLACEMENT_3D('',#10326,#8096,#8097);
#7055=AXIS2_PLACEMENT_3D('',#10327,#8098,#8099);
#7056=AXIS2_PLACEMENT_3D('',#10329,#8100,#8101);
#7057=AXIS2_PLACEMENT_3D('',#10330,#8102,#8103);
#7058=AXIS2_PLACEMENT_3D('',#10331,#8104,#8105);
#7059=AXIS2_PLACEMENT_3D('',#10333,#8106,#8107);
#7060=AXIS2_PLACEMENT_3D('',#10334,#8108,#8109);
#7061=AXIS2_PLACEMENT_3D('',#10337,#8112,#8113);
#7062=AXIS2_PLACEMENT_3D('',#10338,#8114,#8115);
#7063=AXIS2_PLACEMENT_3D('',#10339,#8116,#8117);
#7064=AXIS2_PLACEMENT_3D('',#10345,#8121,#8122);
#7065=AXIS2_PLACEMENT_3D('',#10349,#8125,#8126);
#7066=AXIS2_PLACEMENT_3D('',#10353,#8129,#8130);
#7067=AXIS2_PLACEMENT_3D('',#10357,#8133,#8134);
#7068=AXIS2_PLACEMENT_3D('',#10361,#8137,#8138);
#7069=AXIS2_PLACEMENT_3D('',#10365,#8141,#8142);
#7070=AXIS2_PLACEMENT_3D('',#10369,#8145,#8146);
#7071=AXIS2_PLACEMENT_3D('',#10373,#8149,#8150);
#7072=AXIS2_PLACEMENT_3D('',#10377,#8153,#8154);
#7073=AXIS2_PLACEMENT_3D('',#10381,#8157,#8158);
#7074=AXIS2_PLACEMENT_3D('',#10385,#8161,#8162);
#7075=AXIS2_PLACEMENT_3D('',#10387,#8164,#8165);
#7076=AXIS2_PLACEMENT_3D('',#10388,#8166,#8167);
#7077=AXIS2_PLACEMENT_3D('',#10391,#8169,#8170);
#7078=AXIS2_PLACEMENT_3D('',#10394,#8172,#8173);
#7079=AXIS2_PLACEMENT_3D('',#10398,#8176,#8177);
#7080=AXIS2_PLACEMENT_3D('',#10401,#8179,#8180);
#7081=AXIS2_PLACEMENT_3D('',#10402,#8181,#8182);
#7082=AXIS2_PLACEMENT_3D('',#10405,#8184,#8185);
#7083=AXIS2_PLACEMENT_3D('',#10406,#8186,#8187);
#7084=AXIS2_PLACEMENT_3D('',#10409,#8189,#8190);
#7085=AXIS2_PLACEMENT_3D('',#10410,#8191,#8192);
#7086=AXIS2_PLACEMENT_3D('',#10413,#8194,#8195);
#7087=AXIS2_PLACEMENT_3D('',#10414,#8196,#8197);
#7088=AXIS2_PLACEMENT_3D('',#10417,#8199,#8200);
#7089=AXIS2_PLACEMENT_3D('',#10418,#8201,#8202);
#7090=AXIS2_PLACEMENT_3D('',#10421,#8204,#8205);
#7091=AXIS2_PLACEMENT_3D('',#10422,#8206,#8207);
#7092=AXIS2_PLACEMENT_3D('',#10425,#8209,#8210);
#7093=AXIS2_PLACEMENT_3D('',#10426,#8211,#8212);
#7094=AXIS2_PLACEMENT_3D('',#10429,#8214,#8215);
#7095=AXIS2_PLACEMENT_3D('',#10430,#8216,#8217);
#7096=AXIS2_PLACEMENT_3D('',#10433,#8219,#8220);
#7097=AXIS2_PLACEMENT_3D('',#10434,#8221,#8222);
#7098=AXIS2_PLACEMENT_3D('',#10437,#8224,#8225);
#7099=AXIS2_PLACEMENT_3D('',#10438,#8226,#8227);
#7100=AXIS2_PLACEMENT_3D('',#10442,#8230,#8231);
#7101=AXIS2_PLACEMENT_3D('',#10445,#8233,#8234);
#7102=AXIS2_PLACEMENT_3D('',#10446,#8235,#8236);
#7103=AXIS2_PLACEMENT_3D('',#10449,#8238,#8239);
#7104=AXIS2_PLACEMENT_3D('',#10450,#8240,#8241);
#7105=AXIS2_PLACEMENT_3D('',#10453,#8243,#8244);
#7106=AXIS2_PLACEMENT_3D('',#10454,#8245,#8246);
#7107=AXIS2_PLACEMENT_3D('',#10457,#8248,#8249);
#7108=AXIS2_PLACEMENT_3D('',#10458,#8250,#8251);
#7109=AXIS2_PLACEMENT_3D('',#10461,#8253,#8254);
#7110=AXIS2_PLACEMENT_3D('',#10462,#8255,#8256);
#7111=AXIS2_PLACEMENT_3D('',#10465,#8258,#8259);
#7112=AXIS2_PLACEMENT_3D('',#10479,#8261,#8262);
#7113=AXIS2_PLACEMENT_3D('',#10482,#8264,#8265);
#7114=AXIS2_PLACEMENT_3D('',#10483,#8266,#8267);
#7115=AXIS2_PLACEMENT_3D('',#10487,#8270,#8271);
#7116=AXIS2_PLACEMENT_3D('',#10490,#8273,#8274);
#7117=AXIS2_PLACEMENT_3D('',#10491,#8275,#8276);
#7118=AXIS2_PLACEMENT_3D('',#10494,#8278,#8279);
#7119=AXIS2_PLACEMENT_3D('',#10495,#8280,#8281);
#7120=AXIS2_PLACEMENT_3D('',#10499,#8284,#8285);
#7121=AXIS2_PLACEMENT_3D('',#10502,#8287,#8288);
#7122=AXIS2_PLACEMENT_3D('',#10516,#8290,#8291);
#7123=AXIS2_PLACEMENT_3D('',#10519,#8293,#8294);
#7124=AXIS2_PLACEMENT_3D('',#10520,#8295,#8296);
#7125=AXIS2_PLACEMENT_3D('',#10523,#8298,#8299);
#7126=AXIS2_PLACEMENT_3D('',#10524,#8300,#8301);
#7127=AXIS2_PLACEMENT_3D('',#10527,#8303,#8304);
#7128=AXIS2_PLACEMENT_3D('',#10528,#8305,#8306);
#7129=AXIS2_PLACEMENT_3D('',#10531,#8308,#8309);
#7130=AXIS2_PLACEMENT_3D('',#10532,#8310,#8311);
#7131=AXIS2_PLACEMENT_3D('',#10536,#8314,#8315);
#7132=AXIS2_PLACEMENT_3D('',#10539,#8317,#8318);
#7133=AXIS2_PLACEMENT_3D('',#10540,#8319,#8320);
#7134=AXIS2_PLACEMENT_3D('',#10543,#8322,#8323);
#7135=AXIS2_PLACEMENT_3D('',#10544,#8324,#8325);
#7136=AXIS2_PLACEMENT_3D('',#10545,#8326,#8327);
#7137=AXIS2_PLACEMENT_3D('',#10546,#8328,#8329);
#7138=AXIS2_PLACEMENT_3D('',#10575,#8333,#8334);
#7139=AXIS2_PLACEMENT_3D('',#10578,#8336,#8337);
#7140=AXIS2_PLACEMENT_3D('',#10579,#8338,#8339);
#7141=AXIS2_PLACEMENT_3D('',#10582,#8341,#8342);
#7142=AXIS2_PLACEMENT_3D('',#10583,#8343,#8344);
#7143=AXIS2_PLACEMENT_3D('',#10586,#8346,#8347);
#7144=AXIS2_PLACEMENT_3D('',#10587,#8348,#8349);
#7145=AXIS2_PLACEMENT_3D('',#10591,#8352,#8353);
#7146=AXIS2_PLACEMENT_3D('',#10595,#8356,#8357);
#7147=AXIS2_PLACEMENT_3D('',#10599,#8360,#8361);
#7148=AXIS2_PLACEMENT_3D('',#10602,#8363,#8364);
#7149=AXIS2_PLACEMENT_3D('',#10603,#8365,#8366);
#7150=AXIS2_PLACEMENT_3D('',#10606,#8368,#8369);
#7151=AXIS2_PLACEMENT_3D('',#10607,#8370,#8371);
#7152=AXIS2_PLACEMENT_3D('',#10610,#8373,#8374);
#7153=AXIS2_PLACEMENT_3D('',#10637,#8377,#8378);
#7154=AXIS2_PLACEMENT_3D('',#10640,#8380,#8381);
#7155=AXIS2_PLACEMENT_3D('',#10641,#8382,#8383);
#7156=AXIS2_PLACEMENT_3D('',#10644,#8385,#8386);
#7157=AXIS2_PLACEMENT_3D('',#10645,#8387,#8388);
#7158=AXIS2_PLACEMENT_3D('',#10648,#8390,#8391);
#7159=AXIS2_PLACEMENT_3D('',#10649,#8392,#8393);
#7160=AXIS2_PLACEMENT_3D('',#10652,#8395,#8396);
#7161=AXIS2_PLACEMENT_3D('',#10653,#8397,#8398);
#7162=AXIS2_PLACEMENT_3D('',#10668,#8401,#8402);
#7163=AXIS2_PLACEMENT_3D('',#10684,#8405,#8406);
#7164=AXIS2_PLACEMENT_3D('',#10688,#8409,#8410);
#7165=AXIS2_PLACEMENT_3D('',#10692,#8413,#8414);
#7166=AXIS2_PLACEMENT_3D('',#10722,#8419,#8420);
#7167=AXIS2_PLACEMENT_3D('',#10725,#8422,#8423);
#7168=AXIS2_PLACEMENT_3D('',#10726,#8424,#8425);
#7169=AXIS2_PLACEMENT_3D('',#10729,#8427,#8428);
#7170=AXIS2_PLACEMENT_3D('',#10756,#8431,#8432);
#7171=AXIS2_PLACEMENT_3D('',#10760,#8435,#8436);
#7172=AXIS2_PLACEMENT_3D('',#10764,#8439,#8440);
#7173=AXIS2_PLACEMENT_3D('',#10768,#8443,#8444);
#7174=AXIS2_PLACEMENT_3D('',#10771,#8446,#8447);
#7175=AXIS2_PLACEMENT_3D('',#10772,#8448,#8449);
#7176=AXIS2_PLACEMENT_3D('',#10775,#8451,#8452);
#7177=AXIS2_PLACEMENT_3D('',#10776,#8453,#8454);
#7178=AXIS2_PLACEMENT_3D('',#10779,#8456,#8457);
#7179=AXIS2_PLACEMENT_3D('',#10780,#8458,#8459);
#7180=AXIS2_PLACEMENT_3D('',#10783,#8461,#8462);
#7181=AXIS2_PLACEMENT_3D('',#10810,#8465,#8466);
#7182=AXIS2_PLACEMENT_3D('',#10813,#8468,#8469);
#7183=AXIS2_PLACEMENT_3D('',#10814,#8470,#8471);
#7184=AXIS2_PLACEMENT_3D('',#10817,#8473,#8474);
#7185=AXIS2_PLACEMENT_3D('',#10829,#8475,#8476);
#7186=AXIS2_PLACEMENT_3D('',#10830,#8477,#8478);
#7187=AXIS2_PLACEMENT_3D('',#10836,#8482,#8483);
#7188=AXIS2_PLACEMENT_3D('',#10840,#8486,#8487);
#7189=AXIS2_PLACEMENT_3D('',#10844,#8490,#8491);
#7190=AXIS2_PLACEMENT_3D('',#10846,#8493,#8494);
#7191=AXIS2_PLACEMENT_3D('',#10847,#8495,#8496);
#7192=AXIS2_PLACEMENT_3D('',#10853,#8500,#8501);
#7193=AXIS2_PLACEMENT_3D('',#10857,#8504,#8505);
#7194=AXIS2_PLACEMENT_3D('',#10861,#8508,#8509);
#7195=AXIS2_PLACEMENT_3D('',#10865,#8512,#8513);
#7196=AXIS2_PLACEMENT_3D('',#10867,#8515,#8516);
#7197=AXIS2_PLACEMENT_3D('',#10868,#8517,#8518);
#7198=AXIS2_PLACEMENT_3D('',#10871,#8520,#8521);
#7199=AXIS2_PLACEMENT_3D('',#10874,#8523,#8524);
#7200=AXIS2_PLACEMENT_3D('',#10878,#8527,#8528);
#7201=AXIS2_PLACEMENT_3D('',#10882,#8531,#8532);
#7202=AXIS2_PLACEMENT_3D('',#10886,#8535,#8536);
#7203=AXIS2_PLACEMENT_3D('',#10889,#8538,#8539);
#7204=AXIS2_PLACEMENT_3D('',#10890,#8540,#8541);
#7205=AXIS2_PLACEMENT_3D('',#10893,#8543,#8544);
#7206=AXIS2_PLACEMENT_3D('',#10894,#8545,#8546);
#7207=AXIS2_PLACEMENT_3D('',#10897,#8548,#8549);
#7208=AXIS2_PLACEMENT_3D('',#10898,#8550,#8551);
#7209=AXIS2_PLACEMENT_3D('',#10901,#8553,#8554);
#7210=AXIS2_PLACEMENT_3D('',#10902,#8555,#8556);
#7211=AXIS2_PLACEMENT_3D('',#10905,#8558,#8559);
#7212=AXIS2_PLACEMENT_3D('',#10906,#8560,#8561);
#7213=AXIS2_PLACEMENT_3D('',#10909,#8563,#8564);
#7214=AXIS2_PLACEMENT_3D('',#10910,#8565,#8566);
#7215=AXIS2_PLACEMENT_3D('',#10913,#8568,#8569);
#7216=AXIS2_PLACEMENT_3D('',#10914,#8570,#8571);
#7217=AXIS2_PLACEMENT_3D('',#10917,#8573,#8574);
#7218=AXIS2_PLACEMENT_3D('',#10918,#8575,#8576);
#7219=AXIS2_PLACEMENT_3D('',#10921,#8578,#8579);
#7220=AXIS2_PLACEMENT_3D('',#10922,#8580,#8581);
#7221=AXIS2_PLACEMENT_3D('',#10926,#8584,#8585);
#7222=AXIS2_PLACEMENT_3D('',#10929,#8587,#8588);
#7223=AXIS2_PLACEMENT_3D('',#10930,#8589,#8590);
#7224=AXIS2_PLACEMENT_3D('',#10933,#8592,#8593);
#7225=AXIS2_PLACEMENT_3D('',#10934,#8594,#8595);
#7226=AXIS2_PLACEMENT_3D('',#10937,#8597,#8598);
#7227=AXIS2_PLACEMENT_3D('',#10938,#8599,#8600);
#7228=AXIS2_PLACEMENT_3D('',#10941,#8602,#8603);
#7229=AXIS2_PLACEMENT_3D('',#10942,#8604,#8605);
#7230=AXIS2_PLACEMENT_3D('',#10945,#8607,#8608);
#7231=AXIS2_PLACEMENT_3D('',#10946,#8609,#8610);
#7232=AXIS2_PLACEMENT_3D('',#10949,#8612,#8613);
#7233=AXIS2_PLACEMENT_3D('',#10950,#8614,#8615);
#7234=AXIS2_PLACEMENT_3D('',#10953,#8617,#8618);
#7235=AXIS2_PLACEMENT_3D('',#10954,#8619,#8620);
#7236=AXIS2_PLACEMENT_3D('',#10957,#8622,#8623);
#7237=AXIS2_PLACEMENT_3D('',#10958,#8624,#8625);
#7238=AXIS2_PLACEMENT_3D('',#10961,#8627,#8628);
#7239=AXIS2_PLACEMENT_3D('',#10962,#8629,#8630);
#7240=AXIS2_PLACEMENT_3D('',#10963,#8631,#8632);
#7241=AXIS2_PLACEMENT_3D('',#10964,#8633,#8634);
#7242=AXIS2_PLACEMENT_3D('',#10965,#8635,#8636);
#7243=AXIS2_PLACEMENT_3D('',#10971,#8640,#8641);
#7244=AXIS2_PLACEMENT_3D('',#10975,#8644,#8645);
#7245=AXIS2_PLACEMENT_3D('',#10979,#8648,#8649);
#7246=AXIS2_PLACEMENT_3D('',#10983,#8652,#8653);
#7247=AXIS2_PLACEMENT_3D('',#10987,#8656,#8657);
#7248=AXIS2_PLACEMENT_3D('',#10991,#8660,#8661);
#7249=AXIS2_PLACEMENT_3D('',#10995,#8664,#8665);
#7250=AXIS2_PLACEMENT_3D('',#10999,#8668,#8669);
#7251=AXIS2_PLACEMENT_3D('',#11003,#8672,#8673);
#7252=AXIS2_PLACEMENT_3D('',#11007,#8676,#8677);
#7253=AXIS2_PLACEMENT_3D('',#11011,#8680,#8681);
#7254=AXIS2_PLACEMENT_3D('',#11013,#8683,#8684);
#7255=AXIS2_PLACEMENT_3D('',#11042,#8688,#8689);
#7256=AXIS2_PLACEMENT_3D('',#11045,#8691,#8692);
#7257=AXIS2_PLACEMENT_3D('',#11046,#8693,#8694);
#7258=AXIS2_PLACEMENT_3D('',#11049,#8696,#8697);
#7259=AXIS2_PLACEMENT_3D('',#11050,#8698,#8699);
#7260=AXIS2_PLACEMENT_3D('',#11053,#8701,#8702);
#7261=AXIS2_PLACEMENT_3D('',#11054,#8703,#8704);
#7262=AXIS2_PLACEMENT_3D('',#11058,#8707,#8708);
#7263=AXIS2_PLACEMENT_3D('',#11062,#8711,#8712);
#7264=AXIS2_PLACEMENT_3D('',#11066,#8715,#8716);
#7265=AXIS2_PLACEMENT_3D('',#11069,#8718,#8719);
#7266=AXIS2_PLACEMENT_3D('',#11070,#8720,#8721);
#7267=AXIS2_PLACEMENT_3D('',#11073,#8723,#8724);
#7268=AXIS2_PLACEMENT_3D('',#11074,#8725,#8726);
#7269=AXIS2_PLACEMENT_3D('',#11077,#8728,#8729);
#7270=AXIS2_PLACEMENT_3D('',#11104,#8732,#8733);
#7271=AXIS2_PLACEMENT_3D('',#11107,#8735,#8736);
#7272=AXIS2_PLACEMENT_3D('',#11108,#8737,#8738);
#7273=AXIS2_PLACEMENT_3D('',#11111,#8740,#8741);
#7274=AXIS2_PLACEMENT_3D('',#11112,#8742,#8743);
#7275=AXIS2_PLACEMENT_3D('',#11115,#8745,#8746);
#7276=AXIS2_PLACEMENT_3D('',#11116,#8747,#8748);
#7277=AXIS2_PLACEMENT_3D('',#11119,#8750,#8751);
#7278=AXIS2_PLACEMENT_3D('',#11120,#8752,#8753);
#7279=AXIS2_PLACEMENT_3D('',#11135,#8756,#8757);
#7280=AXIS2_PLACEMENT_3D('',#11136,#8758,#8759);
#7281=AXIS2_PLACEMENT_3D('',#11139,#8761,#8762);
#7282=AXIS2_PLACEMENT_3D('',#11142,#8764,#8765);
#7283=AXIS2_PLACEMENT_3D('',#11146,#8768,#8769);
#7284=AXIS2_PLACEMENT_3D('',#11149,#8771,#8772);
#7285=AXIS2_PLACEMENT_3D('',#11150,#8773,#8774);
#7286=AXIS2_PLACEMENT_3D('',#11153,#8776,#8777);
#7287=AXIS2_PLACEMENT_3D('',#11154,#8778,#8779);
#7288=AXIS2_PLACEMENT_3D('',#11157,#8781,#8782);
#7289=AXIS2_PLACEMENT_3D('',#11158,#8783,#8784);
#7290=AXIS2_PLACEMENT_3D('',#11173,#8787,#8788);
#7291=AXIS2_PLACEMENT_3D('',#11174,#8789,#8790);
#7292=AXIS2_PLACEMENT_3D('',#11180,#8794,#8795);
#7293=AXIS2_PLACEMENT_3D('',#11184,#8798,#8799);
#7294=AXIS2_PLACEMENT_3D('',#11188,#8802,#8803);
#7295=AXIS2_PLACEMENT_3D('',#11192,#8806,#8807);
#7296=AXIS2_PLACEMENT_3D('',#11194,#8809,#8810);
#7297=AXIS2_PLACEMENT_3D('',#11195,#8811,#8812);
#7298=AXIS2_PLACEMENT_3D('',#11198,#8814,#8815);
#7299=AXIS2_PLACEMENT_3D('',#11201,#8817,#8818);
#7300=AXIS2_PLACEMENT_3D('',#11205,#8821,#8822);
#7301=AXIS2_PLACEMENT_3D('',#11208,#8824,#8825);
#7302=AXIS2_PLACEMENT_3D('',#11209,#8826,#8827);
#7303=AXIS2_PLACEMENT_3D('',#11212,#8829,#8830);
#7304=AXIS2_PLACEMENT_3D('',#11213,#8831,#8832);
#7305=AXIS2_PLACEMENT_3D('',#11216,#8834,#8835);
#7306=AXIS2_PLACEMENT_3D('',#11217,#8836,#8837);
#7307=AXIS2_PLACEMENT_3D('',#11220,#8839,#8840);
#7308=AXIS2_PLACEMENT_3D('',#11221,#8841,#8842);
#7309=AXIS2_PLACEMENT_3D('',#11224,#8844,#8845);
#7310=AXIS2_PLACEMENT_3D('',#11225,#8846,#8847);
#7311=AXIS2_PLACEMENT_3D('',#11228,#8849,#8850);
#7312=AXIS2_PLACEMENT_3D('',#11229,#8851,#8852);
#7313=AXIS2_PLACEMENT_3D('',#11232,#8854,#8855);
#7314=AXIS2_PLACEMENT_3D('',#11233,#8856,#8857);
#7315=AXIS2_PLACEMENT_3D('',#11236,#8859,#8860);
#7316=AXIS2_PLACEMENT_3D('',#11237,#8861,#8862);
#7317=AXIS2_PLACEMENT_3D('',#11240,#8864,#8865);
#7318=AXIS2_PLACEMENT_3D('',#11241,#8866,#8867);
#7319=AXIS2_PLACEMENT_3D('',#11244,#8869,#8870);
#7320=AXIS2_PLACEMENT_3D('',#11245,#8871,#8872);
#7321=AXIS2_PLACEMENT_3D('',#11249,#8875,#8876);
#7322=AXIS2_PLACEMENT_3D('',#11252,#8878,#8879);
#7323=AXIS2_PLACEMENT_3D('',#11253,#8880,#8881);
#7324=AXIS2_PLACEMENT_3D('',#11256,#8883,#8884);
#7325=AXIS2_PLACEMENT_3D('',#11257,#8885,#8886);
#7326=AXIS2_PLACEMENT_3D('',#11260,#8888,#8889);
#7327=AXIS2_PLACEMENT_3D('',#11261,#8890,#8891);
#7328=AXIS2_PLACEMENT_3D('',#11264,#8893,#8894);
#7329=AXIS2_PLACEMENT_3D('',#11265,#8895,#8896);
#7330=AXIS2_PLACEMENT_3D('',#11268,#8898,#8899);
#7331=AXIS2_PLACEMENT_3D('',#11269,#8900,#8901);
#7332=AXIS2_PLACEMENT_3D('',#11272,#8903,#8904);
#7333=AXIS2_PLACEMENT_3D('',#11286,#8906,#8907);
#7334=AXIS2_PLACEMENT_3D('',#11289,#8909,#8910);
#7335=AXIS2_PLACEMENT_3D('',#11290,#8911,#8912);
#7336=AXIS2_PLACEMENT_3D('',#11294,#8915,#8916);
#7337=AXIS2_PLACEMENT_3D('',#11297,#8918,#8919);
#7338=AXIS2_PLACEMENT_3D('',#11298,#8920,#8921);
#7339=AXIS2_PLACEMENT_3D('',#11301,#8923,#8924);
#7340=AXIS2_PLACEMENT_3D('',#11302,#8925,#8926);
#7341=AXIS2_PLACEMENT_3D('',#11306,#8929,#8930);
#7342=AXIS2_PLACEMENT_3D('',#11309,#8932,#8933);
#7343=AXIS2_PLACEMENT_3D('',#11323,#8935,#8936);
#7344=AXIS2_PLACEMENT_3D('',#11326,#8938,#8939);
#7345=AXIS2_PLACEMENT_3D('',#11327,#8940,#8941);
#7346=AXIS2_PLACEMENT_3D('',#11330,#8943,#8944);
#7347=AXIS2_PLACEMENT_3D('',#11331,#8945,#8946);
#7348=AXIS2_PLACEMENT_3D('',#11334,#8948,#8949);
#7349=AXIS2_PLACEMENT_3D('',#11335,#8950,#8951);
#7350=AXIS2_PLACEMENT_3D('',#11338,#8953,#8954);
#7351=AXIS2_PLACEMENT_3D('',#11339,#8955,#8956);
#7352=AXIS2_PLACEMENT_3D('',#11343,#8959,#8960);
#7353=AXIS2_PLACEMENT_3D('',#11346,#8962,#8963);
#7354=AXIS2_PLACEMENT_3D('',#11347,#8964,#8965);
#7355=AXIS2_PLACEMENT_3D('',#11350,#8967,#8968);
#7356=AXIS2_PLACEMENT_3D('',#11351,#8969,#8970);
#7357=AXIS2_PLACEMENT_3D('',#11352,#8971,#8972);
#7358=AXIS2_PLACEMENT_3D('',#11353,#8973,#8974);
#7359=AXIS2_PLACEMENT_3D('',#11382,#8978,#8979);
#7360=AXIS2_PLACEMENT_3D('',#11385,#8981,#8982);
#7361=AXIS2_PLACEMENT_3D('',#11386,#8983,#8984);
#7362=AXIS2_PLACEMENT_3D('',#11389,#8986,#8987);
#7363=AXIS2_PLACEMENT_3D('',#11390,#8988,#8989);
#7364=AXIS2_PLACEMENT_3D('',#11393,#8991,#8992);
#7365=AXIS2_PLACEMENT_3D('',#11394,#8993,#8994);
#7366=AXIS2_PLACEMENT_3D('',#11398,#8997,#8998);
#7367=AXIS2_PLACEMENT_3D('',#11402,#9001,#9002);
#7368=AXIS2_PLACEMENT_3D('',#11406,#9005,#9006);
#7369=AXIS2_PLACEMENT_3D('',#11409,#9008,#9009);
#7370=AXIS2_PLACEMENT_3D('',#11410,#9010,#9011);
#7371=AXIS2_PLACEMENT_3D('',#11413,#9013,#9014);
#7372=AXIS2_PLACEMENT_3D('',#11414,#9015,#9016);
#7373=AXIS2_PLACEMENT_3D('',#11417,#9018,#9019);
#7374=AXIS2_PLACEMENT_3D('',#11444,#9022,#9023);
#7375=AXIS2_PLACEMENT_3D('',#11447,#9025,#9026);
#7376=AXIS2_PLACEMENT_3D('',#11448,#9027,#9028);
#7377=AXIS2_PLACEMENT_3D('',#11451,#9030,#9031);
#7378=AXIS2_PLACEMENT_3D('',#11452,#9032,#9033);
#7379=AXIS2_PLACEMENT_3D('',#11455,#9035,#9036);
#7380=AXIS2_PLACEMENT_3D('',#11456,#9037,#9038);
#7381=AXIS2_PLACEMENT_3D('',#11459,#9040,#9041);
#7382=AXIS2_PLACEMENT_3D('',#11460,#9042,#9043);
#7383=AXIS2_PLACEMENT_3D('',#11475,#9046,#9047);
#7384=AXIS2_PLACEMENT_3D('',#11491,#9050,#9051);
#7385=AXIS2_PLACEMENT_3D('',#11495,#9054,#9055);
#7386=AXIS2_PLACEMENT_3D('',#11499,#9058,#9059);
#7387=AXIS2_PLACEMENT_3D('',#11503,#9062,#9063);
#7388=AXIS2_PLACEMENT_3D('',#11506,#9065,#9066);
#7389=AXIS2_PLACEMENT_3D('',#11507,#9067,#9068);
#7390=AXIS2_PLACEMENT_3D('',#11510,#9070,#9071);
#7391=AXIS2_PLACEMENT_3D('',#11511,#9072,#9073);
#7392=AXIS2_PLACEMENT_3D('',#11514,#9075,#9076);
#7393=AXIS2_PLACEMENT_3D('',#11515,#9077,#9078);
#7394=AXIS2_PLACEMENT_3D('',#11518,#9080,#9081);
#7395=AXIS2_PLACEMENT_3D('',#11519,#9082,#9083);
#7396=AXIS2_PLACEMENT_3D('',#11522,#9085,#9086);
#7397=AXIS2_PLACEMENT_3D('',#11523,#9087,#9088);
#7398=AXIS2_PLACEMENT_3D('',#11526,#9090,#9091);
#7399=AXIS2_PLACEMENT_3D('',#11527,#9092,#9093);
#7400=AXIS2_PLACEMENT_3D('',#11530,#9095,#9096);
#7401=AXIS2_PLACEMENT_3D('',#11531,#9097,#9098);
#7402=AXIS2_PLACEMENT_3D('',#11534,#9100,#9101);
#7403=AXIS2_PLACEMENT_3D('',#11535,#9102,#9103);
#7404=AXIS2_PLACEMENT_3D('',#11538,#9105,#9106);
#7405=AXIS2_PLACEMENT_3D('',#11539,#9107,#9108);
#7406=AXIS2_PLACEMENT_3D('',#11543,#9111,#9112);
#7407=AXIS2_PLACEMENT_3D('',#11546,#9114,#9115);
#7408=AXIS2_PLACEMENT_3D('',#11547,#9116,#9117);
#7409=AXIS2_PLACEMENT_3D('',#11550,#9119,#9120);
#7410=AXIS2_PLACEMENT_3D('',#11551,#9121,#9122);
#7411=AXIS2_PLACEMENT_3D('',#11552,#9123,#9124);
#7412=AXIS2_PLACEMENT_3D('',#11553,#9125,#9126);
#7413=AXIS2_PLACEMENT_3D('',#11554,#9127,#9128);
#7414=AXIS2_PLACEMENT_3D('',#11560,#9132,#9133);
#7415=AXIS2_PLACEMENT_3D('',#11564,#9136,#9137);
#7416=AXIS2_PLACEMENT_3D('',#11568,#9140,#9141);
#7417=AXIS2_PLACEMENT_3D('',#11572,#9144,#9145);
#7418=AXIS2_PLACEMENT_3D('',#11576,#9148,#9149);
#7419=AXIS2_PLACEMENT_3D('',#11580,#9152,#9153);
#7420=AXIS2_PLACEMENT_3D('',#11582,#9155,#9156);
#7421=AXIS2_PLACEMENT_3D('',#11583,#9157,#9158);
#7422=AXIS2_PLACEMENT_3D('',#11589,#9162,#9163);
#7423=AXIS2_PLACEMENT_3D('',#11593,#9166,#9167);
#7424=AXIS2_PLACEMENT_3D('',#11597,#9170,#9171);
#7425=AXIS2_PLACEMENT_3D('',#11599,#9173,#9174);
#7426=AXIS2_PLACEMENT_3D('',#11600,#9175,#9176);
#7427=AXIS2_PLACEMENT_3D('',#11603,#9178,#9179);
#7428=AXIS2_PLACEMENT_3D('',#11606,#9181,#9182);
#7429=AXIS2_PLACEMENT_3D('',#11610,#9185,#9186);
#7430=AXIS2_PLACEMENT_3D('',#11613,#9188,#9189);
#7431=AXIS2_PLACEMENT_3D('',#11614,#9190,#9191);
#7432=AXIS2_PLACEMENT_3D('',#11617,#9193,#9194);
#7433=AXIS2_PLACEMENT_3D('',#11618,#9195,#9196);
#7434=AXIS2_PLACEMENT_3D('',#11621,#9198,#9199);
#7435=AXIS2_PLACEMENT_3D('',#11622,#9200,#9201);
#7436=AXIS2_PLACEMENT_3D('',#11625,#9203,#9204);
#7437=AXIS2_PLACEMENT_3D('',#11626,#9205,#9206);
#7438=AXIS2_PLACEMENT_3D('',#11629,#9208,#9209);
#7439=AXIS2_PLACEMENT_3D('',#11630,#9210,#9211);
#7440=AXIS2_PLACEMENT_3D('',#11633,#9213,#9214);
#7441=AXIS2_PLACEMENT_3D('',#11634,#9215,#9216);
#7442=AXIS2_PLACEMENT_3D('',#11637,#9218,#9219);
#7443=AXIS2_PLACEMENT_3D('',#11638,#9220,#9221);
#7444=AXIS2_PLACEMENT_3D('',#11641,#9223,#9224);
#7445=AXIS2_PLACEMENT_3D('',#11642,#9225,#9226);
#7446=AXIS2_PLACEMENT_3D('',#11645,#9228,#9229);
#7447=AXIS2_PLACEMENT_3D('',#11646,#9230,#9231);
#7448=AXIS2_PLACEMENT_3D('',#11649,#9233,#9234);
#7449=AXIS2_PLACEMENT_3D('',#11650,#9235,#9236);
#7450=AXIS2_PLACEMENT_3D('',#11654,#9239,#9240);
#7451=AXIS2_PLACEMENT_3D('',#11657,#9242,#9243);
#7452=AXIS2_PLACEMENT_3D('',#11658,#9244,#9245);
#7453=AXIS2_PLACEMENT_3D('',#11661,#9247,#9248);
#7454=AXIS2_PLACEMENT_3D('',#11662,#9249,#9250);
#7455=AXIS2_PLACEMENT_3D('',#11665,#9252,#9253);
#7456=AXIS2_PLACEMENT_3D('',#11666,#9254,#9255);
#7457=AXIS2_PLACEMENT_3D('',#11669,#9257,#9258);
#7458=AXIS2_PLACEMENT_3D('',#11670,#9259,#9260);
#7459=AXIS2_PLACEMENT_3D('',#11673,#9262,#9263);
#7460=AXIS2_PLACEMENT_3D('',#11674,#9264,#9265);
#7461=AXIS2_PLACEMENT_3D('',#11677,#9267,#9268);
#7462=AXIS2_PLACEMENT_3D('',#11691,#9270,#9271);
#7463=AXIS2_PLACEMENT_3D('',#11694,#9273,#9274);
#7464=AXIS2_PLACEMENT_3D('',#11695,#9275,#9276);
#7465=AXIS2_PLACEMENT_3D('',#11699,#9279,#9280);
#7466=AXIS2_PLACEMENT_3D('',#11702,#9282,#9283);
#7467=AXIS2_PLACEMENT_3D('',#11703,#9284,#9285);
#7468=AXIS2_PLACEMENT_3D('',#11706,#9287,#9288);
#7469=AXIS2_PLACEMENT_3D('',#11707,#9289,#9290);
#7470=AXIS2_PLACEMENT_3D('',#11711,#9293,#9294);
#7471=AXIS2_PLACEMENT_3D('',#11714,#9296,#9297);
#7472=AXIS2_PLACEMENT_3D('',#11728,#9299,#9300);
#7473=AXIS2_PLACEMENT_3D('',#11731,#9302,#9303);
#7474=AXIS2_PLACEMENT_3D('',#11732,#9304,#9305);
#7475=AXIS2_PLACEMENT_3D('',#11735,#9307,#9308);
#7476=AXIS2_PLACEMENT_3D('',#11736,#9309,#9310);
#7477=AXIS2_PLACEMENT_3D('',#11739,#9312,#9313);
#7478=AXIS2_PLACEMENT_3D('',#11740,#9314,#9315);
#7479=AXIS2_PLACEMENT_3D('',#11743,#9317,#9318);
#7480=AXIS2_PLACEMENT_3D('',#11744,#9319,#9320);
#7481=AXIS2_PLACEMENT_3D('',#11748,#9323,#9324);
#7482=AXIS2_PLACEMENT_3D('',#11751,#9326,#9327);
#7483=AXIS2_PLACEMENT_3D('',#11752,#9328,#9329);
#7484=AXIS2_PLACEMENT_3D('',#11755,#9331,#9332);
#7485=AXIS2_PLACEMENT_3D('',#11756,#9333,#9334);
#7486=AXIS2_PLACEMENT_3D('',#11757,#9335,#9336);
#7487=AXIS2_PLACEMENT_3D('',#11758,#9337,#9338);
#7488=AXIS2_PLACEMENT_3D('',#11759,#9339,#9340);
#7489=AXIS2_PLACEMENT_3D('',#11765,#9344,#9345);
#7490=AXIS2_PLACEMENT_3D('',#11769,#9348,#9349);
#7491=AXIS2_PLACEMENT_3D('',#11773,#9352,#9353);
#7492=AXIS2_PLACEMENT_3D('',#11777,#9356,#9357);
#7493=AXIS2_PLACEMENT_3D('',#11779,#9359,#9360);
#7494=AXIS2_PLACEMENT_3D('',#11780,#9361,#9362);
#7495=AXIS2_PLACEMENT_3D('',#11783,#9364,#9365);
#7496=AXIS2_PLACEMENT_3D('',#11786,#9367,#9368);
#7497=AXIS2_PLACEMENT_3D('',#11789,#9370,#9371);
#7498=AXIS2_PLACEMENT_3D('',#11790,#9372,#9373);
#7499=AXIS2_PLACEMENT_3D('',#11793,#9375,#9376);
#7500=AXIS2_PLACEMENT_3D('',#11794,#9377,#9378);
#7501=AXIS2_PLACEMENT_3D('',#11798,#9381,#9382);
#7502=AXIS2_PLACEMENT_3D('',#11801,#9384,#9385);
#7503=AXIS2_PLACEMENT_3D('',#11802,#9386,#9387);
#7504=AXIS2_PLACEMENT_3D('',#11805,#9389,#9390);
#7505=AXIS2_PLACEMENT_3D('',#11819,#9392,#9393);
#7506=AXIS2_PLACEMENT_3D('',#11822,#9395,#9396);
#7507=AXIS2_PLACEMENT_3D('',#11823,#9397,#9398);
#7508=AXIS2_PLACEMENT_3D('',#11826,#9400,#9401);
#7509=AXIS2_PLACEMENT_3D('',#11827,#9402,#9403);
#7510=AXIS2_PLACEMENT_3D('',#11830,#9405,#9406);
#7511=AXIS2_PLACEMENT_3D('',#11831,#9407,#9408);
#7512=AXIS2_PLACEMENT_3D('',#11835,#9411,#9412);
#7513=AXIS2_PLACEMENT_3D('',#11839,#9415,#9416);
#7514=AXIS2_PLACEMENT_3D('',#11843,#9419,#9420);
#7515=AXIS2_PLACEMENT_3D('',#11846,#9422,#9423);
#7516=AXIS2_PLACEMENT_3D('',#11847,#9424,#9425);
#7517=AXIS2_PLACEMENT_3D('',#11850,#9427,#9428);
#7518=AXIS2_PLACEMENT_3D('',#11851,#9429,#9430);
#7519=AXIS2_PLACEMENT_3D('',#11852,#9431,#9432);
#7520=AXIS2_PLACEMENT_3D('',#11853,#9433,#9434);
#7521=AXIS2_PLACEMENT_3D('',#11854,#9435,#9436);
#7522=AXIS2_PLACEMENT_3D('',#11857,#9438,#9439);
#7523=AXIS2_PLACEMENT_3D('',#11886,#9443,#9444);
#7524=AXIS2_PLACEMENT_3D('',#11889,#9446,#9447);
#7525=AXIS2_PLACEMENT_3D('',#11890,#9448,#9449);
#7526=AXIS2_PLACEMENT_3D('',#11893,#9451,#9452);
#7527=AXIS2_PLACEMENT_3D('',#11894,#9453,#9454);
#7528=AXIS2_PLACEMENT_3D('',#11898,#9457,#9458);
#7529=AXIS2_PLACEMENT_3D('',#11901,#9460,#9461);
#7530=AXIS2_PLACEMENT_3D('',#11902,#9462,#9463);
#7531=AXIS2_PLACEMENT_3D('',#11905,#9465,#9466);
#7532=AXIS2_PLACEMENT_3D('',#11919,#9468,#9469);
#7533=AXIS2_PLACEMENT_3D('',#11922,#9471,#9472);
#7534=AXIS2_PLACEMENT_3D('',#11923,#9473,#9474);
#7535=AXIS2_PLACEMENT_3D('',#11926,#9476,#9477);
#7536=AXIS2_PLACEMENT_3D('',#11927,#9478,#9479);
#7537=AXIS2_PLACEMENT_3D('',#11931,#9482,#9483);
#7538=AXIS2_PLACEMENT_3D('',#11935,#9486,#9487);
#7539=AXIS2_PLACEMENT_3D('',#11939,#9490,#9491);
#7540=AXIS2_PLACEMENT_3D('',#11942,#9493,#9494);
#7541=AXIS2_PLACEMENT_3D('',#11943,#9495,#9496);
#7542=AXIS2_PLACEMENT_3D('',#11946,#9498,#9499);
#7543=AXIS2_PLACEMENT_3D('',#11947,#9500,#9501);
#7544=AXIS2_PLACEMENT_3D('',#11948,#9502,#9503);
#7545=AXIS2_PLACEMENT_3D('',#11949,#9504,#9505);
#7546=AXIS2_PLACEMENT_3D('',#11950,#9506,#9507);
#7547=AXIS2_PLACEMENT_3D('',#11956,#9511,#9512);
#7548=AXIS2_PLACEMENT_3D('',#11960,#9515,#9516);
#7549=AXIS2_PLACEMENT_3D('',#11964,#9519,#9520);
#7550=AXIS2_PLACEMENT_3D('',#11966,#9522,#9523);
#7551=DIRECTION('',(0.,0.,1.));
#7552=DIRECTION('',(1.,0.,0.));
#7553=DIRECTION('',(0.,1.,0.));
#7554=DIRECTION('',(0.,0.,1.));
#7555=DIRECTION('',(0.,0.,1.));
#7556=DIRECTION('',(1.,0.,0.));
#7557=DIRECTION('',(0.,0.,1.));
#7558=DIRECTION('',(1.,0.,0.));
#7559=DIRECTION('',(0.,0.,-1.));
#7560=DIRECTION('',(1.,0.,0.));
#7561=DIRECTION('',(0.,0.,-1.));
#7562=DIRECTION('',(1.,0.,0.));
#7563=DIRECTION('',(0.,0.,1.));
#7564=DIRECTION('',(-1.,0.,0.));
#7565=DIRECTION('',(0.,0.,-1.));
#7566=DIRECTION('',(0.63373256698288,0.,-0.773552217723723));
#7567=DIRECTION('',(0.780868809443028,0.,-0.624695047554427));
#7568=DIRECTION('',(-1.,0.,0.));
#7569=DIRECTION('',(0.,0.,-1.));
#7570=DIRECTION('',(1.,0.,0.));
#7571=DIRECTION('',(0.,0.,1.));
#7572=DIRECTION('',(-0.633523333201787,0.,0.773723585196224));
#7573=DIRECTION('',(-0.78086880944304,0.,0.624695047554413));
#7574=DIRECTION('',(1.,0.,0.));
#7575=DIRECTION('',(0.,0.,-1.));
#7576=DIRECTION('',(0.,1.,0.));
#7577=DIRECTION('',(0.,0.,1.));
#7578=DIRECTION('',(0.,1.,0.));
#7579=DIRECTION('',(0.,0.,1.));
#7580=DIRECTION('',(0.,1.,0.));
#7581=DIRECTION('',(0.,0.,1.));
#7582=DIRECTION('',(0.,1.,0.));
#7583=DIRECTION('',(0.,0.,1.));
#7584=DIRECTION('',(0.430769455075266,0.,-0.902462008382712));
#7585=DIRECTION('',(0.,1.,0.));
#7586=DIRECTION('',(0.,0.,1.));
#7587=DIRECTION('',(0.,1.,0.));
#7588=DIRECTION('',(0.,0.,1.));
#7589=DIRECTION('',(0.,1.,0.));
#7590=DIRECTION('',(0.,0.,1.));
#7591=DIRECTION('',(0.,1.,0.));
#7592=DIRECTION('',(0.,0.,1.));
#7593=DIRECTION('',(0.,1.,0.));
#7594=DIRECTION('',(0.,0.,1.));
#7595=DIRECTION('',(0.,0.,1.));
#7596=DIRECTION('',(0.,1.,0.));
#7597=DIRECTION('',(0.,0.,1.));
#7598=DIRECTION('',(0.,1.,0.));
#7599=DIRECTION('',(0.,0.,1.));
#7600=DIRECTION('',(0.,0.,1.));
#7601=DIRECTION('',(0.,1.,0.));
#7602=DIRECTION('',(0.,0.,1.));
#7603=DIRECTION('',(0.,1.,0.));
#7604=DIRECTION('',(0.,0.,1.));
#7605=DIRECTION('',(0.,1.,0.));
#7606=DIRECTION('',(0.,0.,1.));
#7607=DIRECTION('',(0.,1.,0.));
#7608=DIRECTION('',(0.,0.,1.));
#7609=DIRECTION('',(0.,1.,0.));
#7610=DIRECTION('',(0.,0.,1.));
#7611=DIRECTION('',(0.,1.,0.));
#7612=DIRECTION('',(0.,0.,1.));
#7613=DIRECTION('',(0.,1.,0.));
#7614=DIRECTION('',(0.,0.,1.));
#7615=DIRECTION('',(0.546149200527939,0.,0.83768791967098));
#7616=DIRECTION('',(0.,1.,0.));
#7617=DIRECTION('',(0.,0.,1.));
#7618=DIRECTION('',(0.,1.,0.));
#7619=DIRECTION('',(0.,0.,1.));
#7620=DIRECTION('',(0.,1.,0.));
#7621=DIRECTION('',(0.,0.,1.));
#7622=DIRECTION('',(0.,1.,0.));
#7623=DIRECTION('',(0.,0.,1.));
#7624=DIRECTION('',(0.,1.,0.));
#7625=DIRECTION('',(0.,0.,1.));
#7626=DIRECTION('',(0.,1.,0.));
#7627=DIRECTION('',(0.,0.,1.));
#7628=DIRECTION('',(0.,1.,0.));
#7629=DIRECTION('',(0.,0.,1.));
#7630=DIRECTION('',(0.,1.,0.));
#7631=DIRECTION('',(0.,0.,1.));
#7632=DIRECTION('',(-6.06772810984776E-17,-1.,8.22599630142008E-18));
#7633=DIRECTION('',(-0.980123607042199,0.,0.198387789237618));
#7634=DIRECTION('',(1.02460108175161E-13,-1.,-3.60120561612612E-15));
#7635=DIRECTION('',(-0.997551470881019,-1.02104868950891E-13,0.0699361347453211));
#7636=DIRECTION('',(0.,0.,-1.));
#7637=DIRECTION('',(0.,1.,0.));
#7638=DIRECTION('',(0.,0.,1.));
#7639=DIRECTION('',(0.,1.,0.));
#7640=DIRECTION('',(0.,0.,1.));
#7641=DIRECTION('',(0.,1.,0.));
#7642=DIRECTION('',(0.,0.,1.));
#7643=DIRECTION('',(0.,1.,0.));
#7644=DIRECTION('',(0.,0.,1.));
#7645=DIRECTION('',(0.,1.,0.));
#7646=DIRECTION('',(0.,0.,1.));
#7647=DIRECTION('',(0.,1.,0.));
#7648=DIRECTION('',(0.,0.,1.));
#7649=DIRECTION('',(0.,1.,0.));
#7650=DIRECTION('',(0.,0.,1.));
#7651=DIRECTION('',(-1.,0.,0.));
#7652=DIRECTION('',(0.,0.,-1.));
#7653=DIRECTION('',(1.,0.,0.));
#7654=DIRECTION('',(0.,1.,0.));
#7655=DIRECTION('',(0.,0.,1.));
#7656=DIRECTION('',(0.,1.,0.));
#7657=DIRECTION('',(0.,0.,1.));
#7658=DIRECTION('',(0.,1.,0.));
#7659=DIRECTION('',(0.,0.,1.));
#7660=DIRECTION('',(-1.,0.,0.));
#7661=DIRECTION('',(0.,1.,0.));
#7662=DIRECTION('',(0.,0.,1.));
#7663=DIRECTION('',(0.,1.,0.));
#7664=DIRECTION('',(0.,0.,1.));
#7665=DIRECTION('',(0.,1.,0.));
#7666=DIRECTION('',(0.,0.,1.));
#7667=DIRECTION('',(0.,1.,0.));
#7668=DIRECTION('',(0.,0.,1.));
#7669=DIRECTION('',(0.,1.,0.));
#7670=DIRECTION('',(0.,0.,1.));
#7671=DIRECTION('',(0.,1.,0.));
#7672=DIRECTION('',(0.,0.,1.));
#7673=DIRECTION('',(1.,0.,0.));
#7674=DIRECTION('',(0.,0.,1.));
#7675=DIRECTION('',(-1.,0.,0.));
#7676=DIRECTION('',(0.,1.,0.));
#7677=DIRECTION('',(0.,0.,1.));
#7678=DIRECTION('',(0.,1.,0.));
#7679=DIRECTION('',(0.,0.,1.));
#7680=DIRECTION('',(1.,0.,0.));
#7681=DIRECTION('',(0.,0.,1.));
#7682=DIRECTION('',(-1.,0.,0.));
#7683=DIRECTION('',(0.,0.,-1.));
#7684=DIRECTION('',(1.,0.,0.));
#7685=DIRECTION('',(0.,0.,1.));
#7686=DIRECTION('',(0.385363467663138,0.,-0.922764865927741));
#7687=DIRECTION('',(0.380210858525778,0.,0.924899834068041));
#7688=DIRECTION('',(-1.,0.,0.));
#7689=DIRECTION('',(-0.355141900956315,0.,-0.934812403739453));
#7690=DIRECTION('',(0.379652127370969,0.,-0.925129321869487));
#7691=DIRECTION('',(-1.,0.,0.));
#7692=DIRECTION('',(0.,1.,0.));
#7693=DIRECTION('',(0.,0.,1.));
#7694=DIRECTION('',(0.,1.,0.));
#7695=DIRECTION('',(0.,0.,1.));
#7696=DIRECTION('',(0.,1.,0.));
#7697=DIRECTION('',(0.,0.,1.));
#7698=DIRECTION('',(0.,1.,0.));
#7699=DIRECTION('',(0.,0.,1.));
#7700=DIRECTION('',(0.,1.,0.));
#7701=DIRECTION('',(0.,0.,1.));
#7702=DIRECTION('',(0.,1.,0.));
#7703=DIRECTION('',(0.,0.,1.));
#7704=DIRECTION('',(0.,1.,0.));
#7705=DIRECTION('',(0.,0.,1.));
#7706=DIRECTION('',(0.,1.,0.));
#7707=DIRECTION('',(0.,0.,1.));
#7708=DIRECTION('',(0.,1.,0.));
#7709=DIRECTION('',(0.,0.,1.));
#7710=DIRECTION('',(1.51085022899787E-17,-1.,-5.93391322417875E-17));
#7711=DIRECTION('',(0.201098032937123,0.,-0.97957112102635));
#7712=DIRECTION('',(0.,1.,0.));
#7713=DIRECTION('',(0.,0.,1.));
#7714=DIRECTION('',(0.935832870107387,0.,0.352444093760372));
#7715=DIRECTION('',(0.,1.,0.));
#7716=DIRECTION('',(0.,0.,1.));
#7717=DIRECTION('',(0.,1.,0.));
#7718=DIRECTION('',(0.,0.,1.));
#7719=DIRECTION('',(0.,1.,0.));
#7720=DIRECTION('',(0.,0.,1.));
#7721=DIRECTION('',(0.,1.,0.));
#7722=DIRECTION('',(0.,0.,1.));
#7723=DIRECTION('',(0.,1.,0.));
#7724=DIRECTION('',(0.,0.,1.));
#7725=DIRECTION('',(0.,1.,0.));
#7726=DIRECTION('',(0.,0.,1.));
#7727=DIRECTION('',(0.,1.,0.));
#7728=DIRECTION('',(0.,0.,1.));
#7729=DIRECTION('',(0.,1.,0.));
#7730=DIRECTION('',(0.,0.,1.));
#7731=DIRECTION('',(0.,1.,0.));
#7732=DIRECTION('',(0.,0.,1.));
#7733=DIRECTION('',(-0.38937312028085,0.,0.92108011226101));
#7734=DIRECTION('',(-0.335642230370245,0.,0.941989539852799));
#7735=DIRECTION('',(0.,0.,1.));
#7736=DIRECTION('',(-1.,0.,0.));
#7737=DIRECTION('',(0.,0.,-1.));
#7738=DIRECTION('',(0.633732566982879,0.,-0.773552217723723));
#7739=DIRECTION('',(0.78086880944304,0.,-0.624695047554413));
#7740=DIRECTION('',(-1.,0.,0.));
#7741=DIRECTION('',(0.,0.,-1.));
#7742=DIRECTION('',(1.,0.,0.));
#7743=DIRECTION('',(0.,0.,1.));
#7744=DIRECTION('',(-0.633523333201788,0.,0.773723585196223));
#7745=DIRECTION('',(-0.78086880944304,0.,0.624695047554413));
#7746=DIRECTION('',(1.,0.,0.));
#7747=DIRECTION('',(0.,0.,-1.));
#7748=DIRECTION('',(0.,1.,0.));
#7749=DIRECTION('',(0.,0.,1.));
#7750=DIRECTION('',(0.,1.,0.));
#7751=DIRECTION('',(0.,0.,1.));
#7752=DIRECTION('',(0.,1.,0.));
#7753=DIRECTION('',(0.,0.,1.));
#7754=DIRECTION('',(0.,1.,0.));
#7755=DIRECTION('',(0.,0.,1.));
#7756=DIRECTION('',(0.,1.,0.));
#7757=DIRECTION('',(0.,0.,1.));
#7758=DIRECTION('',(0.,1.,0.));
#7759=DIRECTION('',(0.,0.,1.));
#7760=DIRECTION('',(0.,1.,0.));
#7761=DIRECTION('',(0.,0.,1.));
#7762=DIRECTION('',(-1.,0.,0.));
#7763=DIRECTION('',(0.,0.,-1.));
#7764=DIRECTION('',(1.,0.,0.));
#7765=DIRECTION('',(0.,1.,0.));
#7766=DIRECTION('',(0.,0.,1.));
#7767=DIRECTION('',(0.,1.,0.));
#7768=DIRECTION('',(0.,0.,1.));
#7769=DIRECTION('',(0.,1.,0.));
#7770=DIRECTION('',(0.,0.,1.));
#7771=DIRECTION('',(0.,0.,1.));
#7772=DIRECTION('',(0.,1.,0.));
#7773=DIRECTION('',(0.,0.,1.));
#7774=DIRECTION('',(0.,0.,-1.));
#7775=DIRECTION('',(0.,1.,0.));
#7776=DIRECTION('',(0.,0.,1.));
#7777=DIRECTION('',(0.,1.,0.));
#7778=DIRECTION('',(0.,0.,1.));
#7779=DIRECTION('',(0.,1.,0.));
#7780=DIRECTION('',(0.,0.,1.));
#7781=DIRECTION('',(-1.,0.,0.));
#7782=DIRECTION('',(-0.218357398523753,0.,-0.975868867476537));
#7783=DIRECTION('',(0.,0.,-1.));
#7784=DIRECTION('',(1.,0.,0.));
#7785=DIRECTION('',(0.,0.,1.));
#7786=DIRECTION('',(0.,0.,-1.));
#7787=DIRECTION('',(0.,1.,0.));
#7788=DIRECTION('',(0.,0.,1.));
#7789=DIRECTION('',(0.,1.,0.));
#7790=DIRECTION('',(0.,0.,1.));
#7791=DIRECTION('',(0.,1.,0.));
#7792=DIRECTION('',(0.,0.,1.));
#7793=DIRECTION('',(0.,1.,0.));
#7794=DIRECTION('',(0.,0.,1.));
#7795=DIRECTION('',(0.43076945507528,0.,-0.902462008382706));
#7796=DIRECTION('',(0.,1.,0.));
#7797=DIRECTION('',(0.,0.,1.));
#7798=DIRECTION('',(0.,1.,0.));
#7799=DIRECTION('',(0.,0.,1.));
#7800=DIRECTION('',(0.,1.,0.));
#7801=DIRECTION('',(0.,0.,1.));
#7802=DIRECTION('',(0.,1.,0.));
#7803=DIRECTION('',(0.,0.,1.));
#7804=DIRECTION('',(0.,1.,0.));
#7805=DIRECTION('',(0.,0.,1.));
#7806=DIRECTION('',(0.,0.,1.));
#7807=DIRECTION('',(0.,1.,0.));
#7808=DIRECTION('',(0.,0.,1.));
#7809=DIRECTION('',(0.,1.,0.));
#7810=DIRECTION('',(0.,0.,1.));
#7811=DIRECTION('',(0.,0.,1.));
#7812=DIRECTION('',(0.,1.,0.));
#7813=DIRECTION('',(0.,0.,1.));
#7814=DIRECTION('',(0.,1.,0.));
#7815=DIRECTION('',(0.,0.,1.));
#7816=DIRECTION('',(0.,1.,0.));
#7817=DIRECTION('',(0.,0.,1.));
#7818=DIRECTION('',(0.,1.,0.));
#7819=DIRECTION('',(0.,0.,1.));
#7820=DIRECTION('',(0.,1.,0.));
#7821=DIRECTION('',(0.,0.,1.));
#7822=DIRECTION('',(0.,1.,0.));
#7823=DIRECTION('',(0.,0.,1.));
#7824=DIRECTION('',(0.,1.,0.));
#7825=DIRECTION('',(0.,0.,1.));
#7826=DIRECTION('',(0.546149200527949,0.,0.837687919670973));
#7827=DIRECTION('',(0.,1.,0.));
#7828=DIRECTION('',(0.,0.,1.));
#7829=DIRECTION('',(0.,1.,0.));
#7830=DIRECTION('',(0.,0.,1.));
#7831=DIRECTION('',(0.,1.,0.));
#7832=DIRECTION('',(0.,0.,1.));
#7833=DIRECTION('',(0.,1.,0.));
#7834=DIRECTION('',(0.,0.,1.));
#7835=DIRECTION('',(0.,1.,0.));
#7836=DIRECTION('',(0.,0.,1.));
#7837=DIRECTION('',(0.,1.,0.));
#7838=DIRECTION('',(0.,0.,1.));
#7839=DIRECTION('',(0.,1.,0.));
#7840=DIRECTION('',(0.,0.,1.));
#7841=DIRECTION('',(0.,1.,0.));
#7842=DIRECTION('',(0.,0.,1.));
#7843=DIRECTION('',(-6.0677281098478E-17,-1.,8.22599630141706E-18));
#7844=DIRECTION('',(-0.980123607042205,0.,0.198387789237586));
#7845=DIRECTION('',(1.02460108175161E-13,-1.,-3.60120561613702E-15));
#7846=DIRECTION('',(-0.997551470881003,-1.0210486895124E-13,0.0699361347455462));
#7847=DIRECTION('',(0.,0.,-1.));
#7848=DIRECTION('',(0.,1.,0.));
#7849=DIRECTION('',(0.,0.,1.));
#7850=DIRECTION('',(0.,1.,0.));
#7851=DIRECTION('',(0.,0.,1.));
#7852=DIRECTION('',(0.,1.,0.));
#7853=DIRECTION('',(0.,0.,1.));
#7854=DIRECTION('',(0.,1.,0.));
#7855=DIRECTION('',(0.,0.,1.));
#7856=DIRECTION('',(0.,1.,0.));
#7857=DIRECTION('',(0.,0.,1.));
#7858=DIRECTION('',(0.,1.,0.));
#7859=DIRECTION('',(0.,0.,1.));
#7860=DIRECTION('',(0.,1.,0.));
#7861=DIRECTION('',(0.,0.,1.));
#7862=DIRECTION('',(-1.,0.,0.));
#7863=DIRECTION('',(0.,0.,-1.));
#7864=DIRECTION('',(1.,0.,0.));
#7865=DIRECTION('',(0.,1.,0.));
#7866=DIRECTION('',(0.,0.,1.));
#7867=DIRECTION('',(0.,1.,0.));
#7868=DIRECTION('',(0.,0.,1.));
#7869=DIRECTION('',(0.,1.,0.));
#7870=DIRECTION('',(0.,0.,1.));
#7871=DIRECTION('',(0.,0.,-1.));
#7872=DIRECTION('',(0.,1.,0.));
#7873=DIRECTION('',(0.,0.,1.));
#7874=DIRECTION('',(0.,1.,0.));
#7875=DIRECTION('',(0.,0.,1.));
#7876=DIRECTION('',(0.,1.,0.));
#7877=DIRECTION('',(0.,0.,1.));
#7878=DIRECTION('',(0.,0.,-1.));
#7879=DIRECTION('',(0.,1.,0.));
#7880=DIRECTION('',(0.,0.,1.));
#7881=DIRECTION('',(0.,1.,0.));
#7882=DIRECTION('',(0.,0.,1.));
#7883=DIRECTION('',(-9.91880431886936E-19,-1.,-6.12243058749014E-17));
#7884=DIRECTION('',(-0.0322999537950402,0.,-0.999478220365426));
#7885=DIRECTION('',(-8.39131131930192E-15,-1.,2.62927754672124E-13));
#7886=DIRECTION('',(2.54996268692227E-5,-2.62358127656503E-13,-0.999999999674885));
#7887=DIRECTION('',(0.,1.,0.));
#7888=DIRECTION('',(0.,0.,1.));
#7889=DIRECTION('',(0.,1.,0.));
#7890=DIRECTION('',(0.,0.,1.));
#7891=DIRECTION('',(0.,1.,0.));
#7892=DIRECTION('',(0.,0.,1.));
#7893=DIRECTION('',(0.,1.,0.));
#7894=DIRECTION('',(0.,0.,1.));
#7895=DIRECTION('',(0.,1.,0.));
#7896=DIRECTION('',(0.,0.,1.));
#7897=DIRECTION('',(0.,0.,1.));
#7898=DIRECTION('',(-1.,0.,0.));
#7899=DIRECTION('',(-0.328520624941273,0.,-0.944496796706159));
#7900=DIRECTION('',(1.,0.,0.));
#7901=DIRECTION('',(0.327054115890723,0.,0.945005611242038));
#7902=DIRECTION('',(0.329984761804029,0.,-0.943986258892119));
#7903=DIRECTION('',(1.,0.,0.));
#7904=DIRECTION('',(-0.330715938967003,0.,0.943730346928175));
#7905=DIRECTION('',(-1.,0.,0.));
#7906=DIRECTION('',(-1.,0.,0.));
#7907=DIRECTION('',(-0.336218720762071,0.,-0.941783930532432));
#7908=DIRECTION('',(1.,0.,0.));
#7909=DIRECTION('',(-0.326277963269673,0.,0.945273870729851));
#7910=DIRECTION('',(0.,0.,-1.));
#7911=DIRECTION('',(0.,1.,0.));
#7912=DIRECTION('',(0.,0.,1.));
#7913=DIRECTION('',(0.,1.,0.));
#7914=DIRECTION('',(0.,0.,1.));
#7915=DIRECTION('',(0.,1.,0.));
#7916=DIRECTION('',(0.,0.,1.));
#7917=DIRECTION('',(0.,1.,0.));
#7918=DIRECTION('',(0.,0.,1.));
#7919=DIRECTION('',(0.43076945507527,0.,-0.902462008382711));
#7920=DIRECTION('',(0.,1.,0.));
#7921=DIRECTION('',(0.,0.,1.));
#7922=DIRECTION('',(0.,1.,0.));
#7923=DIRECTION('',(0.,0.,1.));
#7924=DIRECTION('',(0.,1.,0.));
#7925=DIRECTION('',(0.,0.,1.));
#7926=DIRECTION('',(0.,1.,0.));
#7927=DIRECTION('',(0.,0.,1.));
#7928=DIRECTION('',(0.,1.,0.));
#7929=DIRECTION('',(0.,0.,1.));
#7930=DIRECTION('',(0.,0.,1.));
#7931=DIRECTION('',(0.,1.,0.));
#7932=DIRECTION('',(0.,0.,1.));
#7933=DIRECTION('',(0.,1.,0.));
#7934=DIRECTION('',(0.,0.,1.));
#7935=DIRECTION('',(0.,0.,1.));
#7936=DIRECTION('',(0.,1.,0.));
#7937=DIRECTION('',(0.,0.,1.));
#7938=DIRECTION('',(0.,1.,0.));
#7939=DIRECTION('',(0.,0.,1.));
#7940=DIRECTION('',(0.,1.,0.));
#7941=DIRECTION('',(0.,0.,1.));
#7942=DIRECTION('',(0.,1.,0.));
#7943=DIRECTION('',(0.,0.,1.));
#7944=DIRECTION('',(0.,1.,0.));
#7945=DIRECTION('',(0.,0.,1.));
#7946=DIRECTION('',(0.,1.,0.));
#7947=DIRECTION('',(0.,0.,1.));
#7948=DIRECTION('',(0.,1.,0.));
#7949=DIRECTION('',(0.,0.,1.));
#7950=DIRECTION('',(0.546149200527937,0.,0.83768791967098));
#7951=DIRECTION('',(0.,1.,0.));
#7952=DIRECTION('',(0.,0.,1.));
#7953=DIRECTION('',(0.,1.,0.));
#7954=DIRECTION('',(0.,0.,1.));
#7955=DIRECTION('',(0.,1.,0.));
#7956=DIRECTION('',(0.,0.,1.));
#7957=DIRECTION('',(0.,1.,0.));
#7958=DIRECTION('',(0.,0.,1.));
#7959=DIRECTION('',(0.,1.,0.));
#7960=DIRECTION('',(0.,0.,1.));
#7961=DIRECTION('',(0.,1.,0.));
#7962=DIRECTION('',(0.,0.,1.));
#7963=DIRECTION('',(0.,1.,0.));
#7964=DIRECTION('',(0.,0.,1.));
#7965=DIRECTION('',(0.,1.,0.));
#7966=DIRECTION('',(0.,0.,1.));
#7967=DIRECTION('',(-6.06772810984778E-17,-1.,8.22599630141844E-18));
#7968=DIRECTION('',(-0.980123607042195,0.,0.198387789237637));
#7969=DIRECTION('',(1.02460108175161E-13,-1.,-3.60120561613463E-15));
#7970=DIRECTION('',(-0.997551470881006,-1.0210486895117E-13,0.069936134745499));
#7971=DIRECTION('',(-1.,0.,0.));
#7972=DIRECTION('',(-0.218357398523753,0.,-0.975868867476537));
#7973=DIRECTION('',(0.,0.,-1.));
#7974=DIRECTION('',(1.,0.,0.));
#7975=DIRECTION('',(0.,0.,1.));
#7976=DIRECTION('',(0.,1.,0.));
#7977=DIRECTION('',(0.,0.,1.));
#7978=DIRECTION('',(0.,1.,0.));
#7979=DIRECTION('',(0.,0.,1.));
#7980=DIRECTION('',(0.,1.,0.));
#7981=DIRECTION('',(0.,0.,1.));
#7982=DIRECTION('',(0.,1.,0.));
#7983=DIRECTION('',(0.,0.,1.));
#7984=DIRECTION('',(0.,1.,0.));
#7985=DIRECTION('',(0.,0.,1.));
#7986=DIRECTION('',(0.,0.,-1.));
#7987=DIRECTION('',(1.,0.,0.));
#7988=DIRECTION('',(0.,0.,1.));
#7989=DIRECTION('',(0.,1.,0.));
#7990=DIRECTION('',(0.,0.,1.));
#7991=DIRECTION('',(0.,1.,0.));
#7992=DIRECTION('',(0.,0.,1.));
#7993=DIRECTION('',(0.,1.,0.));
#7994=DIRECTION('',(0.,0.,1.));
#7995=DIRECTION('',(0.,1.,0.));
#7996=DIRECTION('',(0.,0.,1.));
#7997=DIRECTION('',(0.,1.,0.));
#7998=DIRECTION('',(0.,0.,1.));
#7999=DIRECTION('',(0.,0.,1.));
#8000=DIRECTION('',(0.,1.,0.));
#8001=DIRECTION('',(0.,0.,1.));
#8002=DIRECTION('',(0.,1.,0.));
#8003=DIRECTION('',(0.,0.,1.));
#8004=DIRECTION('',(0.,1.,0.));
#8005=DIRECTION('',(0.,0.,1.));
#8006=DIRECTION('',(0.,1.,0.));
#8007=DIRECTION('',(0.,0.,1.));
#8008=DIRECTION('',(0.,1.,0.));
#8009=DIRECTION('',(0.,0.,1.));
#8010=DIRECTION('',(0.,0.,-1.));
#8011=DIRECTION('',(1.,0.,0.));
#8012=DIRECTION('',(0.,0.,1.));
#8013=DIRECTION('',(0.,1.,0.));
#8014=DIRECTION('',(0.,0.,1.));
#8015=DIRECTION('',(0.,1.,0.));
#8016=DIRECTION('',(0.,0.,1.));
#8017=DIRECTION('',(0.,1.,0.));
#8018=DIRECTION('',(0.,0.,1.));
#8019=DIRECTION('',(0.,1.,0.));
#8020=DIRECTION('',(0.,0.,1.));
#8021=DIRECTION('',(0.,0.,1.));
#8022=DIRECTION('',(0.,1.,0.));
#8023=DIRECTION('',(0.,0.,1.));
#8024=DIRECTION('',(0.,1.,0.));
#8025=DIRECTION('',(0.,0.,1.));
#8026=DIRECTION('',(0.,0.,1.));
#8027=DIRECTION('',(-1.,0.,0.));
#8028=DIRECTION('',(0.,0.,-1.));
#8029=DIRECTION('',(1.,0.,0.));
#8030=DIRECTION('',(0.,0.,1.));
#8031=DIRECTION('',(1.,0.,0.));
#8032=DIRECTION('',(1.,0.,0.));
#8033=DIRECTION('',(0.,1.,0.));
#8034=DIRECTION('',(0.,-1.,0.));
#8035=DIRECTION('',(1.,0.,0.));
#8036=DIRECTION('',(0.,-1.,0.));
#8037=DIRECTION('',(0.,1.,0.));
#8038=DIRECTION('',(1.,0.,0.));
#8039=DIRECTION('',(0.,-1.,0.));
#8040=DIRECTION('',(1.,0.,0.));
#8041=DIRECTION('',(0.,-1.,0.));
#8042=DIRECTION('',(1.,0.,0.));
#8043=DIRECTION('',(0.,0.,-1.));
#8044=DIRECTION('',(0.,-1.,0.));
#8045=DIRECTION('',(0.,0.,-1.));
#8046=DIRECTION('',(0.,1.,0.));
#8047=DIRECTION('',(0.,0.,1.));
#8048=DIRECTION('',(1.,0.,0.));
#8049=DIRECTION('',(0.,0.,-1.));
#8050=DIRECTION('',(1.,0.,0.));
#8051=DIRECTION('',(0.,0.,-1.));
#8052=DIRECTION('',(0.,-1.,0.));
#8053=DIRECTION('',(0.,0.,1.));
#8054=DIRECTION('',(1.,0.,0.));
#8055=DIRECTION('',(0.,1.,0.));
#8056=DIRECTION('',(0.,0.,1.));
#8057=DIRECTION('',(1.,0.,0.));
#8058=DIRECTION('',(0.,0.,1.));
#8059=DIRECTION('',(0.,0.,-1.));
#8060=DIRECTION('',(1.,0.,0.));
#8061=DIRECTION('',(0.,0.,-1.));
#8062=DIRECTION('',(0.,0.,1.));
#8063=DIRECTION('',(1.,0.,0.));
#8064=DIRECTION('',(0.,0.,-1.));
#8065=DIRECTION('',(0.,-1.,0.));
#8066=DIRECTION('',(0.,0.,-1.));
#8067=DIRECTION('',(0.,1.,0.));
#8068=DIRECTION('',(0.,0.,1.));
#8069=DIRECTION('',(1.,0.,0.));
#8070=DIRECTION('',(0.,0.,-1.));
#8071=DIRECTION('',(1.,0.,0.));
#8072=DIRECTION('',(0.,0.,-1.));
#8073=DIRECTION('',(0.,-1.,0.));
#8074=DIRECTION('',(0.,0.,1.));
#8075=DIRECTION('',(1.,0.,0.));
#8076=DIRECTION('',(0.,0.,1.));
#8077=DIRECTION('',(1.,0.,0.));
#8078=DIRECTION('',(0.,0.,1.));
#8079=DIRECTION('',(1.,0.,0.));
#8080=DIRECTION('',(0.,0.,1.));
#8081=DIRECTION('',(1.,0.,0.));
#8082=DIRECTION('',(0.,0.,1.));
#8083=DIRECTION('',(1.,0.,0.));
#8084=DIRECTION('',(0.,0.,-1.));
#8085=DIRECTION('',(-1.,0.,0.));
#8086=DIRECTION('',(0.,0.,1.));
#8087=DIRECTION('',(1.,0.,0.));
#8088=DIRECTION('',(0.,0.,1.));
#8089=DIRECTION('',(1.,0.,0.));
#8090=DIRECTION('',(0.,0.,-1.));
#8091=DIRECTION('',(-1.,0.,0.));
#8092=DIRECTION('',(0.,0.,1.));
#8093=DIRECTION('',(1.,0.,0.));
#8094=DIRECTION('',(0.,0.,1.));
#8095=DIRECTION('',(1.,0.,0.));
#8096=DIRECTION('',(0.,0.,-1.));
#8097=DIRECTION('',(-1.,0.,0.));
#8098=DIRECTION('',(0.,0.,1.));
#8099=DIRECTION('',(1.,0.,0.));
#8100=DIRECTION('',(0.,0.,1.));
#8101=DIRECTION('',(1.,0.,0.));
#8102=DIRECTION('',(0.,0.,-1.));
#8103=DIRECTION('',(-1.,0.,0.));
#8104=DIRECTION('',(0.,0.,1.));
#8105=DIRECTION('',(1.,0.,0.));
#8106=DIRECTION('',(0.,0.,1.));
#8107=DIRECTION('',(1.,0.,0.));
#8108=DIRECTION('',(0.,0.,1.));
#8109=DIRECTION('',(1.,0.,0.));
#8110=DIRECTION('',(0.,1.,0.));
#8111=DIRECTION('',(0.,1.,0.));
#8112=DIRECTION('',(-1.,0.,0.));
#8113=DIRECTION('',(0.,0.,1.));
#8114=DIRECTION('',(-1.,0.,0.));
#8115=DIRECTION('',(0.,0.,1.));
#8116=DIRECTION('',(0.,0.,-1.));
#8117=DIRECTION('',(-1.,0.,0.));
#8118=DIRECTION('',(0.,1.,0.));
#8119=DIRECTION('',(-1.,0.,0.));
#8120=DIRECTION('',(0.,1.,0.));
#8121=DIRECTION('',(-1.,0.,0.));
#8122=DIRECTION('',(0.,0.,1.));
#8123=DIRECTION('',(0.,1.,0.));
#8124=DIRECTION('',(0.,0.,1.));
#8125=DIRECTION('',(0.,0.,1.));
#8126=DIRECTION('',(1.,0.,0.));
#8127=DIRECTION('',(0.,1.,0.));
#8128=DIRECTION('',(1.,0.,0.));
#8129=DIRECTION('',(-0.624695047554413,0.,-0.78086880944304));
#8130=DIRECTION('',(-0.78086880944304,0.,0.624695047554413));
#8131=DIRECTION('',(0.,1.,0.));
#8132=DIRECTION('',(-0.78086880944304,0.,0.624695047554413));
#8133=DIRECTION('',(-0.773723585196223,0.,-0.633523333201787));
#8134=DIRECTION('',(-0.633523333201787,0.,0.773723585196224));
#8135=DIRECTION('',(0.,1.,0.));
#8136=DIRECTION('',(-0.633523333201787,0.,0.773723585196224));
#8137=DIRECTION('',(-1.,0.,0.));
#8138=DIRECTION('',(0.,0.,1.));
#8139=DIRECTION('',(0.,1.,0.));
#8140=DIRECTION('',(0.,0.,1.));
#8141=DIRECTION('',(0.,0.,1.));
#8142=DIRECTION('',(1.,0.,0.));
#8143=DIRECTION('',(0.,1.,0.));
#8144=DIRECTION('',(1.,0.,0.));
#8145=DIRECTION('',(1.,0.,0.));
#8146=DIRECTION('',(0.,0.,-1.));
#8147=DIRECTION('',(0.,1.,0.));
#8148=DIRECTION('',(0.,0.,-1.));
#8149=DIRECTION('',(0.,0.,-1.));
#8150=DIRECTION('',(-1.,0.,0.));
#8151=DIRECTION('',(0.,1.,0.));
#8152=DIRECTION('',(-1.,0.,0.));
#8153=DIRECTION('',(0.624695047554427,0.,0.780868809443028));
#8154=DIRECTION('',(0.780868809443028,0.,-0.624695047554427));
#8155=DIRECTION('',(0.,1.,0.));
#8156=DIRECTION('',(0.780868809443028,0.,-0.624695047554427));
#8157=DIRECTION('',(0.773552217723723,0.,0.63373256698288));
#8158=DIRECTION('',(0.63373256698288,0.,-0.773552217723723));
#8159=DIRECTION('',(0.,1.,0.));
#8160=DIRECTION('',(0.63373256698288,0.,-0.773552217723723));
#8161=DIRECTION('',(1.,0.,0.));
#8162=DIRECTION('',(0.,0.,-1.));
#8163=DIRECTION('',(0.,0.,-1.));
#8164=DIRECTION('',(0.,1.,0.));
#8165=DIRECTION('',(-1.,0.,0.));
#8166=DIRECTION('',(0.,1.,0.));
#8167=DIRECTION('',(0.999280771640524,0.,-0.0379201718023473));
#8168=DIRECTION('',(0.,1.,0.));
#8169=DIRECTION('',(0.,1.,0.));
#8170=DIRECTION('',(0.,0.,1.));
#8171=DIRECTION('',(0.,1.,0.));
#8172=DIRECTION('',(1.,0.,0.));
#8173=DIRECTION('',(0.,0.,-1.));
#8174=DIRECTION('',(0.,1.,0.));
#8175=DIRECTION('',(0.,0.,-1.));
#8176=DIRECTION('',(0.,1.,0.));
#8177=DIRECTION('',(-0.999386145961698,0.,0.035033287882018));
#8178=DIRECTION('',(0.,1.,0.));
#8179=DIRECTION('',(5.54157008623926E-14,-1.,-1.94771737724548E-15));
#8180=DIRECTION('',(-0.997551470881019,-5.580149814758E-14,0.0699361347453211));
#8181=DIRECTION('',(0.,1.,0.));
#8182=DIRECTION('',(-0.991025967696345,0.,0.133669485491352));
#8183=DIRECTION('',(0.,1.,0.));
#8184=DIRECTION('',(3.77847949323842E-14,-1.,-5.12247051510531E-15));
#8185=DIRECTION('',(-0.980123607042199,-3.90813420553943E-14,0.198387789237618));
#8186=DIRECTION('',(0.,1.,0.));
#8187=DIRECTION('',(-0.91893984731818,0.,0.394397714256613));
#8188=DIRECTION('',(0.,1.,0.));
#8189=DIRECTION('',(0.,1.,0.));
#8190=DIRECTION('',(0.,0.,1.));
#8191=DIRECTION('',(0.,1.,0.));
#8192=DIRECTION('',(-0.673681736328087,0.,0.739021595177011));
#8193=DIRECTION('',(0.,1.,0.));
#8194=DIRECTION('',(0.,1.,0.));
#8195=DIRECTION('',(0.,0.,1.));
#8196=DIRECTION('',(0.,1.,0.));
#8197=DIRECTION('',(-0.360729591947855,0.,0.932670446349156));
#8198=DIRECTION('',(0.,1.,0.));
#8199=DIRECTION('',(0.,1.,0.));
#8200=DIRECTION('',(0.,0.,1.));
#8201=DIRECTION('',(0.,1.,0.));
#8202=DIRECTION('',(-0.102492504142243,0.,0.994733776743633));
#8203=DIRECTION('',(0.,1.,0.));
#8204=DIRECTION('',(0.,1.,0.));
#8205=DIRECTION('',(0.,0.,1.));
#8206=DIRECTION('',(0.,1.,0.));
#8207=DIRECTION('',(0.0874578014308218,0.,0.996168225235521));
#8208=DIRECTION('',(0.,1.,0.));
#8209=DIRECTION('',(0.,1.,0.));
#8210=DIRECTION('',(0.,0.,1.));
#8211=DIRECTION('',(0.,1.,0.));
#8212=DIRECTION('',(0.249503215840793,0.,0.968373969747794));
#8213=DIRECTION('',(0.,1.,0.));
#8214=DIRECTION('',(0.,1.,0.));
#8215=DIRECTION('',(0.,0.,1.));
#8216=DIRECTION('',(0.,1.,0.));
#8217=DIRECTION('',(0.409243043505151,0.,0.912425411385852));
#8218=DIRECTION('',(0.,1.,0.));
#8219=DIRECTION('',(0.,1.,0.));
#8220=DIRECTION('',(0.,0.,1.));
#8221=DIRECTION('',(0.,1.,0.));
#8222=DIRECTION('',(0.610765521308718,0.,0.791811516701096));
#8223=DIRECTION('',(0.,1.,0.));
#8224=DIRECTION('',(0.,1.,0.));
#8225=DIRECTION('',(0.,0.,1.));
#8226=DIRECTION('',(-0.83768791967098,0.,0.546149200527939));
#8227=DIRECTION('',(0.546149200527939,0.,0.83768791967098));
#8228=DIRECTION('',(0.,1.,0.));
#8229=DIRECTION('',(0.546149200527939,0.,0.83768791967098));
#8230=DIRECTION('',(0.,1.,0.));
#8231=DIRECTION('',(0.604344557869287,0.,0.796723073202839));
#8232=DIRECTION('',(0.,1.,0.));
#8233=DIRECTION('',(0.,1.,0.));
#8234=DIRECTION('',(0.,0.,1.));
#8235=DIRECTION('',(0.,1.,0.));
#8236=DIRECTION('',(0.498701890435537,0.,0.866773571629882));
#8237=DIRECTION('',(0.,1.,0.));
#8238=DIRECTION('',(0.,1.,0.));
#8239=DIRECTION('',(0.,0.,1.));
#8240=DIRECTION('',(0.,1.,0.));
#8241=DIRECTION('',(0.340083645518188,0.,0.940395190359383));
#8242=DIRECTION('',(0.,1.,0.));
#8243=DIRECTION('',(0.,1.,0.));
#8244=DIRECTION('',(0.,0.,1.));
#8245=DIRECTION('',(0.,1.,0.));
#8246=DIRECTION('',(0.131937746636899,0.,0.991258004261442));
#8247=DIRECTION('',(0.,1.,0.));
#8248=DIRECTION('',(0.,1.,0.));
#8249=DIRECTION('',(0.,0.,1.));
#8250=DIRECTION('',(0.,1.,0.));
#8251=DIRECTION('',(-0.08717600921186,0.,0.996192924798151));
#8252=DIRECTION('',(0.,1.,0.));
#8253=DIRECTION('',(0.,1.,0.));
#8254=DIRECTION('',(0.,0.,1.));
#8255=DIRECTION('',(0.,1.,0.));
#8256=DIRECTION('',(-0.497511448061744,0.,0.867457410509303));
#8257=DIRECTION('',(0.,1.,0.));
#8258=DIRECTION('',(0.,1.,0.));
#8259=DIRECTION('',(0.,0.,1.));
#8260=DIRECTION('',(0.,1.,0.));
#8261=DIRECTION('',(0.,1.,0.));
#8262=DIRECTION('',(-0.997474033564797,0.,0.0710320516666479));
#8263=DIRECTION('',(0.,1.,0.));
#8264=DIRECTION('',(0.,1.,0.));
#8265=DIRECTION('',(0.,0.,1.));
#8266=DIRECTION('',(-1.,0.,0.));
#8267=DIRECTION('',(0.,0.,1.));
#8268=DIRECTION('',(0.,1.,0.));
#8269=DIRECTION('',(0.,0.,1.));
#8270=DIRECTION('',(0.,1.,0.));
#8271=DIRECTION('',(-0.71606687276233,0.,-0.698031685335542));
#8272=DIRECTION('',(0.,1.,0.));
#8273=DIRECTION('',(0.,1.,0.));
#8274=DIRECTION('',(0.,0.,1.));
#8275=DIRECTION('',(0.,1.,0.));
#8276=DIRECTION('',(-0.40813764494481,0.,-0.912920403309568));
#8277=DIRECTION('',(0.,1.,0.));
#8278=DIRECTION('',(0.,1.,0.));
#8279=DIRECTION('',(0.,0.,1.));
#8280=DIRECTION('',(-1.,0.,0.));
#8281=DIRECTION('',(0.,0.,1.));
#8282=DIRECTION('',(0.,1.,0.));
#8283=DIRECTION('',(0.,0.,1.));
#8284=DIRECTION('',(0.,1.,0.));
#8285=DIRECTION('',(-0.399897523404807,0.,-0.916559856624051));
#8286=DIRECTION('',(0.,1.,0.));
#8287=DIRECTION('',(0.,1.,0.));
#8288=DIRECTION('',(0.,0.,1.));
#8289=DIRECTION('',(0.,1.,0.));
#8290=DIRECTION('',(0.,1.,0.));
#8291=DIRECTION('',(0.897655925874099,0.,-0.440696991983284));
#8292=DIRECTION('',(0.,1.,0.));
#8293=DIRECTION('',(0.,1.,0.));
#8294=DIRECTION('',(0.,0.,1.));
#8295=DIRECTION('',(0.,1.,0.));
#8296=DIRECTION('',(0.73013826539875,0.,-0.68329943172851));
#8297=DIRECTION('',(0.,1.,0.));
#8298=DIRECTION('',(0.,1.,0.));
#8299=DIRECTION('',(0.,0.,1.));
#8300=DIRECTION('',(0.,1.,0.));
#8301=DIRECTION('',(0.51604497335837,0.,-0.856561489603379));
#8302=DIRECTION('',(0.,1.,0.));
#8303=DIRECTION('',(0.,1.,0.));
#8304=DIRECTION('',(0.,0.,1.));
#8305=DIRECTION('',(0.,1.,0.));
#8306=DIRECTION('',(0.206702163641706,0.,-0.978403912270304));
#8307=DIRECTION('',(0.,1.,0.));
#8308=DIRECTION('',(0.,1.,0.));
#8309=DIRECTION('',(0.,0.,1.));
#8310=DIRECTION('',(0.902462008382712,0.,0.430769455075266));
#8311=DIRECTION('',(0.430769455075266,0.,-0.902462008382712));
#8312=DIRECTION('',(0.,1.,0.));
#8313=DIRECTION('',(0.430769455075266,0.,-0.902462008382712));
#8314=DIRECTION('',(0.,1.,0.));
#8315=DIRECTION('',(0.684547064982873,0.,-0.72896866587209));
#8316=DIRECTION('',(0.,1.,0.));
#8317=DIRECTION('',(0.,1.,0.));
#8318=DIRECTION('',(0.,0.,1.));
#8319=DIRECTION('',(0.,1.,0.));
#8320=DIRECTION('',(0.949138890881671,0.,-0.314857691371691));
#8321=DIRECTION('',(0.,1.,0.));
#8322=DIRECTION('',(0.,1.,0.));
#8323=DIRECTION('',(0.,0.,1.));
#8324=DIRECTION('',(0.,1.,0.));
#8325=DIRECTION('',(0.992104459056935,0.,-0.125414282756579));
#8326=DIRECTION('',(0.,1.,0.));
#8327=DIRECTION('',(0.,0.,1.));
#8328=DIRECTION('',(0.,1.,0.));
#8329=DIRECTION('',(-1.,0.,0.));
#8330=DIRECTION('',(0.,1.,0.));
#8331=DIRECTION('',(0.,1.,0.));
#8332=DIRECTION('',(0.,1.,0.));
#8333=DIRECTION('',(0.,1.,0.));
#8334=DIRECTION('',(0.703455455049273,0.,0.710739349383035));
#8335=DIRECTION('',(0.,1.,0.));
#8336=DIRECTION('',(0.,1.,0.));
#8337=DIRECTION('',(0.,0.,1.));
#8338=DIRECTION('',(0.,1.,0.));
#8339=DIRECTION('',(0.34296308156144,0.,0.939348883368624));
#8340=DIRECTION('',(0.,1.,0.));
#8341=DIRECTION('',(0.,1.,0.));
#8342=DIRECTION('',(0.,0.,1.));
#8343=DIRECTION('',(0.,1.,0.));
#8344=DIRECTION('',(0.0931520642695669,0.,0.995651893445856));
#8345=DIRECTION('',(0.,1.,0.));
#8346=DIRECTION('',(0.,1.,0.));
#8347=DIRECTION('',(0.,0.,1.));
#8348=DIRECTION('',(0.,0.,1.));
#8349=DIRECTION('',(1.,0.,0.));
#8350=DIRECTION('',(0.,1.,0.));
#8351=DIRECTION('',(1.,0.,0.));
#8352=DIRECTION('',(1.,0.,0.));
#8353=DIRECTION('',(0.,0.,-1.));
#8354=DIRECTION('',(0.,1.,0.));
#8355=DIRECTION('',(0.,0.,-1.));
#8356=DIRECTION('',(0.,0.,-1.));
#8357=DIRECTION('',(-1.,0.,0.));
#8358=DIRECTION('',(0.,1.,0.));
#8359=DIRECTION('',(-1.,0.,0.));
#8360=DIRECTION('',(0.,1.,0.));
#8361=DIRECTION('',(0.131383288424659,0.,0.991331645577162));
#8362=DIRECTION('',(0.,1.,0.));
#8363=DIRECTION('',(0.,1.,0.));
#8364=DIRECTION('',(0.,0.,1.));
#8365=DIRECTION('',(0.,1.,0.));
#8366=DIRECTION('',(0.420656938311581,0.,0.907219786077402));
#8367=DIRECTION('',(0.,1.,0.));
#8368=DIRECTION('',(0.,1.,0.));
#8369=DIRECTION('',(0.,0.,1.));
#8370=DIRECTION('',(0.,1.,0.));
#8371=DIRECTION('',(0.739209970403495,0.,0.673475032689456));
#8372=DIRECTION('',(0.,1.,0.));
#8373=DIRECTION('',(0.,1.,0.));
#8374=DIRECTION('',(0.,0.,1.));
#8375=DIRECTION('',(0.,1.,0.));
#8376=DIRECTION('',(0.,1.,0.));
#8377=DIRECTION('',(0.,1.,0.));
#8378=DIRECTION('',(0.813084583541851,0.,-0.582145565994086));
#8379=DIRECTION('',(0.,1.,0.));
#8380=DIRECTION('',(0.,1.,0.));
#8381=DIRECTION('',(0.,0.,1.));
#8382=DIRECTION('',(0.,1.,0.));
#8383=DIRECTION('',(0.464455841803977,0.,-0.885596279923397));
#8384=DIRECTION('',(0.,1.,0.));
#8385=DIRECTION('',(0.,1.,0.));
#8386=DIRECTION('',(0.,0.,1.));
#8387=DIRECTION('',(0.,1.,0.));
#8388=DIRECTION('',(0.136455654800711,0.,-0.99064618016369));
#8389=DIRECTION('',(0.,1.,0.));
#8390=DIRECTION('',(0.,1.,0.));
#8391=DIRECTION('',(0.,0.,1.));
#8392=DIRECTION('',(0.,1.,0.));
#8393=DIRECTION('',(-0.0859986148650531,0.,-0.996295256558663));
#8394=DIRECTION('',(0.,1.,0.));
#8395=DIRECTION('',(0.,1.,0.));
#8396=DIRECTION('',(0.,0.,1.));
#8397=DIRECTION('',(1.,0.,0.));
#8398=DIRECTION('',(0.,0.,-1.));
#8399=DIRECTION('',(0.,1.,0.));
#8400=DIRECTION('',(0.,0.,-1.));
#8401=DIRECTION('',(0.,1.,0.));
#8402=DIRECTION('',(-1.,0.,0.));
#8403=DIRECTION('',(0.,1.,0.));
#8404=DIRECTION('',(0.,1.,0.));
#8405=DIRECTION('',(0.,0.,-1.));
#8406=DIRECTION('',(-1.,0.,0.));
#8407=DIRECTION('',(0.,1.,0.));
#8408=DIRECTION('',(-1.,0.,0.));
#8409=DIRECTION('',(-1.,0.,0.));
#8410=DIRECTION('',(0.,0.,1.));
#8411=DIRECTION('',(0.,1.,0.));
#8412=DIRECTION('',(0.,0.,1.));
#8413=DIRECTION('',(0.,0.,1.));
#8414=DIRECTION('',(1.,0.,0.));
#8415=DIRECTION('',(0.,1.,0.));
#8416=DIRECTION('',(1.,0.,0.));
#8417=DIRECTION('',(0.,1.,0.));
#8418=DIRECTION('',(0.,1.,0.));
#8419=DIRECTION('',(0.,1.,0.));
#8420=DIRECTION('',(-0.887417715172625,0.,0.460966157974528));
#8421=DIRECTION('',(0.,1.,0.));
#8422=DIRECTION('',(0.,1.,0.));
#8423=DIRECTION('',(0.,0.,1.));
#8424=DIRECTION('',(0.,1.,0.));
#8425=DIRECTION('',(-0.992841563372499,0.,0.119438812954802));
#8426=DIRECTION('',(0.,1.,0.));
#8427=DIRECTION('',(0.,1.,0.));
#8428=DIRECTION('',(0.,0.,1.));
#8429=DIRECTION('',(0.,1.,0.));
#8430=DIRECTION('',(0.,1.,0.));
#8431=DIRECTION('',(0.,0.,-1.));
#8432=DIRECTION('',(-1.,0.,0.));
#8433=DIRECTION('',(0.,1.,0.));
#8434=DIRECTION('',(-1.,0.,0.));
#8435=DIRECTION('',(-1.,0.,0.));
#8436=DIRECTION('',(0.,0.,1.));
#8437=DIRECTION('',(0.,1.,0.));
#8438=DIRECTION('',(0.,0.,1.));
#8439=DIRECTION('',(0.,0.,1.));
#8440=DIRECTION('',(1.,0.,0.));
#8441=DIRECTION('',(0.,1.,0.));
#8442=DIRECTION('',(1.,0.,0.));
#8443=DIRECTION('',(0.,1.,0.));
#8444=DIRECTION('',(-0.0756690461936704,0.,-0.997132987844721));
#8445=DIRECTION('',(0.,1.,0.));
#8446=DIRECTION('',(0.,1.,0.));
#8447=DIRECTION('',(0.,0.,1.));
#8448=DIRECTION('',(0.,1.,0.));
#8449=DIRECTION('',(-0.238328101472195,0.,-0.971184697186204));
#8450=DIRECTION('',(0.,1.,0.));
#8451=DIRECTION('',(0.,1.,0.));
#8452=DIRECTION('',(0.,0.,1.));
#8453=DIRECTION('',(0.,1.,0.));
#8454=DIRECTION('',(-0.456195732658723,0.,-0.88987946009781));
#8455=DIRECTION('',(0.,1.,0.));
#8456=DIRECTION('',(0.,1.,0.));
#8457=DIRECTION('',(0.,0.,1.));
#8458=DIRECTION('',(0.,1.,0.));
#8459=DIRECTION('',(-0.70852095730076,0.,-0.70568977112157));
#8460=DIRECTION('',(0.,1.,0.));
#8461=DIRECTION('',(0.,1.,0.));
#8462=DIRECTION('',(0.,0.,1.));
#8463=DIRECTION('',(0.,1.,0.));
#8464=DIRECTION('',(0.,1.,0.));
#8465=DIRECTION('',(0.,1.,0.));
#8466=DIRECTION('',(-0.984358760698917,0.,0.176175566510492));
#8467=DIRECTION('',(0.,1.,0.));
#8468=DIRECTION('',(0.,1.,0.));
#8469=DIRECTION('',(0.,0.,1.));
#8470=DIRECTION('',(0.,1.,0.));
#8471=DIRECTION('',(-0.848882436305139,0.,0.52858169598715));
#8472=DIRECTION('',(0.,1.,0.));
#8473=DIRECTION('',(0.,1.,0.));
#8474=DIRECTION('',(0.,0.,1.));
#8475=DIRECTION('',(0.,1.,0.));
#8476=DIRECTION('',(-1.,0.,0.));
#8477=DIRECTION('',(1.,0.,0.));
#8478=DIRECTION('',(0.,0.,-1.));
#8479=DIRECTION('',(0.,1.,0.));
#8480=DIRECTION('',(0.,0.,-1.));
#8481=DIRECTION('',(0.,1.,0.));
#8482=DIRECTION('',(0.,0.,-1.));
#8483=DIRECTION('',(-1.,0.,0.));
#8484=DIRECTION('',(0.,1.,0.));
#8485=DIRECTION('',(-1.,0.,0.));
#8486=DIRECTION('',(-1.,0.,0.));
#8487=DIRECTION('',(0.,0.,1.));
#8488=DIRECTION('',(0.,1.,0.));
#8489=DIRECTION('',(0.,0.,1.));
#8490=DIRECTION('',(0.,0.,1.));
#8491=DIRECTION('',(1.,0.,0.));
#8492=DIRECTION('',(1.,0.,0.));
#8493=DIRECTION('',(0.,1.,0.));
#8494=DIRECTION('',(-1.,0.,0.));
#8495=DIRECTION('',(-0.924899834068042,0.,0.380210858525778));
#8496=DIRECTION('',(0.380210858525778,0.,0.924899834068042));
#8497=DIRECTION('',(0.,1.,0.));
#8498=DIRECTION('',(0.380210858525778,0.,0.924899834068041));
#8499=DIRECTION('',(0.,1.,0.));
#8500=DIRECTION('',(0.922764865927741,0.,0.385363467663138));
#8501=DIRECTION('',(0.385363467663138,0.,-0.922764865927741));
#8502=DIRECTION('',(0.,1.,0.));
#8503=DIRECTION('',(0.385363467663138,0.,-0.922764865927741));
#8504=DIRECTION('',(0.925129321869487,0.,0.379652127370969));
#8505=DIRECTION('',(0.379652127370969,0.,-0.925129321869487));
#8506=DIRECTION('',(0.,1.,0.));
#8507=DIRECTION('',(0.379652127370969,0.,-0.925129321869487));
#8508=DIRECTION('',(0.934812403739453,0.,-0.355141900956315));
#8509=DIRECTION('',(-0.355141900956315,0.,-0.934812403739453));
#8510=DIRECTION('',(0.,1.,0.));
#8511=DIRECTION('',(-0.355141900956315,0.,-0.934812403739453));
#8512=DIRECTION('',(0.,0.,-1.));
#8513=DIRECTION('',(-1.,0.,0.));
#8514=DIRECTION('',(-1.,0.,0.));
#8515=DIRECTION('',(0.,1.,0.));
#8516=DIRECTION('',(-1.,0.,0.));
#8517=DIRECTION('',(0.,1.,0.));
#8518=DIRECTION('',(-0.935823277776064,0.,-0.352469562902193));
#8519=DIRECTION('',(0.,1.,0.));
#8520=DIRECTION('',(0.,1.,0.));
#8521=DIRECTION('',(0.,0.,1.));
#8522=DIRECTION('',(0.,1.,0.));
#8523=DIRECTION('',(0.,0.,-1.));
#8524=DIRECTION('',(-1.,0.,0.));
#8525=DIRECTION('',(0.,1.,0.));
#8526=DIRECTION('',(-1.,0.,0.));
#8527=DIRECTION('',(-0.941989539852799,0.,-0.335642230370245));
#8528=DIRECTION('',(-0.335642230370245,0.,0.941989539852799));
#8529=DIRECTION('',(0.,1.,0.));
#8530=DIRECTION('',(-0.335642230370245,0.,0.941989539852799));
#8531=DIRECTION('',(-0.92108011226101,0.,-0.38937312028085));
#8532=DIRECTION('',(-0.38937312028085,0.,0.92108011226101));
#8533=DIRECTION('',(0.,1.,0.));
#8534=DIRECTION('',(-0.38937312028085,0.,0.92108011226101));
#8535=DIRECTION('',(0.,1.,0.));
#8536=DIRECTION('',(-0.898345761124623,0.,-0.439289077339082));
#8537=DIRECTION('',(0.,1.,0.));
#8538=DIRECTION('',(0.,1.,0.));
#8539=DIRECTION('',(0.,0.,1.));
#8540=DIRECTION('',(0.,1.,0.));
#8541=DIRECTION('',(-0.749656874732818,0.,-0.661826691941194));
#8542=DIRECTION('',(0.,1.,0.));
#8543=DIRECTION('',(0.,1.,0.));
#8544=DIRECTION('',(0.,0.,1.));
#8545=DIRECTION('',(0.,1.,0.));
#8546=DIRECTION('',(-0.370620612429917,0.,-0.928784346143965));
#8547=DIRECTION('',(0.,1.,0.));
#8548=DIRECTION('',(0.,1.,0.));
#8549=DIRECTION('',(0.,0.,1.));
#8550=DIRECTION('',(0.,1.,0.));
#8551=DIRECTION('',(-0.055660333798818,0.,-0.998449762001777));
#8552=DIRECTION('',(0.,1.,0.));
#8553=DIRECTION('',(0.,1.,0.));
#8554=DIRECTION('',(0.,0.,1.));
#8555=DIRECTION('',(0.,1.,0.));
#8556=DIRECTION('',(0.183795188335908,0.,-0.982964561286198));
#8557=DIRECTION('',(0.,1.,0.));
#8558=DIRECTION('',(0.,1.,0.));
#8559=DIRECTION('',(0.,0.,1.));
#8560=DIRECTION('',(0.,1.,0.));
#8561=DIRECTION('',(-0.183795188335611,0.,0.982964561286254));
#8562=DIRECTION('',(0.,1.,0.));
#8563=DIRECTION('',(0.,1.,0.));
#8564=DIRECTION('',(0.,0.,1.));
#8565=DIRECTION('',(0.,1.,0.));
#8566=DIRECTION('',(0.950065693502178,0.,0.312049960791899));
#8567=DIRECTION('',(0.,1.,0.));
#8568=DIRECTION('',(0.,1.,0.));
#8569=DIRECTION('',(0.,0.,1.));
#8570=DIRECTION('',(0.,1.,0.));
#8571=DIRECTION('',(0.972028863495636,0.,0.234861424102345));
#8572=DIRECTION('',(0.,1.,0.));
#8573=DIRECTION('',(0.,1.,0.));
#8574=DIRECTION('',(0.,0.,1.));
#8575=DIRECTION('',(0.,1.,0.));
#8576=DIRECTION('',(0.973245185188065,0.,0.229769035138002));
#8577=DIRECTION('',(0.,1.,0.));
#8578=DIRECTION('',(0.,1.,0.));
#8579=DIRECTION('',(0.,0.,1.));
#8580=DIRECTION('',(-0.352444093760372,6.98213433119708E-27,0.935832870107387));
#8581=DIRECTION('',(-0.935832870107387,-1.87723205338043E-32,-0.352444093760372));
#8582=DIRECTION('',(0.,1.,0.));
#8583=DIRECTION('',(-0.935832870107387,-1.87723205338043E-32,-0.352444093760372));
#8584=DIRECTION('',(0.,1.,0.));
#8585=DIRECTION('',(0.325191470825977,0.,-0.945648194257271));
#8586=DIRECTION('',(0.,1.,0.));
#8587=DIRECTION('',(0.,1.,0.));
#8588=DIRECTION('',(0.,0.,1.));
#8589=DIRECTION('',(0.,1.,0.));
#8590=DIRECTION('',(0.2473130250466,0.,-0.968935636480721));
#8591=DIRECTION('',(0.,1.,0.));
#8592=DIRECTION('',(-3.83908671382034E-14,-1.,1.50781374504723E-13));
#8593=DIRECTION('',(0.201098032937123,-1.56153210116079E-13,-0.97957112102635));
#8594=DIRECTION('',(0.,1.,0.));
#8595=DIRECTION('',(0.112406949837778,0.,-0.993662255310207));
#8596=DIRECTION('',(0.,1.,0.));
#8597=DIRECTION('',(0.,1.,0.));
#8598=DIRECTION('',(0.,0.,1.));
#8599=DIRECTION('',(0.,1.,0.));
#8600=DIRECTION('',(-0.0503510988672203,0.,-0.998731578975484));
#8601=DIRECTION('',(0.,1.,0.));
#8602=DIRECTION('',(0.,1.,0.));
#8603=DIRECTION('',(0.,0.,1.));
#8604=DIRECTION('',(0.,1.,0.));
#8605=DIRECTION('',(-0.329479389499903,0.,-0.944162767691446));
#8606=DIRECTION('',(0.,1.,0.));
#8607=DIRECTION('',(0.,1.,0.));
#8608=DIRECTION('',(0.,0.,1.));
#8609=DIRECTION('',(0.,1.,0.));
#8610=DIRECTION('',(-0.676346414963025,0.,-0.736583686329438));
#8611=DIRECTION('',(0.,1.,0.));
#8612=DIRECTION('',(0.,1.,0.));
#8613=DIRECTION('',(0.,0.,1.));
#8614=DIRECTION('',(0.,1.,0.));
#8615=DIRECTION('',(-0.846132281576456,0.,-0.532972946850233));
#8616=DIRECTION('',(0.,1.,0.));
#8617=DIRECTION('',(0.,1.,0.));
#8618=DIRECTION('',(0.,0.,1.));
#8619=DIRECTION('',(0.,1.,0.));
#8620=DIRECTION('',(-0.90880224938511,0.,-0.417227122215904));
#8621=DIRECTION('',(0.,1.,0.));
#8622=DIRECTION('',(0.,1.,0.));
#8623=DIRECTION('',(0.,0.,1.));
#8624=DIRECTION('',(0.,1.,0.));
#8625=DIRECTION('',(-0.931075025181379,0.,-0.36482776413466));
#8626=DIRECTION('',(0.,1.,0.));
#8627=DIRECTION('',(0.,1.,0.));
#8628=DIRECTION('',(0.,0.,1.));
#8629=DIRECTION('',(0.,1.,0.));
#8630=DIRECTION('',(0.935699406737401,0.,0.352798271298592));
#8631=DIRECTION('',(0.,1.,0.));
#8632=DIRECTION('',(0.,0.,1.));
#8633=DIRECTION('',(0.,1.,0.));
#8634=DIRECTION('',(-1.,0.,0.));
#8635=DIRECTION('',(0.,0.,-1.));
#8636=DIRECTION('',(-1.,0.,0.));
#8637=DIRECTION('',(0.,1.,0.));
#8638=DIRECTION('',(-1.,0.,0.));
#8639=DIRECTION('',(0.,1.,0.));
#8640=DIRECTION('',(-1.,0.,0.));
#8641=DIRECTION('',(0.,0.,1.));
#8642=DIRECTION('',(0.,1.,0.));
#8643=DIRECTION('',(0.,0.,1.));
#8644=DIRECTION('',(0.,0.,1.));
#8645=DIRECTION('',(1.,0.,0.));
#8646=DIRECTION('',(0.,1.,0.));
#8647=DIRECTION('',(1.,0.,0.));
#8648=DIRECTION('',(-0.624695047554413,0.,-0.78086880944304));
#8649=DIRECTION('',(-0.78086880944304,0.,0.624695047554413));
#8650=DIRECTION('',(0.,1.,0.));
#8651=DIRECTION('',(-0.78086880944304,0.,0.624695047554413));
#8652=DIRECTION('',(-0.773723585196223,0.,-0.633523333201788));
#8653=DIRECTION('',(-0.633523333201788,0.,0.773723585196223));
#8654=DIRECTION('',(0.,1.,0.));
#8655=DIRECTION('',(-0.633523333201788,0.,0.773723585196223));
#8656=DIRECTION('',(-1.,0.,0.));
#8657=DIRECTION('',(0.,0.,1.));
#8658=DIRECTION('',(0.,1.,0.));
#8659=DIRECTION('',(0.,0.,1.));
#8660=DIRECTION('',(0.,0.,1.));
#8661=DIRECTION('',(1.,0.,0.));
#8662=DIRECTION('',(0.,1.,0.));
#8663=DIRECTION('',(1.,0.,0.));
#8664=DIRECTION('',(1.,0.,0.));
#8665=DIRECTION('',(0.,0.,-1.));
#8666=DIRECTION('',(0.,1.,0.));
#8667=DIRECTION('',(0.,0.,-1.));
#8668=DIRECTION('',(0.,0.,-1.));
#8669=DIRECTION('',(-1.,0.,0.));
#8670=DIRECTION('',(0.,1.,0.));
#8671=DIRECTION('',(-1.,0.,0.));
#8672=DIRECTION('',(0.624695047554413,0.,0.78086880944304));
#8673=DIRECTION('',(0.78086880944304,0.,-0.624695047554413));
#8674=DIRECTION('',(0.,1.,0.));
#8675=DIRECTION('',(0.78086880944304,0.,-0.624695047554413));
#8676=DIRECTION('',(0.773552217723723,0.,0.633732566982879));
#8677=DIRECTION('',(0.633732566982879,0.,-0.773552217723723));
#8678=DIRECTION('',(0.,1.,0.));
#8679=DIRECTION('',(0.633732566982879,0.,-0.773552217723723));
#8680=DIRECTION('',(1.,0.,0.));
#8681=DIRECTION('',(0.,0.,-1.));
#8682=DIRECTION('',(0.,0.,-1.));
#8683=DIRECTION('',(0.,1.,0.));
#8684=DIRECTION('',(-1.,0.,0.));
#8685=DIRECTION('',(0.,1.,0.));
#8686=DIRECTION('',(0.,1.,0.));
#8687=DIRECTION('',(0.,1.,0.));
#8688=DIRECTION('',(0.,1.,0.));
#8689=DIRECTION('',(0.703455455049258,0.,0.71073934938305));
#8690=DIRECTION('',(0.,1.,0.));
#8691=DIRECTION('',(0.,1.,0.));
#8692=DIRECTION('',(0.,0.,1.));
#8693=DIRECTION('',(0.,1.,0.));
#8694=DIRECTION('',(0.342963081561444,0.,0.939348883368623));
#8695=DIRECTION('',(0.,1.,0.));
#8696=DIRECTION('',(0.,1.,0.));
#8697=DIRECTION('',(0.,0.,1.));
#8698=DIRECTION('',(0.,1.,0.));
#8699=DIRECTION('',(0.0931520642695804,0.,0.995651893445855));
#8700=DIRECTION('',(0.,1.,0.));
#8701=DIRECTION('',(0.,1.,0.));
#8702=DIRECTION('',(0.,0.,1.));
#8703=DIRECTION('',(0.,0.,1.));
#8704=DIRECTION('',(1.,0.,0.));
#8705=DIRECTION('',(0.,1.,0.));
#8706=DIRECTION('',(1.,0.,0.));
#8707=DIRECTION('',(1.,0.,0.));
#8708=DIRECTION('',(0.,0.,-1.));
#8709=DIRECTION('',(0.,1.,0.));
#8710=DIRECTION('',(0.,0.,-1.));
#8711=DIRECTION('',(0.,0.,-1.));
#8712=DIRECTION('',(-1.,0.,0.));
#8713=DIRECTION('',(0.,1.,0.));
#8714=DIRECTION('',(-1.,0.,0.));
#8715=DIRECTION('',(0.,1.,0.));
#8716=DIRECTION('',(0.131383288424665,0.,0.991331645577161));
#8717=DIRECTION('',(0.,1.,0.));
#8718=DIRECTION('',(0.,1.,0.));
#8719=DIRECTION('',(0.,0.,1.));
#8720=DIRECTION('',(0.,1.,0.));
#8721=DIRECTION('',(0.420656938311565,0.,0.907219786077409));
#8722=DIRECTION('',(0.,1.,0.));
#8723=DIRECTION('',(0.,1.,0.));
#8724=DIRECTION('',(0.,0.,1.));
#8725=DIRECTION('',(0.,1.,0.));
#8726=DIRECTION('',(0.739209970403498,0.,0.673475032689453));
#8727=DIRECTION('',(0.,1.,0.));
#8728=DIRECTION('',(0.,1.,0.));
#8729=DIRECTION('',(0.,0.,1.));
#8730=DIRECTION('',(0.,1.,0.));
#8731=DIRECTION('',(0.,1.,0.));
#8732=DIRECTION('',(0.,1.,0.));
#8733=DIRECTION('',(0.813084583540344,0.,-0.582145565996191));
#8734=DIRECTION('',(0.,1.,0.));
#8735=DIRECTION('',(0.,1.,0.));
#8736=DIRECTION('',(0.,0.,1.));
#8737=DIRECTION('',(0.,1.,0.));
#8738=DIRECTION('',(0.464455841804,0.,-0.885596279923385));
#8739=DIRECTION('',(0.,1.,0.));
#8740=DIRECTION('',(0.,1.,0.));
#8741=DIRECTION('',(0.,0.,1.));
#8742=DIRECTION('',(0.,1.,0.));
#8743=DIRECTION('',(0.136455654800699,0.,-0.990646180163691));
#8744=DIRECTION('',(0.,1.,0.));
#8745=DIRECTION('',(0.,1.,0.));
#8746=DIRECTION('',(0.,0.,1.));
#8747=DIRECTION('',(0.,1.,0.));
#8748=DIRECTION('',(-0.0859986148650257,0.,-0.996295256558665));
#8749=DIRECTION('',(0.,1.,0.));
#8750=DIRECTION('',(0.,1.,0.));
#8751=DIRECTION('',(0.,0.,1.));
#8752=DIRECTION('',(1.,0.,0.));
#8753=DIRECTION('',(0.,0.,-1.));
#8754=DIRECTION('',(0.,1.,0.));
#8755=DIRECTION('',(0.,0.,-1.));
#8756=DIRECTION('',(0.,1.,0.));
#8757=DIRECTION('',(-1.,0.,0.));
#8758=DIRECTION('',(0.,1.,0.));
#8759=DIRECTION('',(0.341744804032416,0.,0.939792790415444));
#8760=DIRECTION('',(0.,1.,0.));
#8761=DIRECTION('',(0.,1.,0.));
#8762=DIRECTION('',(0.,0.,1.));
#8763=DIRECTION('',(0.,1.,0.));
#8764=DIRECTION('',(-1.,0.,0.));
#8765=DIRECTION('',(0.,0.,1.));
#8766=DIRECTION('',(0.,1.,0.));
#8767=DIRECTION('',(0.,0.,1.));
#8768=DIRECTION('',(0.,1.,0.));
#8769=DIRECTION('',(0.242289357857736,0.,0.970204033731506));
#8770=DIRECTION('',(0.,1.,0.));
#8771=DIRECTION('',(0.,1.,0.));
#8772=DIRECTION('',(0.,0.,1.));
#8773=DIRECTION('',(0.,1.,0.));
#8774=DIRECTION('',(0.0783622582379281,0.,0.996924950276525));
#8775=DIRECTION('',(0.,1.,0.));
#8776=DIRECTION('',(0.,1.,0.));
#8777=DIRECTION('',(0.,0.,1.));
#8778=DIRECTION('',(0.,1.,0.));
#8779=DIRECTION('',(-0.137103491365557,0.,0.990556728640705));
#8780=DIRECTION('',(0.,1.,0.));
#8781=DIRECTION('',(0.,1.,0.));
#8782=DIRECTION('',(0.,0.,1.));
#8783=DIRECTION('',(1.,0.,0.));
#8784=DIRECTION('',(0.,0.,-1.));
#8785=DIRECTION('',(0.,1.,0.));
#8786=DIRECTION('',(0.,0.,-1.));
#8787=DIRECTION('',(0.,1.,0.));
#8788=DIRECTION('',(-1.,0.,0.));
#8789=DIRECTION('',(0.975868867476537,0.,-0.218357398523753));
#8790=DIRECTION('',(-0.218357398523753,0.,-0.975868867476537));
#8791=DIRECTION('',(0.,1.,0.));
#8792=DIRECTION('',(-0.218357398523753,0.,-0.975868867476537));
#8793=DIRECTION('',(0.,1.,0.));
#8794=DIRECTION('',(0.,0.,-1.));
#8795=DIRECTION('',(-1.,0.,0.));
#8796=DIRECTION('',(0.,1.,0.));
#8797=DIRECTION('',(-1.,0.,0.));
#8798=DIRECTION('',(-1.,0.,0.));
#8799=DIRECTION('',(0.,0.,1.));
#8800=DIRECTION('',(0.,1.,0.));
#8801=DIRECTION('',(0.,0.,1.));
#8802=DIRECTION('',(0.,0.,1.));
#8803=DIRECTION('',(1.,0.,0.));
#8804=DIRECTION('',(0.,1.,0.));
#8805=DIRECTION('',(1.,0.,0.));
#8806=DIRECTION('',(1.,0.,0.));
#8807=DIRECTION('',(0.,0.,-1.));
#8808=DIRECTION('',(0.,0.,-1.));
#8809=DIRECTION('',(0.,1.,0.));
#8810=DIRECTION('',(-1.,0.,0.));
#8811=DIRECTION('',(0.,1.,0.));
#8812=DIRECTION('',(0.999280771640536,0.,-0.0379201718020131));
#8813=DIRECTION('',(0.,1.,0.));
#8814=DIRECTION('',(0.,1.,0.));
#8815=DIRECTION('',(0.,0.,1.));
#8816=DIRECTION('',(0.,1.,0.));
#8817=DIRECTION('',(1.,0.,0.));
#8818=DIRECTION('',(0.,0.,-1.));
#8819=DIRECTION('',(0.,1.,0.));
#8820=DIRECTION('',(0.,0.,-1.));
#8821=DIRECTION('',(0.,1.,0.));
#8822=DIRECTION('',(-0.999386145961694,0.,0.0350332878821299));
#8823=DIRECTION('',(0.,1.,0.));
#8824=DIRECTION('',(5.54157008623924E-14,-1.,-1.94771737725137E-15));
#8825=DIRECTION('',(-0.997551470881003,-5.58014981477706E-14,0.0699361347455462));
#8826=DIRECTION('',(0.,1.,0.));
#8827=DIRECTION('',(-0.991025967696349,0.,0.13366948549132));
#8828=DIRECTION('',(0.,1.,0.));
#8829=DIRECTION('',(3.77847949323845E-14,-1.,-5.12247051510344E-15));
#8830=DIRECTION('',(-0.980123607042205,-3.90813420554051E-14,0.198387789237586));
#8831=DIRECTION('',(0.,1.,0.));
#8832=DIRECTION('',(-0.918939847318168,0.,0.39439771425664));
#8833=DIRECTION('',(0.,1.,0.));
#8834=DIRECTION('',(0.,1.,0.));
#8835=DIRECTION('',(0.,0.,1.));
#8836=DIRECTION('',(0.,1.,0.));
#8837=DIRECTION('',(-0.673681736328119,0.,0.739021595176982));
#8838=DIRECTION('',(0.,1.,0.));
#8839=DIRECTION('',(0.,1.,0.));
#8840=DIRECTION('',(0.,0.,1.));
#8841=DIRECTION('',(0.,1.,0.));
#8842=DIRECTION('',(-0.360729591947853,0.,0.932670446349157));
#8843=DIRECTION('',(0.,1.,0.));
#8844=DIRECTION('',(0.,1.,0.));
#8845=DIRECTION('',(0.,0.,1.));
#8846=DIRECTION('',(0.,1.,0.));
#8847=DIRECTION('',(-0.102492504142235,0.,0.994733776743634));
#8848=DIRECTION('',(0.,1.,0.));
#8849=DIRECTION('',(0.,1.,0.));
#8850=DIRECTION('',(0.,0.,1.));
#8851=DIRECTION('',(0.,1.,0.));
#8852=DIRECTION('',(0.0874578014308226,0.,0.996168225235521));
#8853=DIRECTION('',(0.,1.,0.));
#8854=DIRECTION('',(0.,1.,0.));
#8855=DIRECTION('',(0.,0.,1.));
#8856=DIRECTION('',(0.,1.,0.));
#8857=DIRECTION('',(0.249503215840817,0.,0.968373969747789));
#8858=DIRECTION('',(0.,1.,0.));
#8859=DIRECTION('',(0.,1.,0.));
#8860=DIRECTION('',(0.,0.,1.));
#8861=DIRECTION('',(0.,1.,0.));
#8862=DIRECTION('',(0.409243043505161,0.,0.912425411385847));
#8863=DIRECTION('',(0.,1.,0.));
#8864=DIRECTION('',(0.,1.,0.));
#8865=DIRECTION('',(0.,0.,1.));
#8866=DIRECTION('',(0.,1.,0.));
#8867=DIRECTION('',(0.610765521312805,0.,0.791811516697943));
#8868=DIRECTION('',(0.,1.,0.));
#8869=DIRECTION('',(0.,1.,0.));
#8870=DIRECTION('',(0.,0.,1.));
#8871=DIRECTION('',(-0.837687919670973,0.,0.546149200527949));
#8872=DIRECTION('',(0.546149200527949,0.,0.837687919670973));
#8873=DIRECTION('',(0.,1.,0.));
#8874=DIRECTION('',(0.546149200527949,0.,0.837687919670973));
#8875=DIRECTION('',(0.,1.,0.));
#8876=DIRECTION('',(0.604344557869259,0.,0.79672307320286));
#8877=DIRECTION('',(0.,1.,0.));
#8878=DIRECTION('',(0.,1.,0.));
#8879=DIRECTION('',(0.,0.,1.));
#8880=DIRECTION('',(0.,1.,0.));
#8881=DIRECTION('',(0.498701890435701,0.,0.866773571629788));
#8882=DIRECTION('',(0.,1.,0.));
#8883=DIRECTION('',(0.,1.,0.));
#8884=DIRECTION('',(0.,0.,1.));
#8885=DIRECTION('',(0.,1.,0.));
#8886=DIRECTION('',(0.340083645518131,0.,0.940395190359403));
#8887=DIRECTION('',(0.,1.,0.));
#8888=DIRECTION('',(0.,1.,0.));
#8889=DIRECTION('',(0.,0.,1.));
#8890=DIRECTION('',(0.,1.,0.));
#8891=DIRECTION('',(0.131937746636921,0.,0.991258004261439));
#8892=DIRECTION('',(0.,1.,0.));
#8893=DIRECTION('',(0.,1.,0.));
#8894=DIRECTION('',(0.,0.,1.));
#8895=DIRECTION('',(0.,1.,0.));
#8896=DIRECTION('',(-0.0871760092120332,0.,0.996192924798135));
#8897=DIRECTION('',(0.,1.,0.));
#8898=DIRECTION('',(0.,1.,0.));
#8899=DIRECTION('',(0.,0.,1.));
#8900=DIRECTION('',(0.,1.,0.));
#8901=DIRECTION('',(-0.4975114480617,0.,0.867457410509329));
#8902=DIRECTION('',(0.,1.,0.));
#8903=DIRECTION('',(0.,1.,0.));
#8904=DIRECTION('',(0.,0.,1.));
#8905=DIRECTION('',(0.,1.,0.));
#8906=DIRECTION('',(0.,1.,0.));
#8907=DIRECTION('',(-0.997474033564797,0.,0.0710320516666597));
#8908=DIRECTION('',(0.,1.,0.));
#8909=DIRECTION('',(0.,1.,0.));
#8910=DIRECTION('',(0.,0.,1.));
#8911=DIRECTION('',(-1.,0.,0.));
#8912=DIRECTION('',(0.,0.,1.));
#8913=DIRECTION('',(0.,1.,0.));
#8914=DIRECTION('',(0.,0.,1.));
#8915=DIRECTION('',(0.,1.,0.));
#8916=DIRECTION('',(-0.716066872762328,0.,-0.698031685335544));
#8917=DIRECTION('',(0.,1.,0.));
#8918=DIRECTION('',(0.,1.,0.));
#8919=DIRECTION('',(0.,0.,1.));
#8920=DIRECTION('',(0.,1.,0.));
#8921=DIRECTION('',(-0.408137644944747,0.,-0.912920403309596));
#8922=DIRECTION('',(0.,1.,0.));
#8923=DIRECTION('',(0.,1.,0.));
#8924=DIRECTION('',(0.,0.,1.));
#8925=DIRECTION('',(-1.,0.,0.));
#8926=DIRECTION('',(0.,0.,1.));
#8927=DIRECTION('',(0.,1.,0.));
#8928=DIRECTION('',(0.,0.,1.));
#8929=DIRECTION('',(0.,1.,0.));
#8930=DIRECTION('',(-0.3998975234048,0.,-0.916559856624054));
#8931=DIRECTION('',(0.,1.,0.));
#8932=DIRECTION('',(0.,1.,0.));
#8933=DIRECTION('',(0.,0.,1.));
#8934=DIRECTION('',(0.,1.,0.));
#8935=DIRECTION('',(0.,1.,0.));
#8936=DIRECTION('',(0.897655925894062,0.,-0.440696991942621));
#8937=DIRECTION('',(0.,1.,0.));
#8938=DIRECTION('',(0.,1.,0.));
#8939=DIRECTION('',(0.,0.,1.));
#8940=DIRECTION('',(0.,1.,0.));
#8941=DIRECTION('',(0.730138265398631,0.,-0.683299431728637));
#8942=DIRECTION('',(0.,1.,0.));
#8943=DIRECTION('',(0.,1.,0.));
#8944=DIRECTION('',(0.,0.,1.));
#8945=DIRECTION('',(0.,1.,0.));
#8946=DIRECTION('',(0.5160449733584,0.,-0.856561489603361));
#8947=DIRECTION('',(0.,1.,0.));
#8948=DIRECTION('',(0.,1.,0.));
#8949=DIRECTION('',(0.,0.,1.));
#8950=DIRECTION('',(0.,1.,0.));
#8951=DIRECTION('',(0.206702163639613,0.,-0.978403912270746));
#8952=DIRECTION('',(0.,1.,0.));
#8953=DIRECTION('',(0.,1.,0.));
#8954=DIRECTION('',(0.,0.,1.));
#8955=DIRECTION('',(0.902462008382706,0.,0.43076945507528));
#8956=DIRECTION('',(0.43076945507528,0.,-0.902462008382706));
#8957=DIRECTION('',(0.,1.,0.));
#8958=DIRECTION('',(0.43076945507528,0.,-0.902462008382706));
#8959=DIRECTION('',(0.,1.,0.));
#8960=DIRECTION('',(0.684547064983001,0.,-0.728968665871969));
#8961=DIRECTION('',(0.,1.,0.));
#8962=DIRECTION('',(0.,1.,0.));
#8963=DIRECTION('',(0.,0.,1.));
#8964=DIRECTION('',(0.,1.,0.));
#8965=DIRECTION('',(0.949138890881652,0.,-0.314857691371748));
#8966=DIRECTION('',(0.,1.,0.));
#8967=DIRECTION('',(0.,1.,0.));
#8968=DIRECTION('',(0.,0.,1.));
#8969=DIRECTION('',(0.,1.,0.));
#8970=DIRECTION('',(0.992104459056913,0.,-0.125414282756752));
#8971=DIRECTION('',(0.,1.,0.));
#8972=DIRECTION('',(0.,0.,1.));
#8973=DIRECTION('',(0.,1.,0.));
#8974=DIRECTION('',(-1.,0.,0.));
#8975=DIRECTION('',(0.,1.,0.));
#8976=DIRECTION('',(0.,1.,0.));
#8977=DIRECTION('',(0.,1.,0.));
#8978=DIRECTION('',(0.,1.,0.));
#8979=DIRECTION('',(0.703455455049234,0.,0.710739349383074));
#8980=DIRECTION('',(0.,1.,0.));
#8981=DIRECTION('',(0.,1.,0.));
#8982=DIRECTION('',(0.,0.,1.));
#8983=DIRECTION('',(0.,1.,0.));
#8984=DIRECTION('',(0.342963081561454,0.,0.939348883368619));
#8985=DIRECTION('',(0.,1.,0.));
#8986=DIRECTION('',(0.,1.,0.));
#8987=DIRECTION('',(0.,0.,1.));
#8988=DIRECTION('',(0.,1.,0.));
#8989=DIRECTION('',(0.0931520642695794,0.,0.995651893445855));
#8990=DIRECTION('',(0.,1.,0.));
#8991=DIRECTION('',(0.,1.,0.));
#8992=DIRECTION('',(0.,0.,1.));
#8993=DIRECTION('',(0.,0.,1.));
#8994=DIRECTION('',(1.,0.,0.));
#8995=DIRECTION('',(0.,1.,0.));
#8996=DIRECTION('',(1.,0.,0.));
#8997=DIRECTION('',(1.,0.,0.));
#8998=DIRECTION('',(0.,0.,-1.));
#8999=DIRECTION('',(0.,1.,0.));
#9000=DIRECTION('',(0.,0.,-1.));
#9001=DIRECTION('',(0.,0.,-1.));
#9002=DIRECTION('',(-1.,0.,0.));
#9003=DIRECTION('',(0.,1.,0.));
#9004=DIRECTION('',(-1.,0.,0.));
#9005=DIRECTION('',(0.,1.,0.));
#9006=DIRECTION('',(0.131383288424637,0.,0.991331645577164));
#9007=DIRECTION('',(0.,1.,0.));
#9008=DIRECTION('',(0.,1.,0.));
#9009=DIRECTION('',(0.,0.,1.));
#9010=DIRECTION('',(0.,1.,0.));
#9011=DIRECTION('',(0.420656938311563,0.,0.90721978607741));
#9012=DIRECTION('',(0.,1.,0.));
#9013=DIRECTION('',(0.,1.,0.));
#9014=DIRECTION('',(0.,0.,1.));
#9015=DIRECTION('',(0.,1.,0.));
#9016=DIRECTION('',(0.739209970403519,0.,0.67347503268943));
#9017=DIRECTION('',(0.,1.,0.));
#9018=DIRECTION('',(0.,1.,0.));
#9019=DIRECTION('',(0.,0.,1.));
#9020=DIRECTION('',(0.,1.,0.));
#9021=DIRECTION('',(0.,1.,0.));
#9022=DIRECTION('',(0.,1.,0.));
#9023=DIRECTION('',(0.813084583540331,0.,-0.582145565996209));
#9024=DIRECTION('',(0.,1.,0.));
#9025=DIRECTION('',(0.,1.,0.));
#9026=DIRECTION('',(0.,0.,1.));
#9027=DIRECTION('',(0.,1.,0.));
#9028=DIRECTION('',(0.464455841804005,0.,-0.885596279923382));
#9029=DIRECTION('',(0.,1.,0.));
#9030=DIRECTION('',(0.,1.,0.));
#9031=DIRECTION('',(0.,0.,1.));
#9032=DIRECTION('',(0.,1.,0.));
#9033=DIRECTION('',(0.136455654800698,0.,-0.990646180163691));
#9034=DIRECTION('',(0.,1.,0.));
#9035=DIRECTION('',(0.,1.,0.));
#9036=DIRECTION('',(0.,0.,1.));
#9037=DIRECTION('',(0.,1.,0.));
#9038=DIRECTION('',(-0.0859986148670877,0.,-0.996295256558487));
#9039=DIRECTION('',(0.,1.,0.));
#9040=DIRECTION('',(0.,1.,0.));
#9041=DIRECTION('',(0.,0.,1.));
#9042=DIRECTION('',(1.,0.,0.));
#9043=DIRECTION('',(0.,0.,-1.));
#9044=DIRECTION('',(0.,1.,0.));
#9045=DIRECTION('',(0.,0.,-1.));
#9046=DIRECTION('',(0.,1.,0.));
#9047=DIRECTION('',(-1.,0.,0.));
#9048=DIRECTION('',(0.,1.,0.));
#9049=DIRECTION('',(0.,1.,0.));
#9050=DIRECTION('',(1.,0.,0.));
#9051=DIRECTION('',(0.,0.,-1.));
#9052=DIRECTION('',(0.,1.,0.));
#9053=DIRECTION('',(0.,0.,-1.));
#9054=DIRECTION('',(0.,0.,-1.));
#9055=DIRECTION('',(-1.,0.,0.));
#9056=DIRECTION('',(0.,1.,0.));
#9057=DIRECTION('',(-1.,0.,0.));
#9058=DIRECTION('',(-1.,0.,0.));
#9059=DIRECTION('',(0.,0.,1.));
#9060=DIRECTION('',(0.,1.,0.));
#9061=DIRECTION('',(0.,0.,1.));
#9062=DIRECTION('',(0.,1.,0.));
#9063=DIRECTION('',(0.998490132236263,0.,-0.0549313737932103));
#9064=DIRECTION('',(0.,1.,0.));
#9065=DIRECTION('',(0.,1.,0.));
#9066=DIRECTION('',(0.,0.,1.));
#9067=DIRECTION('',(0.,1.,0.));
#9068=DIRECTION('',(0.97613047537316,0.,-0.21718493282861));
#9069=DIRECTION('',(0.,1.,0.));
#9070=DIRECTION('',(0.,1.,0.));
#9071=DIRECTION('',(0.,0.,1.));
#9072=DIRECTION('',(0.,1.,0.));
#9073=DIRECTION('',(0.870637463507799,0.,-0.4919252048195));
#9074=DIRECTION('',(0.,1.,0.));
#9075=DIRECTION('',(0.,1.,0.));
#9076=DIRECTION('',(0.,0.,1.));
#9077=DIRECTION('',(0.,1.,0.));
#9078=DIRECTION('',(0.500998349644031,0.,-0.865448238575801));
#9079=DIRECTION('',(0.,1.,0.));
#9080=DIRECTION('',(0.,1.,0.));
#9081=DIRECTION('',(0.,0.,1.));
#9082=DIRECTION('',(0.,1.,0.));
#9083=DIRECTION('',(0.113581390770322,0.,-0.993528694940755));
#9084=DIRECTION('',(0.,1.,0.));
#9085=DIRECTION('',(0.,1.,0.));
#9086=DIRECTION('',(0.,0.,1.));
#9087=DIRECTION('',(0.,1.,0.));
#9088=DIRECTION('',(0.0318879395642076,0.,-0.999491450343798));
#9089=DIRECTION('',(0.,1.,0.));
#9090=DIRECTION('',(-4.5452837667303E-15,-1.,1.42418891357909E-13));
#9091=DIRECTION('',(2.54996268692227E-5,-1.42641312123924E-13,-0.999999999674885));
#9092=DIRECTION('',(0.,1.,0.));
#9093=DIRECTION('',(-0.0160111808916246,0.,-0.999871812827252));
#9094=DIRECTION('',(0.,1.,0.));
#9095=DIRECTION('',(5.94814822738757E-15,-1.,3.67152365099124E-13));
#9096=DIRECTION('',(-0.0322999537950402,-3.66529671899537E-13,-0.999478220365426));
#9097=DIRECTION('',(0.,1.,0.));
#9098=DIRECTION('',(-0.0564657106108324,0.,-0.998404539014729));
#9099=DIRECTION('',(0.,1.,0.));
#9100=DIRECTION('',(0.,1.,0.));
#9101=DIRECTION('',(0.,0.,1.));
#9102=DIRECTION('',(0.,1.,0.));
#9103=DIRECTION('',(-0.112832119474089,0.,-0.993614066333094));
#9104=DIRECTION('',(0.,1.,0.));
#9105=DIRECTION('',(0.,1.,0.));
#9106=DIRECTION('',(0.,0.,1.));
#9107=DIRECTION('',(1.,0.,0.));
#9108=DIRECTION('',(0.,0.,-1.));
#9109=DIRECTION('',(0.,1.,0.));
#9110=DIRECTION('',(0.,0.,-1.));
#9111=DIRECTION('',(0.,1.,0.));
#9112=DIRECTION('',(0.0681488413854805,0.,-0.997675165280672));
#9113=DIRECTION('',(0.,1.,0.));
#9114=DIRECTION('',(0.,1.,0.));
#9115=DIRECTION('',(0.,0.,1.));
#9116=DIRECTION('',(0.,1.,0.));
#9117=DIRECTION('',(0.327058886445555,0.,-0.945003960201752));
#9118=DIRECTION('',(0.,1.,0.));
#9119=DIRECTION('',(0.,1.,0.));
#9120=DIRECTION('',(0.,0.,1.));
#9121=DIRECTION('',(0.,1.,0.));
#9122=DIRECTION('',(0.753253998296849,0.,-0.657729742409305));
#9123=DIRECTION('',(0.,1.,0.));
#9124=DIRECTION('',(0.,0.,1.));
#9125=DIRECTION('',(0.,1.,0.));
#9126=DIRECTION('',(-1.,0.,0.));
#9127=DIRECTION('',(0.,0.,1.));
#9128=DIRECTION('',(1.,0.,0.));
#9129=DIRECTION('',(0.,1.,0.));
#9130=DIRECTION('',(1.,0.,0.));
#9131=DIRECTION('',(0.,1.,0.));
#9132=DIRECTION('',(0.944496796706159,0.,-0.328520624941273));
#9133=DIRECTION('',(-0.328520624941273,0.,-0.944496796706159));
#9134=DIRECTION('',(0.,1.,0.));
#9135=DIRECTION('',(-0.328520624941273,0.,-0.944496796706159));
#9136=DIRECTION('',(0.,0.,-1.));
#9137=DIRECTION('',(-1.,0.,0.));
#9138=DIRECTION('',(0.,1.,0.));
#9139=DIRECTION('',(-1.,0.,0.));
#9140=DIRECTION('',(-0.943730346928175,0.,-0.330715938967003));
#9141=DIRECTION('',(-0.330715938967003,0.,0.943730346928175));
#9142=DIRECTION('',(0.,1.,0.));
#9143=DIRECTION('',(-0.330715938967003,0.,0.943730346928175));
#9144=DIRECTION('',(0.,0.,1.));
#9145=DIRECTION('',(1.,0.,0.));
#9146=DIRECTION('',(0.,1.,0.));
#9147=DIRECTION('',(1.,0.,0.));
#9148=DIRECTION('',(0.943986258892119,0.,0.329984761804029));
#9149=DIRECTION('',(0.329984761804029,0.,-0.943986258892119));
#9150=DIRECTION('',(0.,1.,0.));
#9151=DIRECTION('',(0.329984761804029,0.,-0.943986258892119));
#9152=DIRECTION('',(-0.945005611242038,0.,0.327054115890723));
#9153=DIRECTION('',(0.327054115890723,0.,0.945005611242038));
#9154=DIRECTION('',(0.327054115890723,0.,0.945005611242038));
#9155=DIRECTION('',(0.,1.,0.));
#9156=DIRECTION('',(-1.,0.,0.));
#9157=DIRECTION('',(0.941783930532432,0.,-0.336218720762071));
#9158=DIRECTION('',(-0.336218720762071,0.,-0.941783930532432));
#9159=DIRECTION('',(0.,1.,0.));
#9160=DIRECTION('',(-0.336218720762071,0.,-0.941783930532432));
#9161=DIRECTION('',(0.,1.,0.));
#9162=DIRECTION('',(0.,0.,-1.));
#9163=DIRECTION('',(-1.,0.,0.));
#9164=DIRECTION('',(0.,1.,0.));
#9165=DIRECTION('',(-1.,0.,0.));
#9166=DIRECTION('',(-0.945273870729851,0.,-0.326277963269673));
#9167=DIRECTION('',(-0.326277963269673,0.,0.945273870729851));
#9168=DIRECTION('',(0.,1.,0.));
#9169=DIRECTION('',(-0.326277963269673,0.,0.945273870729851));
#9170=DIRECTION('',(0.,0.,1.));
#9171=DIRECTION('',(1.,0.,0.));
#9172=DIRECTION('',(1.,0.,0.));
#9173=DIRECTION('',(0.,1.,0.));
#9174=DIRECTION('',(-1.,0.,0.));
#9175=DIRECTION('',(0.,1.,0.));
#9176=DIRECTION('',(0.999280771640537,0.,-0.0379201718020043));
#9177=DIRECTION('',(0.,1.,0.));
#9178=DIRECTION('',(0.,1.,0.));
#9179=DIRECTION('',(0.,0.,1.));
#9180=DIRECTION('',(0.,1.,0.));
#9181=DIRECTION('',(1.,0.,0.));
#9182=DIRECTION('',(0.,0.,-1.));
#9183=DIRECTION('',(0.,1.,0.));
#9184=DIRECTION('',(0.,0.,-1.));
#9185=DIRECTION('',(0.,1.,0.));
#9186=DIRECTION('',(-0.999386145961695,0.,0.0350332878821033));
#9187=DIRECTION('',(0.,1.,0.));
#9188=DIRECTION('',(5.54157008623924E-14,-1.,-1.94771737725008E-15));
#9189=DIRECTION('',(-0.997551470881006,-5.58014981477324E-14,0.069936134745499));
#9190=DIRECTION('',(0.,1.,0.));
#9191=DIRECTION('',(-0.991025967696347,0.,0.133669485491341));
#9192=DIRECTION('',(0.,1.,0.));
#9193=DIRECTION('',(3.77847949323843E-14,-1.,-5.1224705151043E-15));
#9194=DIRECTION('',(-0.980123607042195,-3.90813420554225E-14,0.198387789237637));
#9195=DIRECTION('',(0.,1.,0.));
#9196=DIRECTION('',(-0.918939847319856,0.,0.394397714252707));
#9197=DIRECTION('',(0.,1.,0.));
#9198=DIRECTION('',(0.,1.,0.));
#9199=DIRECTION('',(0.,0.,1.));
#9200=DIRECTION('',(0.,1.,0.));
#9201=DIRECTION('',(-0.673681736328111,0.,0.739021595176989));
#9202=DIRECTION('',(0.,1.,0.));
#9203=DIRECTION('',(0.,1.,0.));
#9204=DIRECTION('',(0.,0.,1.));
#9205=DIRECTION('',(0.,1.,0.));
#9206=DIRECTION('',(-0.360729591947849,0.,0.932670446349158));
#9207=DIRECTION('',(0.,1.,0.));
#9208=DIRECTION('',(0.,1.,0.));
#9209=DIRECTION('',(0.,0.,1.));
#9210=DIRECTION('',(0.,1.,0.));
#9211=DIRECTION('',(-0.102492504120463,0.,0.994733776745877));
#9212=DIRECTION('',(0.,1.,0.));
#9213=DIRECTION('',(0.,1.,0.));
#9214=DIRECTION('',(0.,0.,1.));
#9215=DIRECTION('',(0.,1.,0.));
#9216=DIRECTION('',(0.0874578014308285,0.,0.99616822523552));
#9217=DIRECTION('',(0.,1.,0.));
#9218=DIRECTION('',(0.,1.,0.));
#9219=DIRECTION('',(0.,0.,1.));
#9220=DIRECTION('',(0.,1.,0.));
#9221=DIRECTION('',(0.249503215840809,0.,0.968373969747791));
#9222=DIRECTION('',(0.,1.,0.));
#9223=DIRECTION('',(0.,1.,0.));
#9224=DIRECTION('',(0.,0.,1.));
#9225=DIRECTION('',(0.,1.,0.));
#9226=DIRECTION('',(0.40924304350518,0.,0.912425411385839));
#9227=DIRECTION('',(0.,1.,0.));
#9228=DIRECTION('',(0.,1.,0.));
#9229=DIRECTION('',(0.,0.,1.));
#9230=DIRECTION('',(0.,1.,0.));
#9231=DIRECTION('',(0.610765521312862,0.,0.791811516697899));
#9232=DIRECTION('',(0.,1.,0.));
#9233=DIRECTION('',(0.,1.,0.));
#9234=DIRECTION('',(0.,0.,1.));
#9235=DIRECTION('',(-0.83768791967098,0.,0.546149200527937));
#9236=DIRECTION('',(0.546149200527937,0.,0.837687919670981));
#9237=DIRECTION('',(0.,1.,0.));
#9238=DIRECTION('',(0.546149200527937,0.,0.83768791967098));
#9239=DIRECTION('',(0.,1.,0.));
#9240=DIRECTION('',(0.604344557869261,0.,0.796723073202859));
#9241=DIRECTION('',(0.,1.,0.));
#9242=DIRECTION('',(0.,1.,0.));
#9243=DIRECTION('',(0.,0.,1.));
#9244=DIRECTION('',(0.,1.,0.));
#9245=DIRECTION('',(0.498701890435677,0.,0.866773571629801));
#9246=DIRECTION('',(0.,1.,0.));
#9247=DIRECTION('',(0.,1.,0.));
#9248=DIRECTION('',(0.,0.,1.));
#9249=DIRECTION('',(0.,1.,0.));
#9250=DIRECTION('',(0.340083645518149,0.,0.940395190359397));
#9251=DIRECTION('',(0.,1.,0.));
#9252=DIRECTION('',(0.,1.,0.));
#9253=DIRECTION('',(0.,0.,1.));
#9254=DIRECTION('',(0.,1.,0.));
#9255=DIRECTION('',(0.131937746636921,0.,0.991258004261439));
#9256=DIRECTION('',(0.,1.,0.));
#9257=DIRECTION('',(0.,1.,0.));
#9258=DIRECTION('',(0.,0.,1.));
#9259=DIRECTION('',(0.,1.,0.));
#9260=DIRECTION('',(-0.087176009212031,0.,0.996192924798136));
#9261=DIRECTION('',(0.,1.,0.));
#9262=DIRECTION('',(0.,1.,0.));
#9263=DIRECTION('',(0.,0.,1.));
#9264=DIRECTION('',(0.,1.,0.));
#9265=DIRECTION('',(-0.497511448061676,0.,0.867457410509343));
#9266=DIRECTION('',(0.,1.,0.));
#9267=DIRECTION('',(0.,1.,0.));
#9268=DIRECTION('',(0.,0.,1.));
#9269=DIRECTION('',(0.,1.,0.));
#9270=DIRECTION('',(0.,1.,0.));
#9271=DIRECTION('',(-0.997474033564799,0.,0.0710320516666307));
#9272=DIRECTION('',(0.,1.,0.));
#9273=DIRECTION('',(0.,1.,0.));
#9274=DIRECTION('',(0.,0.,1.));
#9275=DIRECTION('',(-1.,0.,0.));
#9276=DIRECTION('',(0.,0.,1.));
#9277=DIRECTION('',(0.,1.,0.));
#9278=DIRECTION('',(0.,0.,1.));
#9279=DIRECTION('',(0.,1.,0.));
#9280=DIRECTION('',(-0.716066872762354,0.,-0.698031685335517));
#9281=DIRECTION('',(0.,1.,0.));
#9282=DIRECTION('',(0.,1.,0.));
#9283=DIRECTION('',(0.,0.,1.));
#9284=DIRECTION('',(0.,1.,0.));
#9285=DIRECTION('',(-0.408137644944767,0.,-0.912920403309587));
#9286=DIRECTION('',(0.,1.,0.));
#9287=DIRECTION('',(0.,1.,0.));
#9288=DIRECTION('',(0.,0.,1.));
#9289=DIRECTION('',(-1.,0.,0.));
#9290=DIRECTION('',(0.,0.,1.));
#9291=DIRECTION('',(0.,1.,0.));
#9292=DIRECTION('',(0.,0.,1.));
#9293=DIRECTION('',(0.,1.,0.));
#9294=DIRECTION('',(-0.399897523404817,0.,-0.916559856624047));
#9295=DIRECTION('',(0.,1.,0.));
#9296=DIRECTION('',(0.,1.,0.));
#9297=DIRECTION('',(0.,0.,1.));
#9298=DIRECTION('',(0.,1.,0.));
#9299=DIRECTION('',(0.,1.,0.));
#9300=DIRECTION('',(0.8976559258741,0.,-0.440696991983281));
#9301=DIRECTION('',(0.,1.,0.));
#9302=DIRECTION('',(0.,1.,0.));
#9303=DIRECTION('',(0.,0.,1.));
#9304=DIRECTION('',(0.,1.,0.));
#9305=DIRECTION('',(0.730138265398687,0.,-0.683299431728577));
#9306=DIRECTION('',(0.,1.,0.));
#9307=DIRECTION('',(0.,1.,0.));
#9308=DIRECTION('',(0.,0.,1.));
#9309=DIRECTION('',(0.,1.,0.));
#9310=DIRECTION('',(0.516044973358402,0.,-0.85656148960336));
#9311=DIRECTION('',(0.,1.,0.));
#9312=DIRECTION('',(0.,1.,0.));
#9313=DIRECTION('',(0.,0.,1.));
#9314=DIRECTION('',(0.,1.,0.));
#9315=DIRECTION('',(0.206702163639613,0.,-0.978403912270747));
#9316=DIRECTION('',(0.,1.,0.));
#9317=DIRECTION('',(0.,1.,0.));
#9318=DIRECTION('',(0.,0.,1.));
#9319=DIRECTION('',(0.902462008382711,0.,0.43076945507527));
#9320=DIRECTION('',(0.43076945507527,0.,-0.902462008382711));
#9321=DIRECTION('',(0.,1.,0.));
#9322=DIRECTION('',(0.43076945507527,0.,-0.902462008382711));
#9323=DIRECTION('',(0.,1.,0.));
#9324=DIRECTION('',(0.68454706498296,0.,-0.728968665872008));
#9325=DIRECTION('',(0.,1.,0.));
#9326=DIRECTION('',(0.,1.,0.));
#9327=DIRECTION('',(0.,0.,1.));
#9328=DIRECTION('',(0.,1.,0.));
#9329=DIRECTION('',(0.949138890881668,0.,-0.314857691371702));
#9330=DIRECTION('',(0.,1.,0.));
#9331=DIRECTION('',(0.,1.,0.));
#9332=DIRECTION('',(0.,0.,1.));
#9333=DIRECTION('',(0.,1.,0.));
#9334=DIRECTION('',(0.992104459056963,0.,-0.125414282756356));
#9335=DIRECTION('',(0.,1.,0.));
#9336=DIRECTION('',(0.,0.,1.));
#9337=DIRECTION('',(0.,1.,0.));
#9338=DIRECTION('',(-1.,0.,0.));
#9339=DIRECTION('',(0.975868867476537,0.,-0.218357398523753));
#9340=DIRECTION('',(-0.218357398523753,0.,-0.975868867476537));
#9341=DIRECTION('',(0.,1.,0.));
#9342=DIRECTION('',(-0.218357398523753,0.,-0.975868867476537));
#9343=DIRECTION('',(0.,1.,0.));
#9344=DIRECTION('',(0.,0.,-1.));
#9345=DIRECTION('',(-1.,0.,0.));
#9346=DIRECTION('',(0.,1.,0.));
#9347=DIRECTION('',(-1.,0.,0.));
#9348=DIRECTION('',(-1.,0.,0.));
#9349=DIRECTION('',(0.,0.,1.));
#9350=DIRECTION('',(0.,1.,0.));
#9351=DIRECTION('',(0.,0.,1.));
#9352=DIRECTION('',(0.,0.,1.));
#9353=DIRECTION('',(1.,0.,0.));
#9354=DIRECTION('',(0.,1.,0.));
#9355=DIRECTION('',(1.,0.,0.));
#9356=DIRECTION('',(1.,0.,0.));
#9357=DIRECTION('',(0.,0.,-1.));
#9358=DIRECTION('',(0.,0.,-1.));
#9359=DIRECTION('',(0.,1.,0.));
#9360=DIRECTION('',(-1.,0.,0.));
#9361=DIRECTION('',(0.,1.,0.));
#9362=DIRECTION('',(-0.208027061119404,0.,0.978123070907759));
#9363=DIRECTION('',(0.,1.,0.));
#9364=DIRECTION('',(0.,1.,0.));
#9365=DIRECTION('',(0.,0.,1.));
#9366=DIRECTION('',(0.,1.,0.));
#9367=DIRECTION('',(0.,1.,0.));
#9368=DIRECTION('',(0.166043819518721,0.,0.986118375246924));
#9369=DIRECTION('',(0.,1.,0.));
#9370=DIRECTION('',(0.,1.,0.));
#9371=DIRECTION('',(0.,0.,1.));
#9372=DIRECTION('',(0.,1.,0.));
#9373=DIRECTION('',(0.412992789385583,0.,0.910734294904675));
#9374=DIRECTION('',(0.,1.,0.));
#9375=DIRECTION('',(0.,1.,0.));
#9376=DIRECTION('',(0.,0.,1.));
#9377=DIRECTION('',(-1.,0.,0.));
#9378=DIRECTION('',(0.,0.,1.));
#9379=DIRECTION('',(0.,1.,0.));
#9380=DIRECTION('',(0.,0.,1.));
#9381=DIRECTION('',(0.,1.,0.));
#9382=DIRECTION('',(0.297294422956257,0.,0.954785853518529));
#9383=DIRECTION('',(0.,1.,0.));
#9384=DIRECTION('',(0.,1.,0.));
#9385=DIRECTION('',(0.,0.,1.));
#9386=DIRECTION('',(0.,1.,0.));
#9387=DIRECTION('',(0.0906906628258387,0.,0.995879110974926));
#9388=DIRECTION('',(0.,1.,0.));
#9389=DIRECTION('',(0.,1.,0.));
#9390=DIRECTION('',(0.,0.,1.));
#9391=DIRECTION('',(0.,1.,0.));
#9392=DIRECTION('',(0.,1.,0.));
#9393=DIRECTION('',(-0.880952151214617,0.,0.473205354228309));
#9394=DIRECTION('',(0.,1.,0.));
#9395=DIRECTION('',(0.,1.,0.));
#9396=DIRECTION('',(0.,0.,1.));
#9397=DIRECTION('',(0.,1.,0.));
#9398=DIRECTION('',(-0.992542107049615,0.,0.121902279443455));
#9399=DIRECTION('',(0.,1.,0.));
#9400=DIRECTION('',(0.,1.,0.));
#9401=DIRECTION('',(0.,0.,1.));
#9402=DIRECTION('',(0.,1.,0.));
#9403=DIRECTION('',(-0.999971282135346,0.,0.00757858196443934));
#9404=DIRECTION('',(0.,1.,0.));
#9405=DIRECTION('',(0.,1.,0.));
#9406=DIRECTION('',(0.,0.,1.));
#9407=DIRECTION('',(-1.,0.,0.));
#9408=DIRECTION('',(0.,0.,1.));
#9409=DIRECTION('',(0.,1.,0.));
#9410=DIRECTION('',(0.,0.,1.));
#9411=DIRECTION('',(0.,0.,1.));
#9412=DIRECTION('',(1.,0.,0.));
#9413=DIRECTION('',(0.,1.,0.));
#9414=DIRECTION('',(1.,0.,0.));
#9415=DIRECTION('',(1.,0.,0.));
#9416=DIRECTION('',(0.,0.,-1.));
#9417=DIRECTION('',(0.,1.,0.));
#9418=DIRECTION('',(0.,0.,-1.));
#9419=DIRECTION('',(0.,1.,0.));
#9420=DIRECTION('',(-0.985822275945309,0.,0.167792849221924));
#9421=DIRECTION('',(0.,1.,0.));
#9422=DIRECTION('',(0.,1.,0.));
#9423=DIRECTION('',(0.,0.,1.));
#9424=DIRECTION('',(0.,1.,0.));
#9425=DIRECTION('',(-0.860334692314091,0.,0.509729552999253));
#9426=DIRECTION('',(0.,1.,0.));
#9427=DIRECTION('',(0.,1.,0.));
#9428=DIRECTION('',(0.,0.,1.));
#9429=DIRECTION('',(0.,1.,0.));
#9430=DIRECTION('',(-0.59083020973986,0.,0.806795924170885));
#9431=DIRECTION('',(0.,1.,0.));
#9432=DIRECTION('',(0.,0.,1.));
#9433=DIRECTION('',(0.,1.,0.));
#9434=DIRECTION('',(-1.,0.,0.));
#9435=DIRECTION('',(0.,1.,0.));
#9436=DIRECTION('',(-0.910701153285549,0.,0.413065865697435));
#9437=DIRECTION('',(0.,1.,0.));
#9438=DIRECTION('',(0.,1.,0.));
#9439=DIRECTION('',(0.,0.,1.));
#9440=DIRECTION('',(0.,1.,0.));
#9441=DIRECTION('',(0.,1.,0.));
#9442=DIRECTION('',(0.,1.,0.));
#9443=DIRECTION('',(0.,1.,0.));
#9444=DIRECTION('',(0.160262860239654,0.,0.98707437188279));
#9445=DIRECTION('',(0.,1.,0.));
#9446=DIRECTION('',(0.,1.,0.));
#9447=DIRECTION('',(0.,0.,1.));
#9448=DIRECTION('',(0.,1.,0.));
#9449=DIRECTION('',(0.408889825598022,0.,0.912583755346554));
#9450=DIRECTION('',(0.,1.,0.));
#9451=DIRECTION('',(0.,1.,0.));
#9452=DIRECTION('',(0.,0.,1.));
#9453=DIRECTION('',(-1.,0.,0.));
#9454=DIRECTION('',(0.,0.,1.));
#9455=DIRECTION('',(0.,1.,0.));
#9456=DIRECTION('',(0.,0.,1.));
#9457=DIRECTION('',(0.,1.,0.));
#9458=DIRECTION('',(0.314889631627191,0.,0.949128294749288));
#9459=DIRECTION('',(0.,1.,0.));
#9460=DIRECTION('',(0.,1.,0.));
#9461=DIRECTION('',(0.,0.,1.));
#9462=DIRECTION('',(0.,1.,0.));
#9463=DIRECTION('',(0.116185914976466,0.,0.993227483087878));
#9464=DIRECTION('',(0.,1.,0.));
#9465=DIRECTION('',(0.,1.,0.));
#9466=DIRECTION('',(0.,0.,1.));
#9467=DIRECTION('',(0.,1.,0.));
#9468=DIRECTION('',(0.,1.,0.));
#9469=DIRECTION('',(-0.87634045360707,0.,0.481692235116733));
#9470=DIRECTION('',(0.,1.,0.));
#9471=DIRECTION('',(0.,1.,0.));
#9472=DIRECTION('',(0.,0.,1.));
#9473=DIRECTION('',(0.,1.,0.));
#9474=DIRECTION('',(-0.993531555531021,0.,0.113556365581635));
#9475=DIRECTION('',(0.,1.,0.));
#9476=DIRECTION('',(0.,1.,0.));
#9477=DIRECTION('',(0.,0.,1.));
#9478=DIRECTION('',(-1.,0.,0.));
#9479=DIRECTION('',(0.,0.,1.));
#9480=DIRECTION('',(0.,1.,0.));
#9481=DIRECTION('',(0.,0.,1.));
#9482=DIRECTION('',(0.,0.,1.));
#9483=DIRECTION('',(1.,0.,0.));
#9484=DIRECTION('',(0.,1.,0.));
#9485=DIRECTION('',(1.,0.,0.));
#9486=DIRECTION('',(1.,0.,0.));
#9487=DIRECTION('',(0.,0.,-1.));
#9488=DIRECTION('',(0.,1.,0.));
#9489=DIRECTION('',(0.,0.,-1.));
#9490=DIRECTION('',(0.,1.,0.));
#9491=DIRECTION('',(0.999951486816287,0.,0.00985007684728844));
#9492=DIRECTION('',(0.,1.,0.));
#9493=DIRECTION('',(0.,1.,0.));
#9494=DIRECTION('',(0.,0.,1.));
#9495=DIRECTION('',(0.,1.,0.));
#9496=DIRECTION('',(-0.999728084439464,0.,0.0233186016518916));
#9497=DIRECTION('',(0.,1.,0.));
#9498=DIRECTION('',(0.,1.,0.));
#9499=DIRECTION('',(0.,0.,1.));
#9500=DIRECTION('',(0.,1.,0.));
#9501=DIRECTION('',(-0.986739523009601,0.,0.162311779396277));
#9502=DIRECTION('',(0.,1.,0.));
#9503=DIRECTION('',(0.,0.,1.));
#9504=DIRECTION('',(0.,1.,0.));
#9505=DIRECTION('',(-1.,0.,0.));
#9506=DIRECTION('',(0.,0.,-1.));
#9507=DIRECTION('',(-1.,0.,0.));
#9508=DIRECTION('',(0.,1.,0.));
#9509=DIRECTION('',(-1.,0.,0.));
#9510=DIRECTION('',(0.,1.,0.));
#9511=DIRECTION('',(-1.,0.,0.));
#9512=DIRECTION('',(0.,0.,1.));
#9513=DIRECTION('',(0.,1.,0.));
#9514=DIRECTION('',(0.,0.,1.));
#9515=DIRECTION('',(0.,0.,1.));
#9516=DIRECTION('',(1.,0.,0.));
#9517=DIRECTION('',(0.,1.,0.));
#9518=DIRECTION('',(1.,0.,0.));
#9519=DIRECTION('',(1.,0.,0.));
#9520=DIRECTION('',(0.,0.,-1.));
#9521=DIRECTION('',(0.,0.,-1.));
#9522=DIRECTION('',(0.,1.,0.));
#9523=DIRECTION('',(-1.,0.,0.));
#9524=CARTESIAN_POINT('',(0.,0.,0.));
#9525=CARTESIAN_POINT('',(-0.00455870851874352,0.0426747382525137,0.0254));
#9526=CARTESIAN_POINT('',(-0.039816492765495,0.0426747382525137,0.021259852242091));
#9527=CARTESIAN_POINT('',(-0.039816492765495,0.0426747382525137,0.0171197044841819));
#9528=CARTESIAN_POINT('',(-0.039816492765495,0.0426747382525137,0.0254));
#9529=CARTESIAN_POINT('',(-0.026161147837988,0.0426747382525137,0.0171197044841819));
#9530=CARTESIAN_POINT('',(-0.0125058029104811,0.0426747382525137,0.0171197044841819));
#9531=CARTESIAN_POINT('',(-0.0125058029104811,0.0426747382525137,0.021259852242091));
#9532=CARTESIAN_POINT('',(-0.0125058029104811,0.0426747382525137,0.0254));
#9533=CARTESIAN_POINT('',(-0.00455870851874352,0.0426747382525137,0.0254));
#9534=CARTESIAN_POINT('',(0.0427030138671398,0.0426747382525137,0.0254));
#9535=CARTESIAN_POINT('',(0.0427030138671398,0.0426747382525137,0.0254));
#9536=CARTESIAN_POINT('',(0.0427030138671398,0.0426747382525137,0.));
#9537=CARTESIAN_POINT('',(-0.00455870851874352,0.0426747382525137,0.));
#9538=CARTESIAN_POINT('',(-0.0518204309046269,0.0426747382525137,0.));
#9539=CARTESIAN_POINT('',(-0.0518204309046269,0.0426747382525137,0.0254));
#9540=CARTESIAN_POINT('',(-0.0518204309046269,0.0426747382525137,0.0254));
#9541=CARTESIAN_POINT('',(-0.00455870851874352,0.0426747382525137,0.0254));
#9542=CARTESIAN_POINT('',(0.0343007107321712,0.0426747382525137,0.0189302370201221));
#9543=CARTESIAN_POINT('',(0.0343007107321712,0.0426747382525137,0.0186504987660955));
#9544=CARTESIAN_POINT('',(0.0343007107321712,0.0426747382525137,0.0192099752741486));
#9545=CARTESIAN_POINT('',(0.033063122845958,0.0426747382525137,0.0192099752741486));
#9546=CARTESIAN_POINT('',(0.031825534959745,0.0426747382525137,0.0192099752741486));
#9547=CARTESIAN_POINT('',(0.031825534959745,0.0426747382525137,0.0189302370201221));
#9548=CARTESIAN_POINT('',(0.031825534959745,0.0426747382525137,0.0186504987660955));
#9549=CARTESIAN_POINT('',(0.0326624416504217,0.0426747382525137,0.0176289463631901));
#9550=CARTESIAN_POINT('',(0.0334993483410985,0.0426747382525137,0.0166073939602846));
#9551=CARTESIAN_POINT('',(0.0335570501261699,0.0426747382525137,0.0165612325322274));
#9552=CARTESIAN_POINT('',(0.0336147519112414,0.0426747382525137,0.0165150711041702));
#9553=CARTESIAN_POINT('',(0.0327201434354932,0.0426747382525137,0.0165150711041702));
#9554=CARTESIAN_POINT('',(0.031825534959745,0.0426747382525137,0.0165150711041702));
#9555=CARTESIAN_POINT('',(0.031825534959745,0.0426747382525137,0.0162353328501437));
#9556=CARTESIAN_POINT('',(0.031825534959745,0.0426747382525137,0.0159555945961171));
#9557=CARTESIAN_POINT('',(0.033063122845958,0.0426747382525137,0.0159555945961171));
#9558=CARTESIAN_POINT('',(0.0343007107321712,0.0426747382525137,0.0159555945961171));
#9559=CARTESIAN_POINT('',(0.0343007107321712,0.0426747382525137,0.0162353328501437));
#9560=CARTESIAN_POINT('',(0.0343007107321711,0.0426747382525137,0.0165150711041702));
#9561=CARTESIAN_POINT('',(0.033464265655775,0.0426747382525137,0.0175366235070757));
#9562=CARTESIAN_POINT('',(0.0326278205793789,0.0426747382525137,0.0185581759099812));
#9563=CARTESIAN_POINT('',(0.0325701187943073,0.0426747382525137,0.0186043373380384));
#9564=CARTESIAN_POINT('',(0.0325124170092358,0.0426747382525137,0.0186504987660955));
#9565=CARTESIAN_POINT('',(0.0334065638707035,0.0426747382525137,0.0186504987660955));
#9566=CARTESIAN_POINT('',(0.0354030456341768,0.0426747382525137,0.0169425259279797));
#9567=CARTESIAN_POINT('',(0.0354030456341768,0.0426747382525137,0.017715268233657));
#9568=CARTESIAN_POINT('',(0.0354031029769892,0.0426747382525137,0.016919444348087));
#9569=CARTESIAN_POINT('',(0.0329055527882469,0.0426747382525137,0.0169571568206229));
#9570=CARTESIAN_POINT('',(0.0353974732486122,0.0426747382525137,0.0167837331148618));
#9571=CARTESIAN_POINT('',(0.033944891484637,0.0426747382525137,0.0168760339658426));
#9572=CARTESIAN_POINT('',(0.035374364493115,0.0426747382525137,0.0166018653929963));
#9573=CARTESIAN_POINT('',(0.0347454081078691,0.0426747382525137,0.0167151157753038));
#9574=CARTESIAN_POINT('',(0.0353192646054157,0.0426747382525137,0.0164348371359726));
#9575=CARTESIAN_POINT('',(0.0351485435297836,0.0426747382525137,0.016508115121479));
#9576=CARTESIAN_POINT('',(0.0352186114887016,0.0426747382525137,0.0163364447595207));
#9577=CARTESIAN_POINT('',(0.0353107227780623,0.0426747382525137,0.0161434716083099));
#9578=CARTESIAN_POINT('',(0.0354031722826003,0.0426747382525137,0.0159497898963029));
#9579=CARTESIAN_POINT('',(0.0353935171885747,0.0426747382525137,0.0163687082321556));
#9580=CARTESIAN_POINT('',(0.0355618077598327,0.0426747382525137,0.0159847490286393));
#9581=CARTESIAN_POINT('',(0.03531157499065,0.0426747382525137,0.0165786276367287));
#9582=CARTESIAN_POINT('',(0.0357233681097323,0.0426747382525137,0.0160825847102146));
#9583=CARTESIAN_POINT('',(0.0352783043071087,0.0426747382525137,0.0166333049017538));
#9584=CARTESIAN_POINT('',(0.0358559096087952,0.0426747382525137,0.0162237780703274));
#9585=CARTESIAN_POINT('',(0.0353612131755118,0.0426747382525137,0.0165719791297307));
#9586=CARTESIAN_POINT('',(0.0359394414282012,0.0426747382525137,0.0163941281626604));
#9587=CARTESIAN_POINT('',(0.0359394414282012,0.0426747382525137,0.0163941281626604));
#9588=CARTESIAN_POINT('',(0.0359976048275533,0.0426747382525137,0.016250104507122));
#9589=CARTESIAN_POINT('',(0.0361679404970843,0.0426747382525137,0.0161374706226625));
#9590=CARTESIAN_POINT('',(0.0361679404970843,0.0426747382525137,0.0161374706226625));
#9591=CARTESIAN_POINT('',(0.0368310090254883,0.0426747382525137,0.0171479824517654));
#9592=CARTESIAN_POINT('',(0.0365460025928726,0.0426747382525137,0.0159733049797659));
#9593=CARTESIAN_POINT('',(0.0365460025928726,0.0426747382525137,0.0161924027220505));
#9594=CARTESIAN_POINT('',(0.0365460025928726,0.0426747382525137,0.016411722394748));
#9595=CARTESIAN_POINT('',(0.0366712047314682,0.0426747382525137,0.0170293796770747));
#9596=CARTESIAN_POINT('',(0.0362948842568536,0.0426747382525137,0.0165238415496224));
#9597=CARTESIAN_POINT('',(0.0368118432494767,0.0426747382525137,0.0172214425131826));
#9598=CARTESIAN_POINT('',(0.0361010064264014,0.0426747382525137,0.0167228392604996));
#9599=CARTESIAN_POINT('',(0.0361010064264014,0.0426747382525137,0.0173316667665018));
#9600=CARTESIAN_POINT('',(0.0361013534847688,0.0426747382525137,0.0179405424901128));
#9601=CARTESIAN_POINT('',(0.0389294430484502,0.0426747382525137,0.0179934077618422));
#9602=CARTESIAN_POINT('',(0.0361300881260774,0.0426747382525137,0.0183906099261336));
#9603=CARTESIAN_POINT('',(0.0361300881260774,0.0426747382525137,0.0183906099261336));
#9604=CARTESIAN_POINT('',(0.0361591698257534,0.0426747382525137,0.0185581759099812));
#9605=CARTESIAN_POINT('',(0.0362284119678392,0.0426747382525137,0.0186361887233978));
#9606=CARTESIAN_POINT('',(0.0362284119678392,0.0426747382525137,0.0186361887233978));
#9607=CARTESIAN_POINT('',(0.0364542938902523,0.0426747382525137,0.0184404286458611));
#9608=CARTESIAN_POINT('',(0.036398725714352,0.0426747382525137,0.0187341813852445));
#9609=CARTESIAN_POINT('',(0.0366200163372995,0.0426747382525137,0.0174824708292598));
#9610=CARTESIAN_POINT('',(0.0366383247767046,0.0426747382525137,0.0187537645921283));
#9611=CARTESIAN_POINT('',(0.0366442685971279,0.0426747382525137,0.0178664443685129));
#9612=CARTESIAN_POINT('',(0.0368774449110227,0.0426747382525137,0.0187225227897214));
#9613=CARTESIAN_POINT('',(0.0365038003808307,0.0426747382525137,0.0173556044339161));
#9614=CARTESIAN_POINT('',(0.0370851589416563,0.0426747382525137,0.0186477079378335));
#9615=CARTESIAN_POINT('',(0.0366883039388646,0.0426747382525137,0.0177571235973548));
#9616=CARTESIAN_POINT('',(0.0372522872313057,0.0426747382525137,0.0185521960612793));
#9617=CARTESIAN_POINT('',(0.0357043585125585,0.0426747382525137,0.0163824791984877));
#9618=CARTESIAN_POINT('',(0.0373594254099511,0.0426747382525137,0.0184714820835269));
#9619=CARTESIAN_POINT('',(0.0374890805680809,0.0426747382525137,0.0186703481801602));
#9620=CARTESIAN_POINT('',(0.0376191628262471,0.0426747382525137,0.0188698693661731));
#9621=CARTESIAN_POINT('',(0.0371055062891982,0.0426747382525137,0.018361318707837));
#9622=CARTESIAN_POINT('',(0.0374460694072216,0.0426747382525137,0.0189993200369709));
#9623=CARTESIAN_POINT('',(0.0366934793849605,0.0426747382525137,0.0176607400471428));
#9624=CARTESIAN_POINT('',(0.0371807120705193,0.0426747382525137,0.0191176209394798));
#9625=CARTESIAN_POINT('',(0.0364732563986474,0.0426747382525137,0.0170263760581376));
#9626=CARTESIAN_POINT('',(0.0368543567967103,0.0426747382525137,0.0192011802181018));
#9627=CARTESIAN_POINT('',(0.0364944588007768,0.0426747382525137,0.0171736666166495));
#9628=CARTESIAN_POINT('',(0.0364878392262818,0.0426747382525137,0.0192330133476048));
#9629=CARTESIAN_POINT('',(0.0364849080801818,0.0426747382525137,0.0175963074729219));
#9630=CARTESIAN_POINT('',(0.0361504120701996,0.0426747382525137,0.0191983691980423));
#9631=CARTESIAN_POINT('',(0.036342520826944,0.0426747382525137,0.0182485541759056));
#9632=CARTESIAN_POINT('',(0.0358503043366276,0.0426747382525137,0.019083106801819));
#9633=CARTESIAN_POINT('',(0.0362730627240781,0.0426747382525137,0.0183858014604657));
#9634=CARTESIAN_POINT('',(0.0356138171786849,0.0426747382525137,0.0188666638261197));
#9635=CARTESIAN_POINT('',(0.0362948010980048,0.0426747382525137,0.0183853426041253));
#9636=CARTESIAN_POINT('',(0.0354726328188596,0.0426747382525137,0.0185294953106046));
#9637=CARTESIAN_POINT('',(0.0386054779853383,0.0426747382525137,0.0178995718818546));
#9638=CARTESIAN_POINT('',(0.0354173556768744,0.0426747382525137,0.0181224120291213));
#9639=CARTESIAN_POINT('',(0.0412474765579608,0.0426747382525142,0.0177136751053403));
#9640=CARTESIAN_POINT('',(0.0371257901292708,0.0426747382525137,0.017239805524668));
#9641=CARTESIAN_POINT('',(0.0371978019570401,0.0426747382525137,0.0171216322688416));
#9642=CARTESIAN_POINT('',(0.0371978019570401,0.0426747382525137,0.0169369865566129));
#9643=CARTESIAN_POINT('',(0.0371257901292708,0.0426747382525137,0.017239805524668));
#9644=CARTESIAN_POINT('',(0.0371978019570401,0.0426747382525137,0.0169369865566129));
#9645=CARTESIAN_POINT('',(0.0371978019570401,0.0426747382525137,0.0169369865566129));
#9646=CARTESIAN_POINT('',(0.0371978019570401,0.0426747382525137,0.0166766361023703));
#9647=CARTESIAN_POINT('',(0.037091169058228,0.0426747382525137,0.0165496921752131));
#9648=CARTESIAN_POINT('',(0.037091169058228,0.0426747382525137,0.0165496921752131));
#9649=CARTESIAN_POINT('',(0.037091169058228,0.0426747382525137,0.0165496921752131));
#9650=CARTESIAN_POINT('',(0.0369845361594158,0.0426747382525137,0.0164227482480559));
#9651=CARTESIAN_POINT('',(0.0367823491045254,0.0426747382525137,0.0163996675340272));
#9652=CARTESIAN_POINT('',(0.0367823491045254,0.0426747382525137,0.0163996675340272));
#9653=CARTESIAN_POINT('',(0.0367823491045254,0.0426747382525137,0.0161660907080579));
#9654=CARTESIAN_POINT('',(0.0367823491045254,0.0426747382525137,0.0159322348598835));
#9655=CARTESIAN_POINT('',(0.0368451588180265,0.0426747382525137,0.0163057293837985));
#9656=CARTESIAN_POINT('',(0.0368571292339113,0.0426747382525137,0.0159270770754184));
#9657=CARTESIAN_POINT('',(0.0368626751909482,0.0426747382525137,0.0172996298827142));
#9658=CARTESIAN_POINT('',(0.0372351799390408,0.0426747382525137,0.0159787232461643));
#9659=CARTESIAN_POINT('',(0.0370054173484778,0.0426747382525137,0.0168098694334205));
#9660=CARTESIAN_POINT('',(0.0375552576124969,0.0426747382525137,0.0161455886237136));
#9661=CARTESIAN_POINT('',(0.0370535055026039,0.0426747382525137,0.016727442220804));
#9662=CARTESIAN_POINT('',(0.0377715885077909,0.0426747382525137,0.0164518299477318));
#9663=CARTESIAN_POINT('',(0.0377715885077909,0.0426747382525137,0.0164518299477318));
#9664=CARTESIAN_POINT('',(0.0378496013212075,0.0426747382525137,0.016642476645608));
#9665=CARTESIAN_POINT('',(0.0378496013212075,0.0426747382525137,0.0169194452139512));
#9666=CARTESIAN_POINT('',(0.0378496013212075,0.0426747382525137,0.0169194452139512));
#9667=CARTESIAN_POINT('',(0.0378496013212075,0.0426747382525137,0.0169194452139512));
#9668=CARTESIAN_POINT('',(0.0378496013212075,0.0426747382525137,0.0171844118109994));
#9669=CARTESIAN_POINT('',(0.037736967436748,0.0426747382525137,0.017377828194559));
#9670=CARTESIAN_POINT('',(0.037736967436748,0.0426747382525137,0.017377828194559));
#9671=CARTESIAN_POINT('',(0.0368715833001224,0.0426747382525137,0.0168825271547291));
#9672=CARTESIAN_POINT('',(0.0374485284067544,0.0426747382525137,0.0176955193383742));
#9673=CARTESIAN_POINT('',(0.0367337155495327,0.0426747382525137,0.0166678871688255));
#9674=CARTESIAN_POINT('',(0.0370477411836069,0.0426747382525137,0.0178799260069835));
#9675=CARTESIAN_POINT('',(0.0365920541842955,0.0426747382525137,0.0161943907895929));
#9676=CARTESIAN_POINT('',(0.036592164021297,0.0426747382525137,0.0179405418406826));
#9677=CARTESIAN_POINT('',(0.0364652200937726,0.0426747382525137,0.0179405360025761));
#9678=CARTESIAN_POINT('',(0.0363382761666153,0.0426747382525137,0.0179405360025761));
#9679=CARTESIAN_POINT('',(0.0363382761666153,0.0426747382525137,0.0177355792620021));
#9680=CARTESIAN_POINT('',(0.0363382761666153,0.0426747382525137,0.0175306225214283));
#9681=CARTESIAN_POINT('',(0.0364015173230536,0.0426747382525137,0.0175306225214283));
#9682=CARTESIAN_POINT('',(0.0364647587938502,0.0426747382525137,0.0175306747752969));
#9683=CARTESIAN_POINT('',(0.0364565925378013,0.0426747382525137,0.0161732476952443));
#9684=CARTESIAN_POINT('',(0.0367070966394329,0.0426747382525137,0.0175074909220701));
#9685=CARTESIAN_POINT('',(0.0365780465030925,0.0426747382525137,0.0167849428275363));
#9686=CARTESIAN_POINT('',(0.0369439696219525,0.0426747382525137,0.0174213135015542));
#9687=CARTESIAN_POINT('',(0.0366850598219422,0.0426747382525137,0.0169812704769011));
#9688=CARTESIAN_POINT('',(0.0410439721427647,0.0426747382525137,0.020207985348745));
#9689=CARTESIAN_POINT('',(0.041220308797943,0.0426747382525137,0.020207985348745));
#9690=CARTESIAN_POINT('',(0.0408676354875862,0.0426747382525137,0.020207985348745));
#9691=CARTESIAN_POINT('',(0.0408676354875862,0.0426747382525137,0.020207985348745));
#9692=CARTESIAN_POINT('',(0.0403312396935617,0.0426747382525137,0.020207985348745));
#9693=CARTESIAN_POINT('',(0.0399245575123779,0.0426747382525137,0.0200381112934945));
#9694=CARTESIAN_POINT('',(0.0399245575123779,0.0426747382525137,0.0200381112934945));
#9695=CARTESIAN_POINT('',(0.0399245575123779,0.0426747382525137,0.0200381112934945));
#9696=CARTESIAN_POINT('',(0.0395178753311941,0.0426747382525137,0.019868237238244));
#9697=CARTESIAN_POINT('',(0.0392496774341819,0.0426747382525137,0.0195852676842535));
#9698=CARTESIAN_POINT('',(0.0392496774341819,0.0426747382525137,0.0195852676842535));
#9699=CARTESIAN_POINT('',(0.040597263963819,0.0426747382525137,0.0182978492974311));
#9700=CARTESIAN_POINT('',(0.0388485605016871,0.0426747382525137,0.0189417676545671));
#9701=CARTESIAN_POINT('',(0.0408423750309919,0.0426747382525137,0.0182013706055348));
#9702=CARTESIAN_POINT('',(0.0387155887511719,0.0426747382525137,0.0181999632276219));
#9703=CARTESIAN_POINT('',(0.0387155897115602,0.0426747382525137,0.0181999632282575));
#9704=CARTESIAN_POINT('',(0.0387155897115602,0.0426747382525137,0.0176755694055278));
#9705=CARTESIAN_POINT('',(0.0388282235960198,0.0426747382525137,0.0173030466811064));
#9706=CARTESIAN_POINT('',(0.0388282235960198,0.0426747382525137,0.0173030466811064));
#9707=CARTESIAN_POINT('',(0.0388282235960198,0.0426747382525137,0.0173030466811064));
#9708=CARTESIAN_POINT('',(0.0389408574804793,0.0426747382525137,0.0169305239566849));
#9709=CARTESIAN_POINT('',(0.0391139628356937,0.0426747382525137,0.0166798674023344));
#9710=CARTESIAN_POINT('',(0.0391139628356937,0.0426747382525137,0.0166798674023344));
#9711=CARTESIAN_POINT('',(0.040342500267535,0.0426747382525137,0.0174961637456392));
#9712=CARTESIAN_POINT('',(0.0395034973302475,0.0426747382525137,0.016284629126003));
#9713=CARTESIAN_POINT('',(0.0405997214681548,0.0426747382525137,0.0178814716690078));
#9714=CARTESIAN_POINT('',(0.0399217736529125,0.0426747382525137,0.0160681911372614));
#9715=CARTESIAN_POINT('',(0.0405295988613927,0.0426747382525137,0.0176987365654012));
#9716=CARTESIAN_POINT('',(0.0402910719485164,0.0426747382525137,0.0159758550273287));
#9717=CARTESIAN_POINT('',(0.0406196463939556,0.0426747382525137,0.0183696931802527));
#9718=CARTESIAN_POINT('',(0.0405389586362162,0.0426747382525137,0.0159553706732911));
#9719=CARTESIAN_POINT('',(0.0408796374588811,0.0426747382525137,0.0159555945961171));
#9720=CARTESIAN_POINT('',(0.041220308797943,0.0426747382525137,0.0159555945961171));
#9721=CARTESIAN_POINT('',(0.041220308797943,0.0426747382525137,0.0162094824504317));
#9722=CARTESIAN_POINT('',(0.041220308797943,0.0426747382525137,0.0164633703047461));
#9723=CARTESIAN_POINT('',(0.040995041029024,0.0426747382525137,0.0164633703047461));
#9724=CARTESIAN_POINT('',(0.0407697732601049,0.0426747382525137,0.0164633703047461));
#9725=CARTESIAN_POINT('',(0.0407697732601049,0.0426747382525137,0.0164633703047461));
#9726=CARTESIAN_POINT('',(0.0400662730965134,0.0426747382525137,0.0164633703047461));
#9727=CARTESIAN_POINT('',(0.0397546834571275,0.0426747382525137,0.0169134442283037));
#9728=CARTESIAN_POINT('',(0.0397546834571275,0.0426747382525137,0.0169134442283037));
#9729=CARTESIAN_POINT('',(0.0397546834571275,0.0426747382525137,0.0169134442283037));
#9730=CARTESIAN_POINT('',(0.0394430938177415,0.0426747382525137,0.0173635181518613));
#9731=CARTESIAN_POINT('',(0.0394430938177415,0.0426747382525137,0.0182175045709192));
#9732=CARTESIAN_POINT('',(0.0394430926712711,0.0426747382525137,0.0182175045707417));
#9733=CARTESIAN_POINT('',(0.0416528538546881,0.0426747382525137,0.0182178466518083));
#9734=CARTESIAN_POINT('',(0.0395062679316942,0.0426747382525137,0.0187428382143827));
#9735=CARTESIAN_POINT('',(0.0405878300791166,0.0426747382525137,0.0184764935899952));
#9736=CARTESIAN_POINT('',(0.0397514521571634,0.0426747382525137,0.019212744959832));
#9737=CARTESIAN_POINT('',(0.0397514521571634,0.0426747382525137,0.019212744959832));
#9738=CARTESIAN_POINT('',(0.0399333281837088,0.0426747382525137,0.0194232410717728));
#9739=CARTESIAN_POINT('',(0.0402449178230948,0.0426747382525137,0.019553416298894));
#9740=CARTESIAN_POINT('',(0.0402449178230948,0.0426747382525137,0.019553416298894));
#9741=CARTESIAN_POINT('',(0.0402449178230948,0.0426747382525137,0.019553416298894));
#9742=CARTESIAN_POINT('',(0.0405565074624807,0.0426747382525137,0.0196835915260154));
#9743=CARTESIAN_POINT('',(0.0410522811998149,0.0426747382525137,0.0196835915260154));
#9744=CARTESIAN_POINT('',(0.0410522811998149,0.0426747382525137,0.0196835915260154));
#9745=CARTESIAN_POINT('',(0.041136294998879,0.0426747382525137,0.0196835915260154));
#9746=CARTESIAN_POINT('',(0.041220308797943,0.0426747382525137,0.0196835915260154));
#9747=CARTESIAN_POINT('',(0.041220308797943,0.0426747382525137,0.0199457884373801));
#9748=CARTESIAN_POINT('',(0.0225706302485601,0.0426747382525137,0.0179349966312092));
#9749=CARTESIAN_POINT('',(0.0234878578240564,0.0426747382525137,0.0179349966312092));
#9750=CARTESIAN_POINT('',(0.0216534026730639,0.0426747382525137,0.0179349966312092));
#9751=CARTESIAN_POINT('',(0.0216534026730639,0.0426747382525137,0.0176437180201684));
#9752=CARTESIAN_POINT('',(0.0216534026730639,0.0426747382525137,0.0173524394091275));
#9753=CARTESIAN_POINT('',(0.0225706302485601,0.0426747382525137,0.0173524394091275));
#9754=CARTESIAN_POINT('',(0.0234878578240564,0.0426747382525137,0.0173524394091275));
#9755=CARTESIAN_POINT('',(0.0234878578240564,0.0426747382525137,0.0176437180201684));
#9756=CARTESIAN_POINT('',(0.0260932088236039,0.0426747382525137,0.0165441528038462));
#9757=CARTESIAN_POINT('',(0.0259750355677775,0.0426747382525137,0.0168271223578368));
#9758=CARTESIAN_POINT('',(0.0262113820794302,0.0426747382525137,0.0162611832498557));
#9759=CARTESIAN_POINT('',(0.0268174816298211,0.0426747382525137,0.0177355792620021));
#9760=CARTESIAN_POINT('',(0.0274235811802119,0.0426747382525137,0.0192099752741486));
#9761=CARTESIAN_POINT('',(0.0270746007840996,0.0426747382525137,0.0192099752741486));
#9762=CARTESIAN_POINT('',(0.0267256203879873,0.0426747382525137,0.0192099752741486));
#9763=CARTESIAN_POINT('',(0.0263101675354726,0.0426747382525137,0.0181164110434739));
#9764=CARTESIAN_POINT('',(0.0258947146829579,0.0426747382525137,0.0170228468127992));
#9765=CARTESIAN_POINT('',(0.0259348751253677,0.0426747382525137,0.016924984585318));
#9766=CARTESIAN_POINT('',(0.0245786523690476,0.0426747382525137,0.0192099752741486));
#9767=CARTESIAN_POINT('',(0.024930864065124,0.0426747382525137,0.0192099752741486));
#9768=CARTESIAN_POINT('',(0.0242264793604112,0.0426747382525137,0.0192099752741486));
#9769=CARTESIAN_POINT('',(0.368563853384698,0.0426747382525137,0.147988541706626));
#9770=CARTESIAN_POINT('',(0.0247923610150151,0.0426747382525137,0.0177069520624309));
#9771=CARTESIAN_POINT('',(-0.231884548678058,0.0426747382525137,-0.0797730307975788));
#9772=CARTESIAN_POINT('',(0.0252254728807659,0.0426747382525137,0.0165589610266885));
#9773=CARTESIAN_POINT('',(0.0501256409651327,0.0426747382525137,0.0257923529529264));
#9774=CARTESIAN_POINT('',(0.0255513295378195,0.0426747382525137,0.0157248094547006));
#9775=CARTESIAN_POINT('',(0.0326262839470916,0.0426747382525137,0.018598180732004));
#9776=CARTESIAN_POINT('',(0.0258108128224474,0.0426747382525137,0.0151561318264804));
#9777=CARTESIAN_POINT('',(0.02783524875981,0.0426747382525137,0.0161556879741924));
#9778=CARTESIAN_POINT('',(0.02603262358412,0.0426747382525137,0.0147982442610274));
#9779=CARTESIAN_POINT('',(0.0267400023463984,0.0426747382525137,0.015339240389159));
#9780=CARTESIAN_POINT('',(0.0262463239649124,0.0426747382525137,0.0145991613498937));
#9781=CARTESIAN_POINT('',(0.0265451433764898,0.0426747382525137,0.0150707128832126));
#9782=CARTESIAN_POINT('',(0.0264860362424341,0.0426747382525137,0.0145157538811241));
#9783=CARTESIAN_POINT('',(0.0267637194834756,0.0426747382525137,0.0172545759176671));
#9784=CARTESIAN_POINT('',(0.0267828623985808,0.0426747382525137,0.014501504908609));
#9785=CARTESIAN_POINT('',(0.0267698660167123,0.0426747382525137,0.0151157509792701));
#9786=CARTESIAN_POINT('',(0.0269037869375639,0.0426747382525137,0.0145158938880084));
#9787=CARTESIAN_POINT('',(0.0265985918640738,0.0426747382525137,0.0159955079135559));
#9788=CARTESIAN_POINT('',(0.0270395129886837,0.0426747382525137,0.0145504580007657));
#9789=CARTESIAN_POINT('',(0.0265495300942864,0.0426747382525137,0.0161785207471766));
#9790=CARTESIAN_POINT('',(0.0271581294192901,0.0426747382525137,0.0145911264409209));
#9791=CARTESIAN_POINT('',(0.00294609481157615,0.0426747382525137,0.00547274979339089));
#9792=CARTESIAN_POINT('',(0.0272268724654621,0.0426747382525137,0.0146171354513124));
#9793=CARTESIAN_POINT('',(0.0194616062040054,0.0426747382525137,0.0128897132673734));
#9794=CARTESIAN_POINT('',(0.0271807656517768,0.0426747382525137,0.0148126368856677));
#9795=CARTESIAN_POINT('',(0.0250620923468059,0.0426747382525137,0.0143838970347038));
#9796=CARTESIAN_POINT('',(0.0271437799700072,0.0426747382525137,0.014965877727467));
#9797=CARTESIAN_POINT('',(0.0261013112927914,0.0426747382525137,0.0146906258827589));
#9798=CARTESIAN_POINT('',(0.0271115299265453,0.0426747382525137,0.0150665254917358));
#9799=CARTESIAN_POINT('',(0.0271603721776958,0.0426747382525137,0.0144858536199444));
#9800=CARTESIAN_POINT('',(0.0269702759566904,0.0426747382525137,0.0150379054063404));
#9801=CARTESIAN_POINT('',(0.0267801797356849,0.0426747382525137,0.0155899571927352));
#9802=CARTESIAN_POINT('',(0.0268290507930835,0.0426747382525137,0.0150090083123661));
#9803=CARTESIAN_POINT('',(0.0268186369535497,0.0426747382525137,0.0163902141391089));
#9804=CARTESIAN_POINT('',(0.0266646838125337,0.0426747382525137,0.0150180239515298));
#9805=CARTESIAN_POINT('',(0.0266954442757169,0.0426747382525137,0.0152839423333674));
#9806=CARTESIAN_POINT('',(0.0265348350008811,0.0426747382525137,0.0150695913957077));
#9807=CARTESIAN_POINT('',(0.0268230189301725,0.0426747382525137,0.015426974370455));
#9808=CARTESIAN_POINT('',(0.0264250662527749,0.0426747382525137,0.0151966759933192));
#9809=CARTESIAN_POINT('',(0.0278803452710266,0.0426747382525137,0.0160368989666466));
#9810=CARTESIAN_POINT('',(0.0263103621436631,0.0426747382525137,0.0154358914144411));
#9811=CARTESIAN_POINT('',(0.0262003033366965,0.0426747382525137,0.0156957057561552));
#9812=CARTESIAN_POINT('',(0.0260904391379204,0.0426747382525137,0.0159555945961171));
#9813=CARTESIAN_POINT('',(0.0255106516015222,0.0426747382525137,0.0175827849351329));
#9814=CARTESIAN_POINT('',(0.0308330642565155,0.0426747382525137,0.0189302370201221));
#9815=CARTESIAN_POINT('',(0.0308330642565155,0.0426747382525137,0.0186504987660955));
#9816=CARTESIAN_POINT('',(0.0308330642565155,0.0426747382525137,0.0192099752741486));
#9817=CARTESIAN_POINT('',(0.0295954763703024,0.0426747382525137,0.0192099752741486));
#9818=CARTESIAN_POINT('',(0.0283578884840893,0.0426747382525137,0.0192099752741486));
#9819=CARTESIAN_POINT('',(0.0283578884840893,0.0426747382525137,0.0189302370201221));
#9820=CARTESIAN_POINT('',(0.0283578884840893,0.0426747382525137,0.0186504987660955));
#9821=CARTESIAN_POINT('',(0.0291947951747661,0.0426747382525137,0.0176289463631901));
#9822=CARTESIAN_POINT('',(0.0300317018654428,0.0426747382525137,0.0166073939602846));
#9823=CARTESIAN_POINT('',(0.0300894036505143,0.0426747382525137,0.0165612325322274));
#9824=CARTESIAN_POINT('',(0.0301471054355857,0.0426747382525137,0.0165150711041702));
#9825=CARTESIAN_POINT('',(0.0292524969598376,0.0426747382525137,0.0165150711041702));
#9826=CARTESIAN_POINT('',(0.0283578884840893,0.0426747382525137,0.0165150711041702));
#9827=CARTESIAN_POINT('',(0.0283578884840893,0.0426747382525137,0.0162353328501437));
#9828=CARTESIAN_POINT('',(0.0283578884840893,0.0426747382525137,0.0159555945961171));
#9829=CARTESIAN_POINT('',(0.0295954763703024,0.0426747382525137,0.0159555945961171));
#9830=CARTESIAN_POINT('',(0.0308330642565155,0.0426747382525137,0.0159555945961171));
#9831=CARTESIAN_POINT('',(0.0308330642565155,0.0426747382525137,0.0162353328501437));
#9832=CARTESIAN_POINT('',(0.0308330642565155,0.0426747382525137,0.0165150711041702));
#9833=CARTESIAN_POINT('',(0.0299966191801193,0.0426747382525137,0.0175366235070757));
#9834=CARTESIAN_POINT('',(0.0291601741037231,0.0426747382525137,0.0185581759099812));
#9835=CARTESIAN_POINT('',(0.0291024723186517,0.0426747382525137,0.0186043373380384));
#9836=CARTESIAN_POINT('',(0.0290447705335802,0.0426747382525137,0.0186504987660955));
#9837=CARTESIAN_POINT('',(0.0299389173950479,0.0426747382525137,0.0186504987660955));
#9838=CARTESIAN_POINT('',(0.00751877340195413,0.0426747382525137,0.017239805524668));
#9839=CARTESIAN_POINT('',(0.00759078522972334,0.0426747382525137,0.0171216322688416));
#9840=CARTESIAN_POINT('',(0.00759078522972334,0.0426747382525137,0.0169369865566129));
#9841=CARTESIAN_POINT('',(0.00751877340195413,0.0426747382525137,0.017239805524668));
#9842=CARTESIAN_POINT('',(0.00759078522972334,0.0426747382525137,0.0169369865566129));
#9843=CARTESIAN_POINT('',(0.00759078522972334,0.0426747382525137,0.0169369865566129));
#9844=CARTESIAN_POINT('',(0.00759078522972334,0.0426747382525137,0.0166766361023703));
#9845=CARTESIAN_POINT('',(0.00748415233091124,0.0426747382525137,0.0165496921752131));
#9846=CARTESIAN_POINT('',(0.00748415233091124,0.0426747382525137,0.0165496921752131));
#9847=CARTESIAN_POINT('',(0.00748415233091124,0.0426747382525137,0.0165496921752131));
#9848=CARTESIAN_POINT('',(0.00737751943209915,0.0426747382525137,0.0164227482480559));
#9849=CARTESIAN_POINT('',(0.00717533237720868,0.0426747382525137,0.0163996675340272));
#9850=CARTESIAN_POINT('',(0.00717533237720868,0.0426747382525137,0.0163996675340272));
#9851=CARTESIAN_POINT('',(0.00717533237720868,0.0426747382525137,0.0161660907080579));
#9852=CARTESIAN_POINT('',(0.00717533237720868,0.0426747382525137,0.0159322348598835));
#9853=CARTESIAN_POINT('',(0.00723814209070973,0.0426747382525137,0.0163057293837984));
#9854=CARTESIAN_POINT('',(0.00725011250659458,0.0426747382525137,0.0159270770754184));
#9855=CARTESIAN_POINT('',(0.00725565846363144,0.0426747382525137,0.0172996298827146));
#9856=CARTESIAN_POINT('',(0.00762816321172413,0.0426747382525137,0.0159787232461643));
#9857=CARTESIAN_POINT('',(0.00739840062116105,0.0426747382525137,0.0168098694334204));
#9858=CARTESIAN_POINT('',(0.00794824088518017,0.0426747382525137,0.0161455886237137));
#9859=CARTESIAN_POINT('',(0.00744648877527376,0.0426747382525137,0.016727442220816));
#9860=CARTESIAN_POINT('',(0.00816457178047413,0.0426747382525137,0.0164518299477318));
#9861=CARTESIAN_POINT('',(0.00816457178047413,0.0426747382525137,0.0164518299477318));
#9862=CARTESIAN_POINT('',(0.00824258459389077,0.0426747382525137,0.016642476645608));
#9863=CARTESIAN_POINT('',(0.00824258459389077,0.0426747382525137,0.0169194452139512));
#9864=CARTESIAN_POINT('',(0.00824258459389077,0.0426747382525137,0.0169194452139512));
#9865=CARTESIAN_POINT('',(0.00824258459389077,0.0426747382525137,0.0169194452139512));
#9866=CARTESIAN_POINT('',(0.00824258459389077,0.0426747382525137,0.0171844118109994));
#9867=CARTESIAN_POINT('',(0.00812995070943125,0.0426747382525137,0.017377828194559));
#9868=CARTESIAN_POINT('',(0.00812995070943125,0.0426747382525137,0.017377828194559));
#9869=CARTESIAN_POINT('',(0.00726456657280525,0.0426747382525137,0.0168825271547288));
#9870=CARTESIAN_POINT('',(0.00784151167943768,0.0426747382525137,0.0176955193383742));
#9871=CARTESIAN_POINT('',(0.00712669882221584,0.0426747382525137,0.0166678871688252));
#9872=CARTESIAN_POINT('',(0.00744072445629022,0.0426747382525137,0.0178799260069835));
#9873=CARTESIAN_POINT('',(0.00698503745697878,0.0426747382525137,0.016194390789593));
#9874=CARTESIAN_POINT('',(0.00698514729398031,0.0426747382525137,0.0179405418406826));
#9875=CARTESIAN_POINT('',(0.00685820336645583,0.0426747382525137,0.0179405360025761));
#9876=CARTESIAN_POINT('',(0.00673125943929857,0.0426747382525137,0.0179405360025761));
#9877=CARTESIAN_POINT('',(0.00673125943929857,0.0426747382525137,0.0177355792620021));
#9878=CARTESIAN_POINT('',(0.00673125943929857,0.0426747382525137,0.0175306225214283));
#9879=CARTESIAN_POINT('',(0.00679450059573691,0.0426747382525137,0.0175306225214283));
#9880=CARTESIAN_POINT('',(0.00685774206653355,0.0426747382525137,0.0175306747752969));
#9881=CARTESIAN_POINT('',(0.00684957581048458,0.0426747382525137,0.0161732476952447));
#9882=CARTESIAN_POINT('',(0.00710007991211616,0.0426747382525137,0.0175074909220701));
#9883=CARTESIAN_POINT('',(0.00697102977577577,0.0426747382525137,0.0167849428275363));
#9884=CARTESIAN_POINT('',(0.00733695289463574,0.0426747382525137,0.0174213135015542));
#9885=CARTESIAN_POINT('',(0.00707804309462541,0.0426747382525137,0.0169812704769011));
#9886=CARTESIAN_POINT('',(0.00979545503373445,0.0426747382525137,0.0187714417076053));
#9887=CARTESIAN_POINT('',(0.00979545503373445,0.0426747382525137,0.0184770045598426));
#9888=CARTESIAN_POINT('',(0.00979545503373445,0.0426747382525137,0.0190665621474357));
#9889=CARTESIAN_POINT('',(0.00920870972889825,0.0426747382525137,0.0179595498110045));
#9890=CARTESIAN_POINT('',(0.00944924432330557,0.0426747382525137,0.0191896642458035));
#9891=CARTESIAN_POINT('',(0.00944924432330557,0.0426747382525137,0.0191896642458035));
#9892=CARTESIAN_POINT('',(0.0092470572684151,0.0426747382525137,0.0192330559881772));
#9893=CARTESIAN_POINT('',(0.00890084655798622,0.0426747382525137,0.0192330559881772));
#9894=CARTESIAN_POINT('',(0.00890084655798622,0.0426747382525137,0.0192330559881772));
#9895=CARTESIAN_POINT('',(0.00890084655798622,0.0426747382525137,0.0188697655493671));
#9896=CARTESIAN_POINT('',(0.00890084655798622,0.0426747382525137,0.0185071978746465));
#9897=CARTESIAN_POINT('',(0.00929924291483948,0.0426747382525137,0.0169564686897883));
#9898=CARTESIAN_POINT('',(0.00929321992995556,0.0426747382525137,0.0185578726079989));
#9899=CARTESIAN_POINT('',(0.00929111914085876,0.0426747382525137,0.0168981929874917));
#9900=CARTESIAN_POINT('',(0.00955033253184745,0.0426747382525137,0.0185378299240616));
#9901=CARTESIAN_POINT('',(0.00934208762801177,0.0426747382525137,0.0171734863687306));
#9902=CARTESIAN_POINT('',(0.0104181726982259,0.0426747382525137,0.0192099752741486));
#9903=CARTESIAN_POINT('',(0.0107297623376118,0.0426747382525137,0.0192099752741486));
#9904=CARTESIAN_POINT('',(0.0101065830588399,0.0426747382525137,0.0192099752741486));
#9905=CARTESIAN_POINT('',(0.0100691923021135,0.0426747382525137,0.0190428709045816));
#9906=CARTESIAN_POINT('',(0.0100318015453872,0.0426747382525137,0.0188757665350146));
#9907=CARTESIAN_POINT('',(0.0100318015453872,0.0426747382525137,0.0165270730754651));
#9908=CARTESIAN_POINT('',(0.0100318015453872,0.0426747382525137,0.0159555945961171));
#9909=CARTESIAN_POINT('',(0.0103807819414995,0.0426747382525137,0.0159555945961171));
#9910=CARTESIAN_POINT('',(0.0107297623376118,0.0426747382525137,0.0159555945961171));
#9911=CARTESIAN_POINT('',(0.0107297623376118,0.0426747382525137,0.0175827849351329));
#9912=CARTESIAN_POINT('',(0.0118320972396174,0.0426747382525137,0.0169425259279797));
#9913=CARTESIAN_POINT('',(0.0118320972396174,0.0426747382525137,0.017715268233657));
#9914=CARTESIAN_POINT('',(0.0118321545824298,0.0426747382525137,0.016919444348087));
#9915=CARTESIAN_POINT('',(0.00933460439366635,0.0426747382525137,0.0169571568206229));
#9916=CARTESIAN_POINT('',(0.0118265248540529,0.0426747382525137,0.0167837331148618));
#9917=CARTESIAN_POINT('',(0.0103739430900792,0.0426747382525137,0.0168760339658427));
#9918=CARTESIAN_POINT('',(0.0118034160985556,0.0426747382525137,0.0166018653929963));
#9919=CARTESIAN_POINT('',(0.0111744597133105,0.0426747382525137,0.0167151157753036));
#9920=CARTESIAN_POINT('',(0.0117483162108563,0.0426747382525137,0.0164348371359726));
#9921=CARTESIAN_POINT('',(0.0115775951352247,0.0426747382525137,0.0165081151214785));
#9922=CARTESIAN_POINT('',(0.0116476630941423,0.0426747382525137,0.0163364447595208));
#9923=CARTESIAN_POINT('',(0.011739774383503,0.0426747382525137,0.0161434716083099));
#9924=CARTESIAN_POINT('',(0.0118322238832961,0.0426747382525137,0.0159497898885848));
#9925=CARTESIAN_POINT('',(0.0118225687940145,0.0426747382525137,0.0163687082321643));
#9926=CARTESIAN_POINT('',(0.0119908593652734,0.0426747382525137,0.0159847490286391));
#9927=CARTESIAN_POINT('',(0.011740626596091,0.0426747382525137,0.016578627636728));
#9928=CARTESIAN_POINT('',(0.012152419715173,0.0426747382525137,0.0160825847102146));
#9929=CARTESIAN_POINT('',(0.011707355912549,0.0426747382525137,0.0166333049017543));
#9930=CARTESIAN_POINT('',(0.0122849612142359,0.0426747382525137,0.0162237780703274));
#9931=CARTESIAN_POINT('',(0.0117902647815447,0.0426747382525137,0.0165719791294094));
#9932=CARTESIAN_POINT('',(0.0123684930336419,0.0426747382525137,0.0163941281626604));
#9933=CARTESIAN_POINT('',(0.0123684930336419,0.0426747382525137,0.0163941281626604));
#9934=CARTESIAN_POINT('',(0.0124266564329939,0.0426747382525137,0.016250104507122));
#9935=CARTESIAN_POINT('',(0.0125969921025249,0.0426747382525137,0.0161374706226625));
#9936=CARTESIAN_POINT('',(0.0125969921025249,0.0426747382525137,0.0161374706226625));
#9937=CARTESIAN_POINT('',(0.0132600606309289,0.0426747382525137,0.0171479824517651));
#9938=CARTESIAN_POINT('',(0.0129750541983133,0.0426747382525137,0.0159733049797659));
#9939=CARTESIAN_POINT('',(0.0129750541983133,0.0426747382525137,0.0161924027220505));
#9940=CARTESIAN_POINT('',(0.0129750541983133,0.0426747382525137,0.016411722394748));
#9941=CARTESIAN_POINT('',(0.0131002563369089,0.0426747382525137,0.017029379677075));
#9942=CARTESIAN_POINT('',(0.0127239358622958,0.0426747382525137,0.0165238415496246));
#9943=CARTESIAN_POINT('',(0.0132408948544471,0.0426747382525137,0.0172214425127242));
#9944=CARTESIAN_POINT('',(0.012530058031842,0.0426747382525137,0.016722839260509));
#9945=CARTESIAN_POINT('',(0.012530058031842,0.0426747382525137,0.0173316667665018));
#9946=CARTESIAN_POINT('',(0.0125304050902094,0.0426747382525137,0.0179405424901128));
#9947=CARTESIAN_POINT('',(0.0153584946538894,0.0426747382525137,0.0179934077618423));
#9948=CARTESIAN_POINT('',(0.0125591397315181,0.0426747382525137,0.0183906099261336));
#9949=CARTESIAN_POINT('',(0.0125591397315181,0.0426747382525137,0.0183906099261336));
#9950=CARTESIAN_POINT('',(0.0125882214311941,0.0426747382525137,0.0185581759099812));
#9951=CARTESIAN_POINT('',(0.0126574635732799,0.0426747382525137,0.0186361887233978));
#9952=CARTESIAN_POINT('',(0.0126574635732799,0.0426747382525137,0.0186361887233978));
#9953=CARTESIAN_POINT('',(0.0128833454956935,0.0426747382525137,0.0184404286458602));
#9954=CARTESIAN_POINT('',(0.0128277773197926,0.0426747382525137,0.0187341813852445));
#9955=CARTESIAN_POINT('',(0.0130490679427409,0.0426747382525137,0.0174824708292548));
#9956=CARTESIAN_POINT('',(0.0130673763821453,0.0426747382525137,0.0187537645921284));
#9957=CARTESIAN_POINT('',(0.0130733202025686,0.0426747382525137,0.0178664443685132));
#9958=CARTESIAN_POINT('',(0.0133064965164633,0.0426747382525137,0.0187225227897214));
#9959=CARTESIAN_POINT('',(0.0129328519862717,0.0426747382525137,0.0173556044339167));
#9960=CARTESIAN_POINT('',(0.013514210547097,0.0426747382525137,0.0186477079378335));
#9961=CARTESIAN_POINT('',(0.0131173555443061,0.0426747382525137,0.0177571235973565));
#9962=CARTESIAN_POINT('',(0.0136813388367463,0.0426747382525137,0.0185521960612793));
#9963=CARTESIAN_POINT('',(0.0121334101179954,0.0426747382525137,0.0163824791984826));
#9964=CARTESIAN_POINT('',(0.0137884770153918,0.0426747382525137,0.0184714820835269));
#9965=CARTESIAN_POINT('',(0.0139181321735216,0.0426747382525137,0.0186703481801602));
#9966=CARTESIAN_POINT('',(0.0140482144316877,0.0426747382525137,0.0188698693661729));
#9967=CARTESIAN_POINT('',(0.0135345578945905,0.0426747382525137,0.0183613187077804));
#9968=CARTESIAN_POINT('',(0.0138751210126626,0.0426747382525137,0.0189993200369715));
#9969=CARTESIAN_POINT('',(0.0131225309904014,0.0426747382525137,0.0176607400471435));
#9970=CARTESIAN_POINT('',(0.0136097636759599,0.0426747382525137,0.0191176209394798));
#9971=CARTESIAN_POINT('',(0.0129023080040881,0.0426747382525137,0.0170263760581379));
#9972=CARTESIAN_POINT('',(0.0132834084021509,0.0426747382525137,0.0192011802181018));
#9973=CARTESIAN_POINT('',(0.0129235104062175,0.0426747382525137,0.0171736666166495));
#9974=CARTESIAN_POINT('',(0.0129168908317225,0.0426747382525137,0.0192330133476048));
#9975=CARTESIAN_POINT('',(0.0129139596856225,0.0426747382525137,0.0175963074729219));
#9976=CARTESIAN_POINT('',(0.0125794636756403,0.0426747382525137,0.0191983691980423));
#9977=CARTESIAN_POINT('',(0.0127715724323846,0.0426747382525137,0.0182485541759057));
#9978=CARTESIAN_POINT('',(0.0122793559420683,0.0426747382525137,0.019083106801819));
#9979=CARTESIAN_POINT('',(0.0127021143295185,0.0426747382525137,0.018385801460466));
#9980=CARTESIAN_POINT('',(0.0120428687841255,0.0426747382525137,0.0188666638261197));
#9981=CARTESIAN_POINT('',(0.0127238527034449,0.0426747382525137,0.0183853426041256));
#9982=CARTESIAN_POINT('',(0.0119016844243003,0.0426747382525137,0.0185294953106046));
#9983=CARTESIAN_POINT('',(0.0150345295907781,0.0426747382525137,0.0178995718818549));
#9984=CARTESIAN_POINT('',(0.0118464072823151,0.0426747382525137,0.0181224120291213));
#9985=CARTESIAN_POINT('',(0.0176765281633815,0.0426747382525142,0.0177136751053404));
#9986=CARTESIAN_POINT('',(0.0135548417347115,0.0426747382525137,0.017239805524668));
#9987=CARTESIAN_POINT('',(0.0136268535624807,0.0426747382525137,0.0171216322688416));
#9988=CARTESIAN_POINT('',(0.0136268535624807,0.0426747382525137,0.0169369865566129));
#9989=CARTESIAN_POINT('',(0.0135548417347115,0.0426747382525137,0.017239805524668));
#9990=CARTESIAN_POINT('',(0.0136268535624807,0.0426747382525137,0.0169369865566129));
#9991=CARTESIAN_POINT('',(0.0136268535624807,0.0426747382525137,0.0169369865566129));
#9992=CARTESIAN_POINT('',(0.0136268535624807,0.0426747382525137,0.0166766361023703));
#9993=CARTESIAN_POINT('',(0.0135202206636686,0.0426747382525137,0.0165496921752131));
#9994=CARTESIAN_POINT('',(0.0135202206636686,0.0426747382525137,0.0165496921752131));
#9995=CARTESIAN_POINT('',(0.0135202206636686,0.0426747382525137,0.0165496921752131));
#9996=CARTESIAN_POINT('',(0.0134135877648565,0.0426747382525137,0.0164227482480559));
#9997=CARTESIAN_POINT('',(0.0132114007099661,0.0426747382525137,0.0163996675340272));
#9998=CARTESIAN_POINT('',(0.0132114007099661,0.0426747382525137,0.0163996675340272));
#9999=CARTESIAN_POINT('',(0.0132114007099661,0.0426747382525137,0.0161660907080579));
#10000=CARTESIAN_POINT('',(0.0132114007099661,0.0426747382525137,0.0159322348598837));
#10001=CARTESIAN_POINT('',(0.0132742104234634,0.0426747382525137,0.016305729383746));
#10002=CARTESIAN_POINT('',(0.013286180839352,0.0426747382525137,0.0159270770754185));
#10003=CARTESIAN_POINT('',(0.0132917267963888,0.0426747382525137,0.0172996298827148));
#10004=CARTESIAN_POINT('',(0.0136642315444815,0.0426747382525137,0.0159787232461643));
#10005=CARTESIAN_POINT('',(0.0134344689539185,0.0426747382525137,0.0168098694334204));
#10006=CARTESIAN_POINT('',(0.0139843092179375,0.0426747382525137,0.0161455886237137));
#10007=CARTESIAN_POINT('',(0.0134825571080312,0.0426747382525137,0.016727442220816));
#10008=CARTESIAN_POINT('',(0.0142006401132315,0.0426747382525137,0.0164518299477318));
#10009=CARTESIAN_POINT('',(0.0142006401132315,0.0426747382525137,0.0164518299477318));
#10010=CARTESIAN_POINT('',(0.0142786529266482,0.0426747382525137,0.016642476645608));
#10011=CARTESIAN_POINT('',(0.0142786529266482,0.0426747382525137,0.0169194452139512));
#10012=CARTESIAN_POINT('',(0.0142786529266482,0.0426747382525137,0.0169194452139512));
#10013=CARTESIAN_POINT('',(0.0142786529266482,0.0426747382525137,0.0169194452139512));
#10014=CARTESIAN_POINT('',(0.0142786529266482,0.0426747382525137,0.0171844118109994));
#10015=CARTESIAN_POINT('',(0.0141660190421886,0.0426747382525137,0.017377828194559));
#10016=CARTESIAN_POINT('',(0.0141660190421886,0.0426747382525137,0.017377828194559));
#10017=CARTESIAN_POINT('',(0.0133006349055627,0.0426747382525137,0.0168825271547288));
#10018=CARTESIAN_POINT('',(0.0138775800121951,0.0426747382525137,0.0176955193383742));
#10019=CARTESIAN_POINT('',(0.0131627671549736,0.0426747382525137,0.0166678871688261));
#10020=CARTESIAN_POINT('',(0.0134767927890476,0.0426747382525137,0.0178799260069835));
#10021=CARTESIAN_POINT('',(0.0130211057897787,0.0426747382525137,0.0161943907899132));
#10022=CARTESIAN_POINT('',(0.0130212156267377,0.0426747382525137,0.0179405418406817));
#10023=CARTESIAN_POINT('',(0.0128942716992132,0.0426747382525137,0.0179405360025761));
#10024=CARTESIAN_POINT('',(0.012767327772056,0.0426747382525137,0.0179405360025761));
#10025=CARTESIAN_POINT('',(0.012767327772056,0.0426747382525137,0.0177355792620021));
#10026=CARTESIAN_POINT('',(0.012767327772056,0.0426747382525137,0.0175306225214283));
#10027=CARTESIAN_POINT('',(0.0128305689284943,0.0426747382525137,0.0175306225214283));
#10028=CARTESIAN_POINT('',(0.0128938103992909,0.0426747382525137,0.0175306747752969));
#10029=CARTESIAN_POINT('',(0.012885644143242,0.0426747382525137,0.0161732476952447));
#10030=CARTESIAN_POINT('',(0.0131361482448735,0.0426747382525137,0.0175074909220701));
#10031=CARTESIAN_POINT('',(0.0130070981085332,0.0426747382525137,0.0167849428275364));
#10032=CARTESIAN_POINT('',(0.0133730212273931,0.0426747382525137,0.0174213135015542));
#10033=CARTESIAN_POINT('',(0.0131141114273827,0.0426747382525137,0.0169812704769009));
#10034=CARTESIAN_POINT('',(0.0155942536262779,0.0426747382525137,0.0186934288941887));
#10035=CARTESIAN_POINT('',(0.0155942536262779,0.0426747382525137,0.0204387924890308));
#10036=CARTESIAN_POINT('',(0.0155942536262779,0.0426747382525137,0.0169480652993466));
#10037=CARTESIAN_POINT('',(0.0155942536262779,0.0426747382525137,0.0169480652993466));
#10038=CARTESIAN_POINT('',(0.0155942536262779,0.0426747382525137,0.0167523408443842));
#10039=CARTESIAN_POINT('',(0.0155425528268539,0.0426747382525137,0.0166397069599246));
#10040=CARTESIAN_POINT('',(0.0155425528268539,0.0426747382525137,0.0166397069599246));
#10041=CARTESIAN_POINT('',(0.015205595145628,0.0426747382525137,0.0167817127815661));
#10042=CARTESIAN_POINT('',(0.0153986302198359,0.0426747382525137,0.0164719731071676));
#10043=CARTESIAN_POINT('',(0.0151147547461751,0.0426747382525137,0.0169611791045048));
#10044=CARTESIAN_POINT('',(0.0151880273020771,0.0426747382525137,0.0164001780729204));
#10045=CARTESIAN_POINT('',(0.0149419201950978,0.0426747382525137,0.0181859738173723));
#10046=CARTESIAN_POINT('',(0.0149313758507032,0.0426747382525137,0.0163831627219806));
#10047=CARTESIAN_POINT('',(0.0149313755193767,0.0426747382525137,0.0161693220080219));
#10048=CARTESIAN_POINT('',(0.0149313755193767,0.0426747382525137,0.0159555760222304));
#10049=CARTESIAN_POINT('',(0.015202801113619,0.0426747382525137,0.0176646860822836));
#10050=CARTESIAN_POINT('',(0.0150864761087427,0.0426747382525137,0.0159380349228017));
#10051=CARTESIAN_POINT('',(0.0153154743706103,0.0426747382525137,0.0187538383027525));
#10052=CARTESIAN_POINT('',(0.0152369648615642,0.0426747382525137,0.0159297689108519));
#10053=CARTESIAN_POINT('',(0.0154101120867288,0.0426747382525137,0.02134133465687));
#10054=CARTESIAN_POINT('',(0.0154096079140491,0.0426747382525137,0.0159269745107217));
#10055=CARTESIAN_POINT('',(0.0154095384489317,0.0426747382525144,0.0186511366255155));
#10056=CARTESIAN_POINT('',(0.0155831728915661,0.0426747382525137,0.0159325502386273));
#10057=CARTESIAN_POINT('',(0.015498089551673,0.0426747382525137,0.0174046944954562));
#10058=CARTESIAN_POINT('',(0.0157391273211397,0.0426747382525137,0.0159504914702093));
#10059=CARTESIAN_POINT('',(0.0156531852485688,0.0426747382525137,0.0164632533339432));
#10060=CARTESIAN_POINT('',(0.0160450630555276,0.0426747382525137,0.0161229229766136));
#10061=CARTESIAN_POINT('',(0.0153073766048185,0.0426747382525137,0.0167349645614067));
#10062=CARTESIAN_POINT('',(0.0162122677006507,0.0426747382525137,0.0164200102107291));
#10063=CARTESIAN_POINT('',(0.0149550086695307,0.0426747382525137,0.0168724150797253));
#10064=CARTESIAN_POINT('',(0.0162843480962525,0.0426747382525137,0.016740341279684));
#10065=CARTESIAN_POINT('',(0.013356729416403,0.0426747382525137,0.0170407067445537));
#10066=CARTESIAN_POINT('',(0.0162988148783313,0.0426747382525137,0.0169831452874619));
#10067=CARTESIAN_POINT('',(0.0162986770184305,0.0426747382525137,0.0187455913078933));
#10068=CARTESIAN_POINT('',(0.0162986770184305,0.0426747382525137,0.0204387924890308));
#10069=CARTESIAN_POINT('',(0.0159464653223542,0.0426747382525137,0.0204387924890308));
#10070=CARTESIAN_POINT('',(0.0178857069150366,0.0426747382525137,0.0180790202867476));
#10071=CARTESIAN_POINT('',(0.0186242897639514,0.0426747382525137,0.0202024459773781));
#10072=CARTESIAN_POINT('',(0.0171471240661216,0.0426747382525137,0.0159555945961171));
#10073=CARTESIAN_POINT('',(0.0175048751335647,0.0426747382525137,0.0159555945961171));
#10074=CARTESIAN_POINT('',(0.0178626262010079,0.0426747382525137,0.0159555945961171));
#10075=CARTESIAN_POINT('',(0.0184137936520107,0.0426747382525137,0.01754816386409));
#10076=CARTESIAN_POINT('',(0.0189649611030135,0.0426747382525137,0.0191407331320629));
#10077=CARTESIAN_POINT('',(0.0195216679253831,0.0426747382525137,0.01754816386409));
#10078=CARTESIAN_POINT('',(0.0200783747477527,0.0426747382525137,0.0159555945961171));
#10079=CARTESIAN_POINT('',(0.0204388955008794,0.0426747382525137,0.0159555945961171));
#10080=CARTESIAN_POINT('',(0.020799416254006,0.0426747382525137,0.0159555945961171));
#10081=CARTESIAN_POINT('',(0.0200552940337242,0.0426747382525137,0.0180790202867476));
#10082=CARTESIAN_POINT('',(0.0193111718134424,0.0426747382525137,0.0202024459773781));
#10083=CARTESIAN_POINT('',(0.0189677307886969,0.0426747382525137,0.0202024459773781));
#10084=CARTESIAN_POINT('',(0.0189705004743803,0.0426747382525137,0.0173062779810703));
#10085=CARTESIAN_POINT('',(0.0193573332414996,0.0426747382525137,0.0173062779810703));
#10086=CARTESIAN_POINT('',(0.0185836677072612,0.0426747382525137,0.0173062779810703));
#10087=CARTESIAN_POINT('',(0.0185001155224776,0.0426747382525137,0.0170722395408205));
#10088=CARTESIAN_POINT('',(0.0184165633376942,0.0426747382525137,0.0168382011005705));
#10089=CARTESIAN_POINT('',(0.0189677307886969,0.0426747382525137,0.0168382011005705));
#10090=CARTESIAN_POINT('',(0.0195188982396997,0.0426747382525137,0.0168382011005705));
#10091=CARTESIAN_POINT('',(0.0194381157405996,0.0426747382525137,0.0170722395408205));
#10092=CARTESIAN_POINT('',(0.00579602890686002,0.0426747382525137,0.0169425259279797));
#10093=CARTESIAN_POINT('',(0.00579602890686002,0.0426747382525137,0.017715268233657));
#10094=CARTESIAN_POINT('',(0.00579608624967244,0.0426747382525137,0.016919444348087));
#10095=CARTESIAN_POINT('',(0.00329853606091351,0.0426747382525137,0.0169571568206227));
#10096=CARTESIAN_POINT('',(0.00579045652129482,0.0426747382525137,0.0167837331148618));
#10097=CARTESIAN_POINT('',(0.00433787475847976,0.0426747382525137,0.0168760339656957));
#10098=CARTESIAN_POINT('',(0.00576734776579822,0.0426747382525137,0.0166018653929963));
#10099=CARTESIAN_POINT('',(0.0051383913805534,0.0426747382525137,0.0167151157753035));
#10100=CARTESIAN_POINT('',(0.00571224787809897,0.0426747382525137,0.0164348371359726));
#10101=CARTESIAN_POINT('',(0.00554152680246725,0.0426747382525137,0.0165081151214786));
#10102=CARTESIAN_POINT('',(0.00561159476138487,0.0426747382525137,0.0163364447595208));
#10103=CARTESIAN_POINT('',(0.00570370605074565,0.0426747382525137,0.0161434716083099));
#10104=CARTESIAN_POINT('',(0.00579615555053867,0.0426747382525137,0.0159497898885848));
#10105=CARTESIAN_POINT('',(0.00578650046125711,0.0426747382525137,0.0163687082321643));
#10106=CARTESIAN_POINT('',(0.00595479103251601,0.0426747382525137,0.0159847490286391));
#10107=CARTESIAN_POINT('',(0.00570455826333331,0.0426747382525137,0.0165786276367285));
#10108=CARTESIAN_POINT('',(0.00611635138241563,0.0426747382525137,0.0160825847102146));
#10109=CARTESIAN_POINT('',(0.00567128757979202,0.0426747382525137,0.0166333049017538));
#10110=CARTESIAN_POINT('',(0.00624889288147848,0.0426747382525137,0.0162237780703274));
#10111=CARTESIAN_POINT('',(0.00575419644819489,0.0426747382525137,0.0165719791297308));
#10112=CARTESIAN_POINT('',(0.0063324247008845,0.0426747382525137,0.0163941281626604));
#10113=CARTESIAN_POINT('',(0.0063324247008845,0.0426747382525137,0.0163941281626604));
#10114=CARTESIAN_POINT('',(0.00639058810023655,0.0426747382525137,0.016250104507122));
#10115=CARTESIAN_POINT('',(0.00656092376976756,0.0426747382525137,0.0161374706226625));
#10116=CARTESIAN_POINT('',(0.00656092376976756,0.0426747382525137,0.0161374706226625));
#10117=CARTESIAN_POINT('',(0.00722399229817144,0.0426747382525137,0.017147982451765));
#10118=CARTESIAN_POINT('',(0.0069389858655559,0.0426747382525137,0.0159733049797659));
#10119=CARTESIAN_POINT('',(0.0069389858655559,0.0426747382525137,0.0161924027220505));
#10120=CARTESIAN_POINT('',(0.0069389858655559,0.0426747382525137,0.016411722394748));
#10121=CARTESIAN_POINT('',(0.00706418800415155,0.0426747382525137,0.017029379677075));
#10122=CARTESIAN_POINT('',(0.00668786752953684,0.0426747382525137,0.0165238415496224));
#10123=CARTESIAN_POINT('',(0.00720482652216041,0.0426747382525137,0.017221442513183));
#10124=CARTESIAN_POINT('',(0.00649398969908464,0.0426747382525137,0.0167228392604996));
#10125=CARTESIAN_POINT('',(0.00649398969908464,0.0426747382525137,0.0173316667665018));
#10126=CARTESIAN_POINT('',(0.00649433675745207,0.0426747382525137,0.0179405424901128));
#10127=CARTESIAN_POINT('',(0.00932242632113332,0.0426747382525137,0.0179934077618423));
#10128=CARTESIAN_POINT('',(0.00652307139876067,0.0426747382525137,0.0183906099261336));
#10129=CARTESIAN_POINT('',(0.00652307139876067,0.0426747382525137,0.0183906099261336));
#10130=CARTESIAN_POINT('',(0.00655215309843669,0.0426747382525137,0.0185581759099812));
#10131=CARTESIAN_POINT('',(0.00662139524052247,0.0426747382525137,0.0186361887233978));
#10132=CARTESIAN_POINT('',(0.00662139524052247,0.0426747382525137,0.0186361887233978));
#10133=CARTESIAN_POINT('',(0.00684727716293613,0.0426747382525137,0.0184404286458602));
#10134=CARTESIAN_POINT('',(0.00679170898703524,0.0426747382525137,0.0187341813852445));
#10135=CARTESIAN_POINT('',(0.00701299960998349,0.0426747382525137,0.0174824708292547));
#10136=CARTESIAN_POINT('',(0.00703130804938789,0.0426747382525137,0.0187537645921284));
#10137=CARTESIAN_POINT('',(0.0070372518698112,0.0426747382525137,0.0178664443685132));
#10138=CARTESIAN_POINT('',(0.00727042818370595,0.0426747382525137,0.0187225227897214));
#10139=CARTESIAN_POINT('',(0.00689678365351426,0.0426747382525137,0.0173556044339166));
#10140=CARTESIAN_POINT('',(0.00747814221433961,0.0426747382525137,0.0186477079378335));
#10141=CARTESIAN_POINT('',(0.00708128721154831,0.0426747382525137,0.0177571235973558));
#10142=CARTESIAN_POINT('',(0.00764527050398897,0.0426747382525137,0.0185521960612793));
#10143=CARTESIAN_POINT('',(0.00609734178523884,0.0426747382525137,0.0163824791984838));
#10144=CARTESIAN_POINT('',(0.00775240868263437,0.0426747382525137,0.0184714820835269));
#10145=CARTESIAN_POINT('',(0.00788206384076417,0.0426747382525137,0.0186703481801602));
#10146=CARTESIAN_POINT('',(0.00801214609893027,0.0426747382525137,0.0188698693661729));
#10147=CARTESIAN_POINT('',(0.0074984895618333,0.0426747382525137,0.0183613187077807));
#10148=CARTESIAN_POINT('',(0.00783905267990524,0.0426747382525137,0.0189993200369715));
#10149=CARTESIAN_POINT('',(0.00708646265764329,0.0426747382525137,0.0176607400471419));
#10150=CARTESIAN_POINT('',(0.00757369534320255,0.0426747382525137,0.0191176209394798));
#10151=CARTESIAN_POINT('',(0.00686623967133067,0.0426747382525137,0.0170263760581375));
#10152=CARTESIAN_POINT('',(0.00724734006939354,0.0426747382525137,0.0192011802181018));
#10153=CARTESIAN_POINT('',(0.00688744207346013,0.0426747382525137,0.0171736666166496));
#10154=CARTESIAN_POINT('',(0.00688082249896509,0.0426747382525137,0.0192330133476048));
#10155=CARTESIAN_POINT('',(0.00687789135269353,0.0426747382525137,0.0175963074742378));
#10156=CARTESIAN_POINT('',(0.00654339534288331,0.0426747382525137,0.0191983691980404));
#10157=CARTESIAN_POINT('',(0.0067355040996273,0.0426747382525137,0.0182485541759056));
#10158=CARTESIAN_POINT('',(0.00624328760931087,0.0426747382525137,0.019083106801819));
#10159=CARTESIAN_POINT('',(0.00666604599676139,0.0426747382525137,0.0183858014604657));
#10160=CARTESIAN_POINT('',(0.00600680045136801,0.0426747382525137,0.0188666638261198));
#10161=CARTESIAN_POINT('',(0.00668778437066088,0.0426747382525137,0.0183853426041408));
#10162=CARTESIAN_POINT('',(0.00586561609154354,0.0426747382525137,0.0185294953106045));
#10163=CARTESIAN_POINT('',(0.00899846125801929,0.0426747382525137,0.017899571881855));
#10164=CARTESIAN_POINT('',(0.00581033894955775,0.0426747382525137,0.0181224120291213));
#10165=CARTESIAN_POINT('',(0.0116404598306281,0.0426747382525142,0.0177136751053404));
#10166=CARTESIAN_POINT('',(0.00437933467978504,0.0426747382525137,0.0192099752741486));
#10167=CARTESIAN_POINT('',(0.00469369400485446,0.0426747382525137,0.0192099752741486));
#10168=CARTESIAN_POINT('',(0.00406497535471561,0.0426747382525137,0.0192099752741486));
#10169=CARTESIAN_POINT('',(0.0040275845979893,0.0426747382525137,0.0190428709045816));
#10170=CARTESIAN_POINT('',(0.00399019384126298,0.0426747382525137,0.0188757665350146));
#10171=CARTESIAN_POINT('',(0.00399019384126298,0.0426747382525137,0.0174156805655659));
#10172=CARTESIAN_POINT('',(0.00399019384126298,0.0426747382525137,0.0159555945961171));
#10173=CARTESIAN_POINT('',(0.00434194392305872,0.0426747382525137,0.0159555945961171));
#10174=CARTESIAN_POINT('',(0.00469369400485446,0.0426747382525137,0.0159555945961171));
#10175=CARTESIAN_POINT('',(0.00469369400485446,0.0426747382525137,0.0175827849351329));
#10176=CARTESIAN_POINT('',(0.00132213926943882,0.0426747382525137,0.0182606127765001));
#10177=CARTESIAN_POINT('',(0.00164144900839741,0.0426747382525137,0.019192752134284));
#10178=CARTESIAN_POINT('',(0.00134145525303931,0.0426747382525137,0.019245195990514));
#10179=CARTESIAN_POINT('',(0.00133585991332257,0.0426747382525137,0.0183581547644876));
#10180=CARTESIAN_POINT('',(0.000972606756446347,0.0426747382525137,0.0191670774906392));
#10181=CARTESIAN_POINT('',(0.00134488643629637,0.0426747382525137,0.0183423504400574));
#10182=CARTESIAN_POINT('',(0.000669286879377409,0.0426747382525137,0.0189445942986187));
#10183=CARTESIAN_POINT('',(0.00144055913028466,0.0426747382525137,0.0182610032174823));
#10184=CARTESIAN_POINT('',(0.000467173580098451,0.0426747382525137,0.0186010997634209));
#10185=CARTESIAN_POINT('',(0.0016493294123721,0.0426747382525137,0.0181837814168744));
#10186=CARTESIAN_POINT('',(0.000395294826679562,0.0426747382525137,0.0181713446602484));
#10187=CARTESIAN_POINT('',(0.000395141824169485,0.0426747382525137,0.0170634688694896));
#10188=CARTESIAN_POINT('',(0.000395141824169485,0.0426747382525137,0.0159555945961171));
#10189=CARTESIAN_POINT('',(0.000741352534598366,0.0426747382525137,0.0159555945961171));
#10190=CARTESIAN_POINT('',(0.00108756324502725,0.0426747382525137,0.0159555945961171));
#10191=CARTESIAN_POINT('',(0.00108756324502725,0.0426747382525137,0.0168414324005345));
#10192=CARTESIAN_POINT('',(0.00108756953966759,0.0426747382525137,0.017727270207802));
#10193=CARTESIAN_POINT('',(0.0248540568161198,0.0426747382525137,0.0177380314654511));
#10194=CARTESIAN_POINT('',(0.00109048451796241,0.0426747382525137,0.0180993319849594));
#10195=CARTESIAN_POINT('',(0.00249012354611993,0.0426747382525137,0.018095603201841));
#10196=CARTESIAN_POINT('',(0.00112794365338037,0.0426747382525137,0.0184141114426293));
#10197=CARTESIAN_POINT('',(0.00157375578615256,0.0426747382525137,0.0183222399357071));
#10198=CARTESIAN_POINT('',(0.00124035757189653,0.0426747382525137,0.0186301877377504));
#10199=CARTESIAN_POINT('',(0.00124035757189653,0.0426747382525137,0.0186301877377504));
#10200=CARTESIAN_POINT('',(0.00131837038531317,0.0426747382525137,0.0187077389368864));
#10201=CARTESIAN_POINT('',(0.00147993538351331,0.0426747382525137,0.0187077389368864));
#10202=CARTESIAN_POINT('',(0.00147993538351331,0.0426747382525137,0.0187077389368864));
#10203=CARTESIAN_POINT('',(0.00136169676707844,0.0426747382525137,0.0167068279698573));
#10204=CARTESIAN_POINT('',(0.00165308551757841,0.0426747382525137,0.0186909103467777));
#10205=CARTESIAN_POINT('',(0.00147561164233577,0.0426747382525137,0.0176292429506151));
#10206=CARTESIAN_POINT('',(0.00195909100674689,0.0426747382525137,0.0185923353667435));
#10207=CARTESIAN_POINT('',(0.00195909100674689,0.0426747382525137,0.018820372821346));
#10208=CARTESIAN_POINT('',(0.00195909100674689,0.0426747382525137,0.019048279199813));
#10209=CARTESIAN_POINT('',(0.00115257744143196,0.0426747382525137,0.0176992867951978));
#10210=CARTESIAN_POINT('',(0.0026949041699784,0.0426747382525137,0.0191236534036817));
#10211=CARTESIAN_POINT('',(0.00251302814343309,0.0426747382525137,0.0190142508191861));
#10212=CARTESIAN_POINT('',(0.00233946117393808,0.0426747382525137,0.0188000617930008));
#10213=CARTESIAN_POINT('',(0.0026949041699784,0.0426747382525137,0.0191236534036817));
#10214=CARTESIAN_POINT('',(0.00233946117393808,0.0426747382525137,0.0188000617930008));
#10215=CARTESIAN_POINT('',(0.00294868745986036,0.0426747382525137,0.0183895271591102));
#10216=CARTESIAN_POINT('',(0.00223881064190191,0.0426747382525137,0.018578491869209));
#10217=CARTESIAN_POINT('',(0.00349812771190233,0.0426747382525137,0.0182467419621954));
#10218=CARTESIAN_POINT('',(0.00219867376855757,0.0426747382525137,0.0183333694422241));
#10219=CARTESIAN_POINT('',(0.00513426404622973,0.0426747382525137,0.0181356232849862));
#10220=CARTESIAN_POINT('',(0.00219268383620425,0.0426747382525137,0.0180707115668874));
#10221=CARTESIAN_POINT('',(-0.0118750201162539,0.0426747382525137,0.0177927087247067));
#10222=CARTESIAN_POINT('',(0.00219543128973383,0.0426747382525137,0.017784510379372));
#10223=CARTESIAN_POINT('',(0.00219543751839966,0.0426747382525137,0.01687005248593));
#10224=CARTESIAN_POINT('',(0.00219543751839966,0.0426747382525137,0.0159555945961171));
#10225=CARTESIAN_POINT('',(0.00254441791451198,0.0426747382525137,0.0159555945961171));
#10226=CARTESIAN_POINT('',(0.00289339831062429,0.0426747382525137,0.0159555945961171));
#10227=CARTESIAN_POINT('',(0.00289339831062429,0.0426747382525137,0.0179181477099683));
#10228=CARTESIAN_POINT('',(0.00289356769207649,0.0426747382525137,0.0180993336860087));
#10229=CARTESIAN_POINT('',(0.00420182973526191,0.0426747382525137,0.0181176460767215));
#10230=CARTESIAN_POINT('',(0.00292822353514044,0.0426747382525137,0.0184141146684242));
#10231=CARTESIAN_POINT('',(0.00336108891793703,0.0426747382525137,0.0183247340579601));
#10232=CARTESIAN_POINT('',(0.00304342295181014,0.0426747382525137,0.0186301877377504));
#10233=CARTESIAN_POINT('',(0.00304342295181014,0.0426747382525137,0.0186301877377504));
#10234=CARTESIAN_POINT('',(0.00312420545091021,0.0426747382525137,0.0187077389368864));
#10235=CARTESIAN_POINT('',(0.00328023107774349,0.0426747382525137,0.0187077389368864));
#10236=CARTESIAN_POINT('',(0.00328023107774349,0.0426747382525137,0.0187077389368864));
#10237=CARTESIAN_POINT('',(0.00321977472138166,0.0426747382525137,0.0174504734247068));
#10238=CARTESIAN_POINT('',(0.00348515204954916,0.0426747382525137,0.018681729364106));
#10239=CARTESIAN_POINT('',(0.0032755315117131,0.0426747382525137,0.017607658330453));
#10240=CARTESIAN_POINT('',(0.0037538473296102,0.0426747382525137,0.0185923353667435));
#10241=CARTESIAN_POINT('',(0.0037538473296102,0.0426747382525137,0.018820372821346));
#10242=CARTESIAN_POINT('',(0.0037538473296102,0.0426747382525137,0.0190484746341183));
#10243=CARTESIAN_POINT('',(0.00299366975897384,0.0426747382525137,0.0177460706704125));
#10244=CARTESIAN_POINT('',(0.00345654248988009,0.0426747382525137,0.0191812796796572));
#10245=CARTESIAN_POINT('',(0.00313618761471408,0.0426747382525137,0.0182206497371099));
#10246=CARTESIAN_POINT('',(0.00314174679357194,0.0426747382525137,0.0192330559881772));
#10247=CARTESIAN_POINT('',(0.00314174679357194,0.0426747382525137,0.0192330559881772));
#10248=CARTESIAN_POINT('',(0.00287678019652371,0.0426747382525137,0.0192330559881772));
#10249=CARTESIAN_POINT('',(0.0026949041699784,0.0426747382525137,0.0191236534036817));
#10250=CARTESIAN_POINT('',(0.0421490767304536,0.0426747382525137,0.018081789972431));
#10251=CARTESIAN_POINT('',(0.0421490767304536,0.0426747382525137,0.0159555945961171));
#10252=CARTESIAN_POINT('',(0.0421490767304536,0.0426747382525137,0.020207985348745));
#10253=CARTESIAN_POINT('',(0.0418028660200248,0.0426747382525137,0.020207985348745));
#10254=CARTESIAN_POINT('',(0.0414566553095959,0.0426747382525137,0.020207985348745));
#10255=CARTESIAN_POINT('',(0.0414566553095959,0.0426747382525137,0.018081789972431));
#10256=CARTESIAN_POINT('',(0.0414566553095959,0.0426747382525137,0.0159555945961171));
#10257=CARTESIAN_POINT('',(0.0418028660200248,0.0426747382525137,0.0159555945961171));
#10258=CARTESIAN_POINT('',(-0.00455870851874351,0.0121734325261677,0.0254));
#10259=CARTESIAN_POINT('',(-0.00455870851874352,0.0401347382525137,0.0254));
#10260=CARTESIAN_POINT('',(-0.0492804309046269,0.0401347382525137,0.0254));
#10261=CARTESIAN_POINT('',(-0.039816492765495,0.0401347382525137,0.0254));
#10262=CARTESIAN_POINT('',(-0.039816492765495,0.0172747382525137,0.0254));
#10263=CARTESIAN_POINT('',(-0.0518204309046269,0.0121734325261677,0.0254));
#10264=CARTESIAN_POINT('',(-0.0518204309046269,-0.0183278732001781,0.0254));
#10265=CARTESIAN_POINT('',(-0.00455870851874352,-0.0183278732001781,0.0254));
#10266=CARTESIAN_POINT('',(0.0427030138671398,-0.0183278732001781,0.0254));
#10267=CARTESIAN_POINT('',(0.0427030138671398,0.0121734325261677,0.0254));
#10268=CARTESIAN_POINT('',(-0.0125058029104811,0.0172747382525137,0.0254));
#10269=CARTESIAN_POINT('',(-0.0125058029104811,0.0401347382525137,0.0254));
#10270=CARTESIAN_POINT('',(-0.00455870851874352,0.0401347382525137,0.0254));
#10271=CARTESIAN_POINT('',(0.0401630138671398,0.0401347382525137,0.0254));
#10272=CARTESIAN_POINT('',(0.0401630138671398,0.0121734325261677,0.0254));
#10273=CARTESIAN_POINT('',(0.0401630138671398,-0.0157878732001781,0.0254));
#10274=CARTESIAN_POINT('',(-0.00455870851874352,-0.0157878732001781,0.0254));
#10275=CARTESIAN_POINT('',(-0.0492804309046269,-0.0157878732001781,0.0254));
#10276=CARTESIAN_POINT('',(-0.0492804309046269,0.0121734325261677,0.0254));
#10277=CARTESIAN_POINT('',(-0.0518204309046269,0.0121734325261677,0.0254));
#10278=CARTESIAN_POINT('',(-0.0518204309046269,0.0121734325261677,0.));
#10279=CARTESIAN_POINT('',(-0.0518204309046269,-0.0183278732001781,0.));
#10280=CARTESIAN_POINT('',(-0.0518204309046269,-0.0183278732001781,0.0254));
#10281=CARTESIAN_POINT('',(-0.00455870851874352,-0.0183278732001781,0.0254));
#10282=CARTESIAN_POINT('',(-0.00455870851874352,-0.0183278732001781,0.));
#10283=CARTESIAN_POINT('',(0.0427030138671398,-0.0183278732001781,0.));
#10284=CARTESIAN_POINT('',(0.0427030138671398,-0.0183278732001781,0.0254));
#10285=CARTESIAN_POINT('',(0.0427030138671398,0.0121734325261677,0.0254));
#10286=CARTESIAN_POINT('',(0.0427030138671398,0.0121734325261677,0.));
#10287=CARTESIAN_POINT('',(-0.00455870851874351,0.0121734325261677,0.));
#10288=CARTESIAN_POINT('',(-0.00455870851874352,0.0401347382525137,0.0254));
#10289=CARTESIAN_POINT('',(-0.00455870851874352,0.0401347382525137,0.0171197044841819));
#10290=CARTESIAN_POINT('',(-0.039816492765495,0.0401347382525137,0.0171197044841819));
#10291=CARTESIAN_POINT('',(-0.0125058029104811,0.0401347382525137,0.0171197044841819));
#10292=CARTESIAN_POINT('',(-0.039816492765495,0.0401347382525137,0.0254));
#10293=CARTESIAN_POINT('',(-0.0492804309046268,0.0401347382525137,0.0254));
#10294=CARTESIAN_POINT('',(-0.0492804309046269,0.0401347382525137,0.00254));
#10295=CARTESIAN_POINT('',(-0.00455870851874352,0.0401347382525137,0.00254));
#10296=CARTESIAN_POINT('',(0.0401630138671398,0.0401347382525137,0.00254));
#10297=CARTESIAN_POINT('',(0.0401630138671398,0.0401347382525137,0.0254));
#10298=CARTESIAN_POINT('',(-0.0125058029104811,0.0401347382525137,0.0254));
#10299=CARTESIAN_POINT('',(-0.0492804309046269,0.0121734325261677,0.0254));
#10300=CARTESIAN_POINT('',(-0.0492804309046269,0.0121734325261677,0.00254));
#10301=CARTESIAN_POINT('',(-0.0492804309046269,-0.0157878732001781,0.00254));
#10302=CARTESIAN_POINT('',(-0.0492804309046268,-0.0157878732001781,0.0254));
#10303=CARTESIAN_POINT('',(-0.00455870851874352,-0.0157878732001781,0.0254));
#10304=CARTESIAN_POINT('',(-0.00455870851874352,-0.0157878732001781,0.00254));
#10305=CARTESIAN_POINT('',(0.0401630138671398,-0.0157878732001781,0.00254));
#10306=CARTESIAN_POINT('',(0.0401630138671398,-0.0157878732001781,0.0254));
#10307=CARTESIAN_POINT('',(0.0401630138671398,0.0121734325261677,0.0254));
#10308=CARTESIAN_POINT('',(0.0401630138671398,0.0121734325261677,0.00254));
#10309=CARTESIAN_POINT('',(-0.00455870851874351,0.0121734325261677,0.00254));
#10310=CARTESIAN_POINT('',(0.033259809842332,-0.0125278132036328,0.00254));
#10311=CARTESIAN_POINT('',(0.0362660512002871,-0.0125278132036328,0.00254));
#10312=CARTESIAN_POINT('',(-0.0440521165728569,0.034032358334208,0.00254));
#10313=CARTESIAN_POINT('',(-0.0410741508922783,0.034032358334208,0.00254));
#10314=CARTESIAN_POINT('',(-0.0440521165728569,-0.0110375732183456,0.00254));
#10315=CARTESIAN_POINT('',(-0.0410843552690125,-0.0110375732183456,0.00254));
#10316=CARTESIAN_POINT('',(0.033259809842332,0.034032358334208,0.00254));
#10317=CARTESIAN_POINT('',(0.0358912733980477,0.034032358334208,0.00254));
#10318=CARTESIAN_POINT('',(0.033259809842332,0.034032358334208,0.01));
#10319=CARTESIAN_POINT('',(0.033259809842332,0.034032358334208,0.01));
#10320=CARTESIAN_POINT('',(0.0358912733980477,0.034032358334208,0.01));
#10321=CARTESIAN_POINT('',(-0.00522320740914986,0.0106614846814732,0.01));
#10322=CARTESIAN_POINT('',(-0.0440521165728569,-0.0110375732183456,0.01));
#10323=CARTESIAN_POINT('',(-0.0440521165728569,-0.0110375732183456,0.01));
#10324=CARTESIAN_POINT('',(-0.0410843552690125,-0.0110375732183456,0.01));
#10325=CARTESIAN_POINT('',(-0.00522320740914986,0.0106614846814732,0.01));
#10326=CARTESIAN_POINT('',(-0.0440521165728569,0.034032358334208,0.01));
#10327=CARTESIAN_POINT('',(-0.0440521165728569,0.034032358334208,0.01));
#10328=CARTESIAN_POINT('',(-0.0410741508922783,0.034032358334208,0.01));
#10329=CARTESIAN_POINT('',(-0.00522320740914986,0.0106614846814732,0.01));
#10330=CARTESIAN_POINT('',(0.033259809842332,-0.0125278132036328,0.01));
#10331=CARTESIAN_POINT('',(0.033259809842332,-0.0125278132036328,0.01));
#10332=CARTESIAN_POINT('',(0.0362660512002871,-0.0125278132036328,0.01));
#10333=CARTESIAN_POINT('',(-0.00522320740914986,0.0106614846814732,0.01));
#10334=CARTESIAN_POINT('',(-0.026161147837988,0.0172747382525137,0.0171197044841819));
#10335=CARTESIAN_POINT('',(-0.0125058029104811,0.0172747382525137,0.0171197044841819));
#10336=CARTESIAN_POINT('',(-0.039816492765495,0.0172747382525137,0.0171197044841819));
#10337=CARTESIAN_POINT('',(-0.039816492765495,0.0172747382525137,0.021259852242091));
#10338=CARTESIAN_POINT('',(-0.0125058029104811,0.0172747382525137,0.021259852242091));
#10339=CARTESIAN_POINT('',(0.033063122845958,0.0425747382525136,0.0192099752741486));
#10340=CARTESIAN_POINT('',(0.0343007107321712,0.0425747382525136,0.0192099752741486));
#10341=CARTESIAN_POINT('',(0.0343007107321712,0.0425747382525136,0.0192099752741486));
#10342=CARTESIAN_POINT('',(0.033063122845958,0.0425747382525136,0.0192099752741486));
#10343=CARTESIAN_POINT('',(0.031825534959745,0.0425747382525136,0.0192099752741486));
#10344=CARTESIAN_POINT('',(0.031825534959745,0.0425747382525136,0.0192099752741486));
#10345=CARTESIAN_POINT('',(0.0343007107321712,0.0425747382525136,0.0189302370201221));
#10346=CARTESIAN_POINT('',(0.0343007107321712,0.0425747382525136,0.0186504987660955));
#10347=CARTESIAN_POINT('',(0.0343007107321712,0.0425747382525136,0.0186504987660955));
#10348=CARTESIAN_POINT('',(0.0343007107321712,0.0425747382525136,0.0189302370201221));
#10349=CARTESIAN_POINT('',(0.0334065638707035,0.0425747382525136,0.0186504987660955));
#10350=CARTESIAN_POINT('',(0.0325124170092358,0.0425747382525136,0.0186504987660955));
#10351=CARTESIAN_POINT('',(0.0325124170092358,0.0425747382525136,0.0186504987660955));
#10352=CARTESIAN_POINT('',(0.0334065638707035,0.0425747382525136,0.0186504987660955));
#10353=CARTESIAN_POINT('',(0.0325701187943073,0.0425747382525136,0.0186043373380384));
#10354=CARTESIAN_POINT('',(0.0326278205793789,0.0425747382525136,0.0185581759099812));
#10355=CARTESIAN_POINT('',(0.0326278205793789,0.0425747382525136,0.0185581759099812));
#10356=CARTESIAN_POINT('',(0.0325701187943073,0.0425747382525136,0.0186043373380384));
#10357=CARTESIAN_POINT('',(0.033464265655775,0.0425747382525136,0.0175366235070757));
#10358=CARTESIAN_POINT('',(0.0343007107321711,0.0425747382525136,0.0165150711041702));
#10359=CARTESIAN_POINT('',(0.0343007107321711,0.0425747382525136,0.0165150711041702));
#10360=CARTESIAN_POINT('',(0.033464265655775,0.0425747382525136,0.0175366235070757));
#10361=CARTESIAN_POINT('',(0.0343007107321712,0.0425747382525136,0.0162353328501437));
#10362=CARTESIAN_POINT('',(0.0343007107321712,0.0425747382525136,0.0159555945961171));
#10363=CARTESIAN_POINT('',(0.0343007107321712,0.0425747382525136,0.0159555945961171));
#10364=CARTESIAN_POINT('',(0.0343007107321712,0.0425747382525136,0.0162353328501437));
#10365=CARTESIAN_POINT('',(0.033063122845958,0.0425747382525136,0.0159555945961171));
#10366=CARTESIAN_POINT('',(0.031825534959745,0.0425747382525136,0.0159555945961171));
#10367=CARTESIAN_POINT('',(0.031825534959745,0.0425747382525136,0.0159555945961171));
#10368=CARTESIAN_POINT('',(0.033063122845958,0.0425747382525136,0.0159555945961171));
#10369=CARTESIAN_POINT('',(0.031825534959745,0.0425747382525136,0.0162353328501437));
#10370=CARTESIAN_POINT('',(0.031825534959745,0.0425747382525136,0.0165150711041702));
#10371=CARTESIAN_POINT('',(0.031825534959745,0.0425747382525136,0.0165150711041702));
#10372=CARTESIAN_POINT('',(0.031825534959745,0.0425747382525136,0.0162353328501437));
#10373=CARTESIAN_POINT('',(0.0327201434354932,0.0425747382525136,0.0165150711041702));
#10374=CARTESIAN_POINT('',(0.0336147519112414,0.0425747382525136,0.0165150711041702));
#10375=CARTESIAN_POINT('',(0.0336147519112414,0.0425747382525136,0.0165150711041702));
#10376=CARTESIAN_POINT('',(0.0327201434354932,0.0425747382525136,0.0165150711041702));
#10377=CARTESIAN_POINT('',(0.0335570501261699,0.0425747382525136,0.0165612325322274));
#10378=CARTESIAN_POINT('',(0.0334993483410985,0.0425747382525136,0.0166073939602846));
#10379=CARTESIAN_POINT('',(0.0334993483410985,0.0425747382525136,0.0166073939602846));
#10380=CARTESIAN_POINT('',(0.0335570501261699,0.0425747382525136,0.0165612325322274));
#10381=CARTESIAN_POINT('',(0.0326624416504217,0.0425747382525136,0.0176289463631901));
#10382=CARTESIAN_POINT('',(0.031825534959745,0.0425747382525136,0.0186504987660955));
#10383=CARTESIAN_POINT('',(0.031825534959745,0.0425747382525136,0.0186504987660955));
#10384=CARTESIAN_POINT('',(0.0326624416504217,0.0425747382525136,0.0176289463631901));
#10385=CARTESIAN_POINT('',(0.031825534959745,0.0425747382525136,0.0189302370201221));
#10386=CARTESIAN_POINT('',(0.031825534959745,0.0425747382525136,0.0189302370201221));
#10387=CARTESIAN_POINT('',(-0.00455870851874351,0.0425747382525136,0.0127));
#10388=CARTESIAN_POINT('',(0.0329055527882469,0.0425747382525137,0.0169571568206229));
#10389=CARTESIAN_POINT('',(0.0354030456341768,0.0425747382525136,0.0169194452139512));
#10390=CARTESIAN_POINT('',(0.0354031029769892,0.0425747385025136,0.016919444348087));
#10391=CARTESIAN_POINT('',(0.0329055527882469,0.0425747382525136,0.0169571568206229));
#10392=CARTESIAN_POINT('',(0.0353974732412206,0.0425747382525238,0.0167837329811052));
#10393=CARTESIAN_POINT('',(0.0353975062628098,0.0425747382525136,0.016783730615463));
#10394=CARTESIAN_POINT('',(0.0354030456341768,0.0425747382525136,0.0169425259279797));
#10395=CARTESIAN_POINT('',(0.0354030456341768,0.0425747382525136,0.017715268233657));
#10396=CARTESIAN_POINT('',(0.0354030456341768,0.0425747382525136,0.017715268233657));
#10397=CARTESIAN_POINT('',(0.0354030456341768,0.0425747382525136,0.0169425259279797));
#10398=CARTESIAN_POINT('',(0.0412472016387224,0.0425747382525137,0.0177134073615053));
#10399=CARTESIAN_POINT('',(0.0354173556768744,0.0425747382525136,0.0181224120291213));
#10400=CARTESIAN_POINT('',(0.0354173556768744,0.0425747382525136,0.0181224120291213));
#10401=CARTESIAN_POINT('',(0.0412474765579608,0.042574738252514,0.0177136751053403));
#10402=CARTESIAN_POINT('',(0.0386037760417291,0.0425747382525137,0.0178997096590715));
#10403=CARTESIAN_POINT('',(0.0354722877762625,0.0425747382525136,0.0185295558245858));
#10404=CARTESIAN_POINT('',(0.0354726328188596,0.0425747382525136,0.0185294953106046));
#10405=CARTESIAN_POINT('',(0.0386054779853383,0.0425747382525138,0.0178995718818546));
#10406=CARTESIAN_POINT('',(0.0362948010980048,0.0425747382525137,0.0183853426041253));
#10407=CARTESIAN_POINT('',(0.035614003360398,0.0425747382525136,0.0188665342494031));
#10408=CARTESIAN_POINT('',(0.0356138171786849,0.0425747382525136,0.0188666638261197));
#10409=CARTESIAN_POINT('',(0.0362948010980048,0.0425747382525136,0.0183853426041253));
#10410=CARTESIAN_POINT('',(0.0362730627240781,0.0425747382525137,0.0183858014604657));
#10411=CARTESIAN_POINT('',(0.0358503498720509,0.0425747382525136,0.0190830313469913));
#10412=CARTESIAN_POINT('',(0.0358503043366276,0.0425747382525136,0.019083106801819));
#10413=CARTESIAN_POINT('',(0.0362730627240781,0.0425747382525136,0.0183858014604657));
#10414=CARTESIAN_POINT('',(0.036342520826944,0.0425747382525137,0.0182485541759056));
#10415=CARTESIAN_POINT('',(0.0361503991544226,0.0425747382525136,0.0191984349171343));
#10416=CARTESIAN_POINT('',(0.0361504120701996,0.0425747382525136,0.0191983691980423));
#10417=CARTESIAN_POINT('',(0.036342520826944,0.0425747382525136,0.0182485541759056));
#10418=CARTESIAN_POINT('',(0.0364849080801818,0.0425747382525137,0.0175963074729219));
#10419=CARTESIAN_POINT('',(0.0364878391935206,0.0425747382525136,0.0192330559881772));
#10420=CARTESIAN_POINT('',(0.0364878392262818,0.0425747382525136,0.0192330133476048));
#10421=CARTESIAN_POINT('',(0.0364849080801818,0.0425747382525136,0.0175963074729219));
#10422=CARTESIAN_POINT('',(0.0364944588007768,0.0425747382525137,0.0171736666166495));
#10423=CARTESIAN_POINT('',(0.0368543609322946,0.0425747382525136,0.0192012046028178));
#10424=CARTESIAN_POINT('',(0.0368543567967103,0.0425747382525136,0.0192011802181018));
#10425=CARTESIAN_POINT('',(0.0364944588007768,0.0425747382525136,0.0171736666166495));
#10426=CARTESIAN_POINT('',(0.0364732563986474,0.0425747382525137,0.0170263760581376));
#10427=CARTESIAN_POINT('',(0.0371807222286589,0.0425747382525136,0.0191176524180343));
#10428=CARTESIAN_POINT('',(0.0371807120705193,0.0425747382525136,0.0191176209394798));
#10429=CARTESIAN_POINT('',(0.0364732563986474,0.0425747382525136,0.0170263760581376));
#10430=CARTESIAN_POINT('',(0.0366934793849605,0.0425747382525137,0.0176607400471428));
#10431=CARTESIAN_POINT('',(0.0374461504399877,0.0425747382525136,0.0189994791622078));
#10432=CARTESIAN_POINT('',(0.0374460694072217,0.0425747382525136,0.0189993200369709));
#10433=CARTESIAN_POINT('',(0.0366934793849605,0.0425747382525136,0.0176607400471428));
#10434=CARTESIAN_POINT('',(0.0371055062891982,0.0425747382525137,0.018361318707837));
#10435=CARTESIAN_POINT('',(0.0376191628262471,0.0425747382525136,0.0188698693661731));
#10436=CARTESIAN_POINT('',(0.0376191628262471,0.0425747382525136,0.0188698693661731));
#10437=CARTESIAN_POINT('',(0.0371055062891982,0.0425747382525136,0.018361318707837));
#10438=CARTESIAN_POINT('',(0.0374890805680809,0.0425747382525136,0.0186703481801602));
#10439=CARTESIAN_POINT('',(0.0373594254099511,0.0425747382525136,0.0184714820835269));
#10440=CARTESIAN_POINT('',(0.0373594254099511,0.0425747382525136,0.0184714820835269));
#10441=CARTESIAN_POINT('',(0.0374890805680809,0.0425747382525136,0.0186703481801602));
#10442=CARTESIAN_POINT('',(0.0357043585125585,0.0425747382525137,0.0163824791984877));
#10443=CARTESIAN_POINT('',(0.0372522724421476,0.0425747382525136,0.0185521749243337));
#10444=CARTESIAN_POINT('',(0.0372522872313057,0.0425747382525136,0.0185521960612793));
#10445=CARTESIAN_POINT('',(0.0357043585125585,0.0425747382525136,0.0163824791984877));
#10446=CARTESIAN_POINT('',(0.0366883039388646,0.0425747382525137,0.0177571235973548));
#10447=CARTESIAN_POINT('',(0.0370851680725805,0.0425747382525136,0.0186477290804121));
#10448=CARTESIAN_POINT('',(0.0370851589416563,0.0425747382525136,0.0186477079378335));
#10449=CARTESIAN_POINT('',(0.0366883039388646,0.0425747382525136,0.0177571235973548));
#10450=CARTESIAN_POINT('',(0.0365038003808307,0.0425747382525137,0.0173556044339161));
#10451=CARTESIAN_POINT('',(0.0368774416463232,0.0425747382525136,0.0187225105938648));
#10452=CARTESIAN_POINT('',(0.0368774449110227,0.0425747382525136,0.0187225227897214));
#10453=CARTESIAN_POINT('',(0.0365038003808307,0.0425747382525136,0.0173556044339161));
#10454=CARTESIAN_POINT('',(0.0366442685971279,0.0425747382525137,0.0178664443685129));
#10455=CARTESIAN_POINT('',(0.036638325448987,0.0425747382525136,0.0187539003649436));
#10456=CARTESIAN_POINT('',(0.0366383247767046,0.0425747382525136,0.0187537645921283));
#10457=CARTESIAN_POINT('',(0.0366442685971279,0.0425747382525136,0.0178664443685129));
#10458=CARTESIAN_POINT('',(0.0366200163372995,0.0425747382525137,0.0174824708292598));
#10459=CARTESIAN_POINT('',(0.0363987476373702,0.0425747382525136,0.0187340509508791));
#10460=CARTESIAN_POINT('',(0.036398725714352,0.0425747382525136,0.0187341813852445));
#10461=CARTESIAN_POINT('',(0.0366200163372995,0.0425747382525136,0.0174824708292598));
#10462=CARTESIAN_POINT('',(0.0364542938902523,0.0425747382525137,0.0184404286458611));
#10463=CARTESIAN_POINT('',(0.0362284119678392,0.0425747382525136,0.0186361887233978));
#10464=CARTESIAN_POINT('',(0.0362284119678392,0.0425747382525136,0.0186361887233978));
#10465=CARTESIAN_POINT('',(0.0364542938902523,0.0425747382525136,0.0184404286458611));
#10466=CARTESIAN_POINT('',(0.0361300881260774,0.0425747382525136,0.0183906099261336));
#10467=CARTESIAN_POINT('',(0.0361300881260774,0.0426747382525137,0.0183906099261336));
#10468=CARTESIAN_POINT('',(0.0361494759258614,0.0425747382525136,0.018502320582032));
#10469=CARTESIAN_POINT('',(0.0361494759258614,0.0426747382525137,0.018502320582032));
#10470=CARTESIAN_POINT('',(0.036182250539782,0.0425747382525136,0.0185841801811201));
#10471=CARTESIAN_POINT('',(0.036182250539782,0.0426747382525137,0.0185841801811201));
#10472=CARTESIAN_POINT('',(0.0362284119678392,0.0425747382525136,0.0186361887233978));
#10473=CARTESIAN_POINT('',(0.0362284119678392,0.0426747382525137,0.0186361887233978));
#10474=CARTESIAN_POINT('',(0.0361300881260774,0.0425747382525136,0.0183906099261336));
#10475=CARTESIAN_POINT('',(0.0361300881260774,0.0425747382525136,0.0183906099261336));
#10476=CARTESIAN_POINT('',(0.0361300881260774,0.0425747382525136,0.0183906099261336));
#10477=CARTESIAN_POINT('',(0.0361591698257534,0.0425747382525136,0.0185581759099812));
#10478=CARTESIAN_POINT('',(0.0362284119678392,0.0425747382525136,0.0186361887233978));
#10479=CARTESIAN_POINT('',(0.0389294430484502,0.0425747382525137,0.0179934077618422));
#10480=CARTESIAN_POINT('',(0.0361010064264014,0.0425747382525136,0.0179405360025761));
#10481=CARTESIAN_POINT('',(0.0361013534847688,0.0425747385025136,0.0179405424901128));
#10482=CARTESIAN_POINT('',(0.0389294430484502,0.0425747382525136,0.0179934077618422));
#10483=CARTESIAN_POINT('',(0.0361010064264014,0.0425747382525136,0.0173316667665018));
#10484=CARTESIAN_POINT('',(0.0361010064264014,0.0425747382525136,0.0167228392604996));
#10485=CARTESIAN_POINT('',(0.0361010064264014,0.0425747382525136,0.0167228392604996));
#10486=CARTESIAN_POINT('',(0.0361010064264014,0.0425747382525136,0.0173316667665018));
#10487=CARTESIAN_POINT('',(0.0368118432494767,0.0425747382525137,0.0172214425131826));
#10488=CARTESIAN_POINT('',(0.0362948844242416,0.0425747382525136,0.0165238417755011));
#10489=CARTESIAN_POINT('',(0.0362948842568536,0.0425747382525136,0.0165238415496224));
#10490=CARTESIAN_POINT('',(0.0368118432494767,0.0425747382525136,0.0172214425131826));
#10491=CARTESIAN_POINT('',(0.0366712047314682,0.0425747382525137,0.0170293796770747));
#10492=CARTESIAN_POINT('',(0.0365460025928726,0.0425747382525136,0.016411722394748));
#10493=CARTESIAN_POINT('',(0.0365460025928726,0.0425747382525136,0.016411722394748));
#10494=CARTESIAN_POINT('',(0.0366712047314682,0.0425747382525136,0.0170293796770747));
#10495=CARTESIAN_POINT('',(0.0365460025928726,0.0425747382525136,0.0161924027220505));
#10496=CARTESIAN_POINT('',(0.0365460025928726,0.0425747382525136,0.0159733049797659));
#10497=CARTESIAN_POINT('',(0.0365460025928726,0.0425747382525136,0.0159733049797659));
#10498=CARTESIAN_POINT('',(0.0365460025928726,0.0425747382525136,0.0161924027220505));
#10499=CARTESIAN_POINT('',(0.0368310090254883,0.0425747382525137,0.0171479824517654));
#10500=CARTESIAN_POINT('',(0.0361679404970843,0.0425747382525136,0.0161374706226625));
#10501=CARTESIAN_POINT('',(0.0361679404970843,0.0425747382525136,0.0161374706226625));
#10502=CARTESIAN_POINT('',(0.0368310090254883,0.0425747382525136,0.0171479824517654));
#10503=CARTESIAN_POINT('',(0.0359394414282012,0.0425747382525136,0.0163941281626604));
#10504=CARTESIAN_POINT('',(0.0359394414282012,0.0426747382525137,0.0163941281626604));
#10505=CARTESIAN_POINT('',(0.0359782170277692,0.0425747382525136,0.0162981123923015));
#10506=CARTESIAN_POINT('',(0.0359782170277692,0.0426747382525137,0.0162981123923015));
#10507=CARTESIAN_POINT('',(0.0360543833840636,0.0425747382525136,0.0162125598789688));
#10508=CARTESIAN_POINT('',(0.0360543833840636,0.0426747382525137,0.0162125598789688));
#10509=CARTESIAN_POINT('',(0.0361679404970843,0.0425747382525136,0.0161374706226625));
#10510=CARTESIAN_POINT('',(0.0361679404970843,0.0426747382525137,0.0161374706226625));
#10511=CARTESIAN_POINT('',(0.0359394414282012,0.0425747382525136,0.0163941281626604));
#10512=CARTESIAN_POINT('',(0.0359394414282012,0.0425747382525136,0.0163941281626604));
#10513=CARTESIAN_POINT('',(0.0359394414282012,0.0425747382525136,0.0163941281626604));
#10514=CARTESIAN_POINT('',(0.0359976048275533,0.0425747382525136,0.016250104507122));
#10515=CARTESIAN_POINT('',(0.0361679404970843,0.0425747382525136,0.0161374706226625));
#10516=CARTESIAN_POINT('',(0.0353612131755118,0.0425747382525137,0.0165719791297307));
#10517=CARTESIAN_POINT('',(0.0358558892434177,0.0425747382525136,0.0162237924931294));
#10518=CARTESIAN_POINT('',(0.0358559096087952,0.0425747382525136,0.0162237780703274));
#10519=CARTESIAN_POINT('',(0.0353612131755118,0.0425747382525136,0.0165719791297307));
#10520=CARTESIAN_POINT('',(0.0352783043071087,0.0425747382525137,0.0166333049017538));
#10521=CARTESIAN_POINT('',(0.0357234059448936,0.0425747382525136,0.0160825385232744));
#10522=CARTESIAN_POINT('',(0.0357233681097323,0.0425747382525136,0.0160825847102146));
#10523=CARTESIAN_POINT('',(0.0352783043071087,0.0425747382525136,0.0166333049017538));
#10524=CARTESIAN_POINT('',(0.03531157499065,0.0425747382525137,0.0165786276367287));
#10525=CARTESIAN_POINT('',(0.0355618409466935,0.0425747382525136,0.0159846762957932));
#10526=CARTESIAN_POINT('',(0.0355618077598327,0.0425747382525136,0.0159847490286393));
#10527=CARTESIAN_POINT('',(0.03531157499065,0.0425747382525136,0.0165786276367287));
#10528=CARTESIAN_POINT('',(0.0353935171885747,0.0425747382525137,0.0163687082321556));
#10529=CARTESIAN_POINT('',(0.0354031722826003,0.0425747382525136,0.0159497898963029));
#10530=CARTESIAN_POINT('',(0.0354031722826003,0.0425747382525136,0.0159497898963029));
#10531=CARTESIAN_POINT('',(0.0353935171885747,0.0425747382525136,0.0163687082321556));
#10532=CARTESIAN_POINT('',(0.0353107227780623,0.0425747382525136,0.0161434716083099));
#10533=CARTESIAN_POINT('',(0.0352186114887016,0.0425747382525136,0.0163364447595207));
#10534=CARTESIAN_POINT('',(0.0352186114887016,0.0425747382525136,0.0163364447595207));
#10535=CARTESIAN_POINT('',(0.0353107227780623,0.0425747382525136,0.0161434716083099));
#10536=CARTESIAN_POINT('',(0.0351485435297836,0.0425747382525137,0.016508115121479));
#10537=CARTESIAN_POINT('',(0.0353194934493933,0.0425747382525136,0.0164347502193507));
#10538=CARTESIAN_POINT('',(0.0353192646054157,0.0425747382525136,0.0164348371359726));
#10539=CARTESIAN_POINT('',(0.0351485435297836,0.0425747382525136,0.016508115121479));
#10540=CARTESIAN_POINT('',(0.0347454081078691,0.0425747382525137,0.0167151157753038));
#10541=CARTESIAN_POINT('',(0.0353744255487813,0.0425747382525136,0.0166018545889177));
#10542=CARTESIAN_POINT('',(0.035374364493115,0.0425747382525136,0.0166018653929963));
#10543=CARTESIAN_POINT('',(0.0347454081078691,0.0425747382525136,0.0167151157753038));
#10544=CARTESIAN_POINT('',(0.033944891484637,0.0425747382525137,0.0168760339658426));
#10545=CARTESIAN_POINT('',(0.033944891484637,0.0425747382525136,0.0168760339658426));
#10546=CARTESIAN_POINT('',(-0.00455870851874351,0.0425747382525136,0.0127));
#10547=CARTESIAN_POINT('',(0.0371978019570401,0.0425747382525136,0.0169369865566129));
#10548=CARTESIAN_POINT('',(0.0371978019570401,0.0426747382525137,0.0169369865566129));
#10549=CARTESIAN_POINT('',(0.0371978019570401,0.0425747382525136,0.0167634195871179));
#10550=CARTESIAN_POINT('',(0.0371978019570401,0.0426747382525137,0.0167634195871179));
#10551=CARTESIAN_POINT('',(0.037162257657436,0.0425747382525136,0.0166343214599846));
#10552=CARTESIAN_POINT('',(0.037162257657436,0.0426747382525137,0.0166343214599846));
#10553=CARTESIAN_POINT('',(0.037091169058228,0.0425747382525136,0.0165496921752131));
#10554=CARTESIAN_POINT('',(0.037091169058228,0.0426747382525137,0.0165496921752131));
#10555=CARTESIAN_POINT('',(0.0371978019570401,0.0425747382525136,0.0169369865566129));
#10556=CARTESIAN_POINT('',(0.0371978019570401,0.0425747382525136,0.0169369865566129));
#10557=CARTESIAN_POINT('',(0.0371978019570401,0.0425747382525136,0.0169369865566129));
#10558=CARTESIAN_POINT('',(0.0371978019570401,0.0425747382525136,0.0166766361023703));
#10559=CARTESIAN_POINT('',(0.037091169058228,0.0425747382525136,0.0165496921752131));
#10560=CARTESIAN_POINT('',(0.037091169058228,0.0425747382525136,0.0165496921752131));
#10561=CARTESIAN_POINT('',(0.037091169058228,0.0425747382525136,0.0165496921752131));
#10562=CARTESIAN_POINT('',(0.0371257901292708,0.0425747382525136,0.017239805524668));
#10563=CARTESIAN_POINT('',(0.0371257901292708,0.0426747382525137,0.017239805524668));
#10564=CARTESIAN_POINT('',(0.0371737980144503,0.0425747382525136,0.0171610233541171));
#10565=CARTESIAN_POINT('',(0.0371737980144503,0.0426747382525137,0.0171610233541171));
#10566=CARTESIAN_POINT('',(0.0371978019570401,0.0425747382525136,0.0170600836980987));
#10567=CARTESIAN_POINT('',(0.0371978019570401,0.0426747382525137,0.0170600836980987));
#10568=CARTESIAN_POINT('',(0.0371978019570401,0.0425747382525136,0.0169369865566129));
#10569=CARTESIAN_POINT('',(0.0371978019570401,0.0426747382525137,0.0169369865566129));
#10570=CARTESIAN_POINT('',(0.0371257901292708,0.0425747382525136,0.017239805524668));
#10571=CARTESIAN_POINT('',(0.0371257901292708,0.0425747382525136,0.017239805524668));
#10572=CARTESIAN_POINT('',(0.0371257901292708,0.0425747382525136,0.017239805524668));
#10573=CARTESIAN_POINT('',(0.0371978019570401,0.0425747382525136,0.0171216322688416));
#10574=CARTESIAN_POINT('',(0.0371978019570401,0.0425747382525136,0.0169369865566129));
#10575=CARTESIAN_POINT('',(0.0366850598219422,0.0425747382525137,0.0169812704769011));
#10576=CARTESIAN_POINT('',(0.0369439141027256,0.0425747382525136,0.0174212199369327));
#10577=CARTESIAN_POINT('',(0.0369439696219525,0.0425747382525136,0.0174213135015542));
#10578=CARTESIAN_POINT('',(0.0366850598219422,0.0425747382525136,0.0169812704769011));
#10579=CARTESIAN_POINT('',(0.0365780465030925,0.0425747382525137,0.0167849428275363));
#10580=CARTESIAN_POINT('',(0.0367071059767922,0.0425747382525136,0.0175075418073996));
#10581=CARTESIAN_POINT('',(0.0367070966394329,0.0425747382525136,0.0175074909220701));
#10582=CARTESIAN_POINT('',(0.0365780465030925,0.0425747382525136,0.0167849428275363));
#10583=CARTESIAN_POINT('',(0.0364565925378013,0.0425747382525137,0.0161732476952443));
#10584=CARTESIAN_POINT('',(0.0364647584794919,0.0425747382525136,0.0175306225214283));
#10585=CARTESIAN_POINT('',(0.0364647587938502,0.0425747385025136,0.0175306747752969));
#10586=CARTESIAN_POINT('',(0.0364565925378013,0.0425747382525136,0.0161732476952443));
#10587=CARTESIAN_POINT('',(0.0364015173230536,0.0425747382525136,0.0175306225214283));
#10588=CARTESIAN_POINT('',(0.0363382761666153,0.0425747382525136,0.0175306225214283));
#10589=CARTESIAN_POINT('',(0.0363382761666153,0.0425747382525136,0.0175306225214283));
#10590=CARTESIAN_POINT('',(0.0364015173230536,0.0425747382525136,0.0175306225214283));
#10591=CARTESIAN_POINT('',(0.0363382761666153,0.0425747382525136,0.0177355792620021));
#10592=CARTESIAN_POINT('',(0.0363382761666153,0.0425747382525136,0.0179405360025761));
#10593=CARTESIAN_POINT('',(0.0363382761666153,0.0425747382525136,0.0179405360025761));
#10594=CARTESIAN_POINT('',(0.0363382761666153,0.0425747382525136,0.0177355792620021));
#10595=CARTESIAN_POINT('',(0.0364652200937726,0.0425747382525136,0.0179405360025761));
#10596=CARTESIAN_POINT('',(0.0365921640209298,0.0425747382525136,0.0179405360025761));
#10597=CARTESIAN_POINT('',(0.036592164021297,0.0425747382525136,0.0179405418406826));
#10598=CARTESIAN_POINT('',(0.0364652200937726,0.0425747382525136,0.0179405360025761));
#10599=CARTESIAN_POINT('',(0.0365920541842955,0.0425747382525137,0.0161943907895929));
#10600=CARTESIAN_POINT('',(0.0370477773158542,0.0425747382525136,0.0178800645318212));
#10601=CARTESIAN_POINT('',(0.0370477411836069,0.0425747382525136,0.0178799260069835));
#10602=CARTESIAN_POINT('',(0.0365920541842955,0.0425747382525136,0.0161943907895929));
#10603=CARTESIAN_POINT('',(0.0367337155495327,0.0425747382525137,0.0166678871688255));
#10604=CARTESIAN_POINT('',(0.0374484585113905,0.0425747382525136,0.0176954188195924));
#10605=CARTESIAN_POINT('',(0.0374485284067544,0.0425747382525136,0.0176955193383742));
#10606=CARTESIAN_POINT('',(0.0367337155495327,0.0425747382525136,0.0166678871688255));
#10607=CARTESIAN_POINT('',(0.0368715833001224,0.0425747382525137,0.0168825271547291));
#10608=CARTESIAN_POINT('',(0.037736967436748,0.0425747382525136,0.017377828194559));
#10609=CARTESIAN_POINT('',(0.037736967436748,0.0425747382525136,0.017377828194559));
#10610=CARTESIAN_POINT('',(0.0368715833001224,0.0425747382525136,0.0168825271547291));
#10611=CARTESIAN_POINT('',(0.0378496013212075,0.0425747382525136,0.0169194452139512));
#10612=CARTESIAN_POINT('',(0.0378496013212075,0.0426747382525137,0.0169194452139512));
#10613=CARTESIAN_POINT('',(0.0378496013212075,0.0425747382525136,0.0170960896119833));
#10614=CARTESIAN_POINT('',(0.0378496013212075,0.0426747382525137,0.0170960896119833));
#10615=CARTESIAN_POINT('',(0.0378120566930543,0.0425747382525136,0.0172488839388526));
#10616=CARTESIAN_POINT('',(0.0378120566930543,0.0426747382525137,0.0172488839388526));
#10617=CARTESIAN_POINT('',(0.037736967436748,0.0425747382525136,0.017377828194559));
#10618=CARTESIAN_POINT('',(0.037736967436748,0.0426747382525137,0.017377828194559));
#10619=CARTESIAN_POINT('',(0.0378496013212075,0.0425747382525136,0.0169194452139512));
#10620=CARTESIAN_POINT('',(0.0378496013212075,0.0425747382525136,0.0169194452139512));
#10621=CARTESIAN_POINT('',(0.0378496013212075,0.0425747382525136,0.0169194452139512));
#10622=CARTESIAN_POINT('',(0.0378496013212075,0.0425747382525136,0.0171844118109994));
#10623=CARTESIAN_POINT('',(0.037736967436748,0.0425747382525136,0.017377828194559));
#10624=CARTESIAN_POINT('',(0.0377715885077909,0.0425747382525136,0.0164518299477318));
#10625=CARTESIAN_POINT('',(0.0377715885077909,0.0426747382525137,0.0164518299477318));
#10626=CARTESIAN_POINT('',(0.0378235970500686,0.0425747382525136,0.016578927746316));
#10627=CARTESIAN_POINT('',(0.0378235970500686,0.0426747382525137,0.016578927746316));
#10628=CARTESIAN_POINT('',(0.0378496013212075,0.0425747382525136,0.0167347995017224));
#10629=CARTESIAN_POINT('',(0.0378496013212075,0.0426747382525137,0.0167347995017224));
#10630=CARTESIAN_POINT('',(0.0378496013212075,0.0425747382525136,0.0169194452139512));
#10631=CARTESIAN_POINT('',(0.0378496013212075,0.0426747382525137,0.0169194452139512));
#10632=CARTESIAN_POINT('',(0.0377715885077909,0.0425747382525136,0.0164518299477318));
#10633=CARTESIAN_POINT('',(0.0377715885077909,0.0425747382525136,0.0164518299477318));
#10634=CARTESIAN_POINT('',(0.0377715885077909,0.0425747382525136,0.0164518299477318));
#10635=CARTESIAN_POINT('',(0.0378496013212075,0.0425747382525136,0.016642476645608));
#10636=CARTESIAN_POINT('',(0.0378496013212075,0.0425747382525136,0.0169194452139512));
#10637=CARTESIAN_POINT('',(0.0370535055026039,0.0425747382525137,0.016727442220804));
#10638=CARTESIAN_POINT('',(0.0375550914102026,0.0425747382525136,0.0161457796797128));
#10639=CARTESIAN_POINT('',(0.0375552576124969,0.0425747382525136,0.0161455886237136));
#10640=CARTESIAN_POINT('',(0.0370535055026039,0.0425747382525136,0.016727442220804));
#10641=CARTESIAN_POINT('',(0.0370054173484778,0.0425747382525137,0.0168098694334205));
#10642=CARTESIAN_POINT('',(0.0372351927137664,0.0425747382525136,0.0159786753101458));
#10643=CARTESIAN_POINT('',(0.0372351799390408,0.0425747382525136,0.0159787232461643));
#10644=CARTESIAN_POINT('',(0.0370054173484778,0.0425747382525136,0.0168098694334205));
#10645=CARTESIAN_POINT('',(0.0368626751909482,0.0425747382525137,0.0172996298827142));
#10646=CARTESIAN_POINT('',(0.0368571306179781,0.0425747382525136,0.0159269745107217));
#10647=CARTESIAN_POINT('',(0.0368571292339113,0.0425747382525136,0.0159270770754184));
#10648=CARTESIAN_POINT('',(0.0368626751909482,0.0425747382525136,0.0172996298827142));
#10649=CARTESIAN_POINT('',(0.0368451588180265,0.0425747382525137,0.0163057293837985));
#10650=CARTESIAN_POINT('',(0.0367823491045254,0.0425747382525136,0.0159322348598835));
#10651=CARTESIAN_POINT('',(0.0367823491045254,0.0425747382525136,0.0159322348598835));
#10652=CARTESIAN_POINT('',(0.0368451588180265,0.0425747382525136,0.0163057293837985));
#10653=CARTESIAN_POINT('',(0.0367823491045254,0.0425747382525136,0.0161660907080579));
#10654=CARTESIAN_POINT('',(0.0367823491045254,0.0425747382525136,0.0163996675340272));
#10655=CARTESIAN_POINT('',(0.0367823491045254,0.0425747382525136,0.0163996675340272));
#10656=CARTESIAN_POINT('',(0.0367823491045254,0.0425747382525136,0.0161660907080579));
#10657=CARTESIAN_POINT('',(0.037091169058228,0.0425747382525136,0.0165496921752131));
#10658=CARTESIAN_POINT('',(0.037091169058228,0.0426747382525137,0.0165496921752131));
#10659=CARTESIAN_POINT('',(0.0370200804590199,0.0425747382525136,0.0164650628904416));
#10660=CARTESIAN_POINT('',(0.0370200804590199,0.0426747382525137,0.0164650628904416));
#10661=CARTESIAN_POINT('',(0.0369171404744524,0.0425747382525136,0.016415054676713));
#10662=CARTESIAN_POINT('',(0.0369171404744524,0.0426747382525137,0.016415054676713));
#10663=CARTESIAN_POINT('',(0.0367823491045254,0.0425747382525136,0.0163996675340272));
#10664=CARTESIAN_POINT('',(0.0367823491045254,0.0426747382525137,0.0163996675340272));
#10665=CARTESIAN_POINT('',(0.037091169058228,0.0425747382525136,0.0165496921752131));
#10666=CARTESIAN_POINT('',(0.0369845361594158,0.0425747382525136,0.0164227482480559));
#10667=CARTESIAN_POINT('',(0.0367823491045254,0.0425747382525136,0.0163996675340272));
#10668=CARTESIAN_POINT('',(-0.00455870851874351,0.0425747382525136,0.0127));
#10669=CARTESIAN_POINT('',(0.0408676354875862,0.0425747382525136,0.020207985348745));
#10670=CARTESIAN_POINT('',(0.0408676354875862,0.0426747382525137,0.020207985348745));
#10671=CARTESIAN_POINT('',(0.0405100382915699,0.0425747382525136,0.020207985348745));
#10672=CARTESIAN_POINT('',(0.0405100382915699,0.0426747382525137,0.020207985348745));
#10673=CARTESIAN_POINT('',(0.0401956789665004,0.0425747382525136,0.0201513606636615));
#10674=CARTESIAN_POINT('',(0.0401956789665004,0.0426747382525137,0.0201513606636615));
#10675=CARTESIAN_POINT('',(0.0399245575123779,0.0425747382525136,0.0200381112934945));
#10676=CARTESIAN_POINT('',(0.0399245575123779,0.0426747382525137,0.0200381112934945));
#10677=CARTESIAN_POINT('',(0.0408676354875862,0.0425747382525136,0.020207985348745));
#10678=CARTESIAN_POINT('',(0.0408676354875862,0.0425747382525136,0.020207985348745));
#10679=CARTESIAN_POINT('',(0.0408676354875862,0.0425747382525136,0.020207985348745));
#10680=CARTESIAN_POINT('',(0.0403312396935617,0.0425747382525136,0.020207985348745));
#10681=CARTESIAN_POINT('',(0.0399245575123779,0.0425747382525136,0.0200381112934945));
#10682=CARTESIAN_POINT('',(0.0399245575123779,0.0425747382525136,0.0200381112934945));
#10683=CARTESIAN_POINT('',(0.0399245575123779,0.0425747382525136,0.0200381112934945));
#10684=CARTESIAN_POINT('',(0.0410439721427647,0.0425747382525136,0.020207985348745));
#10685=CARTESIAN_POINT('',(0.041220308797943,0.0425747382525136,0.020207985348745));
#10686=CARTESIAN_POINT('',(0.041220308797943,0.0425747382525136,0.020207985348745));
#10687=CARTESIAN_POINT('',(0.0410439721427647,0.0425747382525136,0.020207985348745));
#10688=CARTESIAN_POINT('',(0.041220308797943,0.0425747382525136,0.0199457884373801));
#10689=CARTESIAN_POINT('',(0.041220308797943,0.0425747382525136,0.0196835915260154));
#10690=CARTESIAN_POINT('',(0.041220308797943,0.0425747382525136,0.0196835915260154));
#10691=CARTESIAN_POINT('',(0.041220308797943,0.0425747382525136,0.0199457884373801));
#10692=CARTESIAN_POINT('',(0.041136294998879,0.0425747382525136,0.0196835915260154));
#10693=CARTESIAN_POINT('',(0.0410522811998149,0.0425747382525136,0.0196835915260154));
#10694=CARTESIAN_POINT('',(0.0410522811998149,0.0425747382525136,0.0196835915260154));
#10695=CARTESIAN_POINT('',(0.041136294998879,0.0425747382525136,0.0196835915260154));
#10696=CARTESIAN_POINT('',(0.0402449178230948,0.0425747382525136,0.019553416298894));
#10697=CARTESIAN_POINT('',(0.0402449178230948,0.0426747382525137,0.019553416298894));
#10698=CARTESIAN_POINT('',(0.0404526442493521,0.0425747382525136,0.0196401997836416));
#10699=CARTESIAN_POINT('',(0.0404526442493521,0.0426747382525137,0.0196401997836416));
#10700=CARTESIAN_POINT('',(0.0407217653749255,0.0425747382525136,0.0196835915260154));
#10701=CARTESIAN_POINT('',(0.0407217653749255,0.0426747382525137,0.0196835915260154));
#10702=CARTESIAN_POINT('',(0.0410522811998149,0.0425747382525136,0.0196835915260154));
#10703=CARTESIAN_POINT('',(0.0410522811998149,0.0426747382525137,0.0196835915260154));
#10704=CARTESIAN_POINT('',(0.0402449178230948,0.0425747382525136,0.019553416298894));
#10705=CARTESIAN_POINT('',(0.0402449178230948,0.0425747382525136,0.019553416298894));
#10706=CARTESIAN_POINT('',(0.0402449178230948,0.0425747382525136,0.019553416298894));
#10707=CARTESIAN_POINT('',(0.0405565074624807,0.0425747382525136,0.0196835915260154));
#10708=CARTESIAN_POINT('',(0.0410522811998149,0.0425747382525136,0.0196835915260154));
#10709=CARTESIAN_POINT('',(0.0397514521571634,0.0425747382525136,0.019212744959832));
#10710=CARTESIAN_POINT('',(0.0397514521571634,0.0426747382525137,0.019212744959832));
#10711=CARTESIAN_POINT('',(0.039872702841527,0.0425747382525136,0.0193530757011259));
#10712=CARTESIAN_POINT('',(0.039872702841527,0.0426747382525137,0.0193530757011259));
#10713=CARTESIAN_POINT('',(0.0400371913968374,0.0425747382525136,0.0194666328141465));
#10714=CARTESIAN_POINT('',(0.0400371913968374,0.0426747382525137,0.0194666328141465));
#10715=CARTESIAN_POINT('',(0.0402449178230948,0.0425747382525136,0.019553416298894));
#10716=CARTESIAN_POINT('',(0.0402449178230948,0.0426747382525137,0.019553416298894));
#10717=CARTESIAN_POINT('',(0.0397514521571634,0.0425747382525136,0.019212744959832));
#10718=CARTESIAN_POINT('',(0.0397514521571634,0.0425747382525136,0.019212744959832));
#10719=CARTESIAN_POINT('',(0.0397514521571634,0.0425747382525136,0.019212744959832));
#10720=CARTESIAN_POINT('',(0.0399333281837088,0.0425747382525136,0.0194232410717728));
#10721=CARTESIAN_POINT('',(0.0402449178230948,0.0425747382525136,0.019553416298894));
#10722=CARTESIAN_POINT('',(0.0405878300791166,0.0425747382525137,0.0184764935899952));
#10723=CARTESIAN_POINT('',(0.0395063349741798,0.0425747382525136,0.0187428216222099));
#10724=CARTESIAN_POINT('',(0.0395062679316942,0.0425747382525136,0.0187428382143827));
#10725=CARTESIAN_POINT('',(0.0405878300791166,0.0425747382525136,0.0184764935899952));
#10726=CARTESIAN_POINT('',(0.0416528538546881,0.0425747382525137,0.0182178466518083));
#10727=CARTESIAN_POINT('',(0.0394430938177415,0.0425747382525136,0.0182175045709192));
#10728=CARTESIAN_POINT('',(0.0394430926712711,0.0425747382525136,0.0182175045707417));
#10729=CARTESIAN_POINT('',(0.0416528538546881,0.0425747382525136,0.0182178466518083));
#10730=CARTESIAN_POINT('',(0.0397546834571275,0.0425747382525136,0.0169134442283037));
#10731=CARTESIAN_POINT('',(0.0397546834571275,0.0426747382525137,0.0169134442283037));
#10732=CARTESIAN_POINT('',(0.0395469570308702,0.0425747382525136,0.0172134935106754));
#10733=CARTESIAN_POINT('',(0.0395469570308702,0.0426747382525137,0.0172134935106754));
#10734=CARTESIAN_POINT('',(0.0394430938177415,0.0425747382525136,0.0176481802915472));
#10735=CARTESIAN_POINT('',(0.0394430938177415,0.0426747382525137,0.0176481802915472));
#10736=CARTESIAN_POINT('',(0.0394430938177415,0.0425747382525136,0.0182175045709192));
#10737=CARTESIAN_POINT('',(0.0394430938177415,0.0426747382525137,0.0182175045709192));
#10738=CARTESIAN_POINT('',(0.0397546834571275,0.0425747382525136,0.0169134442283037));
#10739=CARTESIAN_POINT('',(0.0397546834571275,0.0425747382525136,0.0169134442283037));
#10740=CARTESIAN_POINT('',(0.0397546834571275,0.0425747382525136,0.0169134442283037));
#10741=CARTESIAN_POINT('',(0.0394430938177415,0.0425747382525136,0.0173635181518613));
#10742=CARTESIAN_POINT('',(0.0394430938177415,0.0425747382525136,0.0182175045709192));
#10743=CARTESIAN_POINT('',(0.0407697732601049,0.0425747382525136,0.0164633703047461));
#10744=CARTESIAN_POINT('',(0.0407697732601049,0.0426747382525137,0.0164633703047461));
#10745=CARTESIAN_POINT('',(0.0403007731510439,0.0425747382525136,0.0164633703047461));
#10746=CARTESIAN_POINT('',(0.0403007731510439,0.0426747382525137,0.0164633703047461));
#10747=CARTESIAN_POINT('',(0.0399624098833848,0.0425747382525136,0.016613394945932));
#10748=CARTESIAN_POINT('',(0.0399624098833848,0.0426747382525137,0.016613394945932));
#10749=CARTESIAN_POINT('',(0.0397546834571275,0.0425747382525136,0.0169134442283037));
#10750=CARTESIAN_POINT('',(0.0397546834571275,0.0426747382525137,0.0169134442283037));
#10751=CARTESIAN_POINT('',(0.0407697732601049,0.0425747382525136,0.0164633703047461));
#10752=CARTESIAN_POINT('',(0.0407697732601049,0.0425747382525136,0.0164633703047461));
#10753=CARTESIAN_POINT('',(0.0407697732601049,0.0425747382525136,0.0164633703047461));
#10754=CARTESIAN_POINT('',(0.0400662730965134,0.0425747382525136,0.0164633703047461));
#10755=CARTESIAN_POINT('',(0.0397546834571275,0.0425747382525136,0.0169134442283037));
#10756=CARTESIAN_POINT('',(0.040995041029024,0.0425747382525136,0.0164633703047461));
#10757=CARTESIAN_POINT('',(0.041220308797943,0.0425747382525136,0.0164633703047461));
#10758=CARTESIAN_POINT('',(0.041220308797943,0.0425747382525136,0.0164633703047461));
#10759=CARTESIAN_POINT('',(0.040995041029024,0.0425747382525136,0.0164633703047461));
#10760=CARTESIAN_POINT('',(0.041220308797943,0.0425747382525136,0.0162094824504317));
#10761=CARTESIAN_POINT('',(0.041220308797943,0.0425747382525136,0.0159555945961171));
#10762=CARTESIAN_POINT('',(0.041220308797943,0.0425747382525136,0.0159555945961171));
#10763=CARTESIAN_POINT('',(0.041220308797943,0.0425747382525136,0.0162094824504317));
#10764=CARTESIAN_POINT('',(0.0408796374588811,0.0425747382525136,0.0159555945961171));
#10765=CARTESIAN_POINT('',(0.040538966119819,0.0425747382525136,0.0159555945961171));
#10766=CARTESIAN_POINT('',(0.0405389586362162,0.0425747382525136,0.0159553706732911));
#10767=CARTESIAN_POINT('',(0.0408796374588811,0.0425747382525136,0.0159555945961171));
#10768=CARTESIAN_POINT('',(0.0406196463939556,0.0425747382525137,0.0183696931802527));
#10769=CARTESIAN_POINT('',(0.040291079251152,0.0425747382525136,0.0159759056244623));
#10770=CARTESIAN_POINT('',(0.0402910719485164,0.0425747382525136,0.0159758550273287));
#10771=CARTESIAN_POINT('',(0.0406196463939556,0.0425747382525136,0.0183696931802527));
#10772=CARTESIAN_POINT('',(0.0405295988613927,0.0425747382525137,0.0176987365654012));
#10773=CARTESIAN_POINT('',(0.0399217878266945,0.0425747382525136,0.0160682284805767));
#10774=CARTESIAN_POINT('',(0.0399217736529125,0.0425747382525136,0.0160681911372614));
#10775=CARTESIAN_POINT('',(0.0405295988613927,0.0425747382525136,0.0176987365654012));
#10776=CARTESIAN_POINT('',(0.0405997214681548,0.0425747382525137,0.0178814716690078));
#10777=CARTESIAN_POINT('',(0.0395035652884964,0.0425747382525136,0.0162847255781648));
#10778=CARTESIAN_POINT('',(0.0395034973302475,0.0425747382525136,0.016284629126003));
#10779=CARTESIAN_POINT('',(0.0405997214681548,0.0425747382525136,0.0178814716690078));
#10780=CARTESIAN_POINT('',(0.040342500267535,0.0425747382525137,0.0174961637456392));
#10781=CARTESIAN_POINT('',(0.0391139628356937,0.0425747382525136,0.0166798674023344));
#10782=CARTESIAN_POINT('',(0.0391139628356937,0.0425747382525136,0.0166798674023344));
#10783=CARTESIAN_POINT('',(0.040342500267535,0.0425747382525136,0.0174961637456392));
#10784=CARTESIAN_POINT('',(0.0388282235960198,0.0425747382525136,0.0173030466811064));
#10785=CARTESIAN_POINT('',(0.0388282235960198,0.0426747382525137,0.0173030466811064));
#10786=CARTESIAN_POINT('',(0.0389033128523261,0.0425747382525136,0.0170546981981587));
#10787=CARTESIAN_POINT('',(0.0389033128523261,0.0426747382525137,0.0170546981981587));
#10788=CARTESIAN_POINT('',(0.0389985592655508,0.0425747382525136,0.0168469717719014));
#10789=CARTESIAN_POINT('',(0.0389985592655508,0.0426747382525137,0.0168469717719014));
#10790=CARTESIAN_POINT('',(0.0391139628356937,0.0425747382525136,0.0166798674023344));
#10791=CARTESIAN_POINT('',(0.0391139628356937,0.0426747382525137,0.0166798674023344));
#10792=CARTESIAN_POINT('',(0.0388282235960198,0.0425747382525136,0.0173030466811064));
#10793=CARTESIAN_POINT('',(0.0388282235960198,0.0425747382525136,0.0173030466811064));
#10794=CARTESIAN_POINT('',(0.0388282235960198,0.0425747382525136,0.0173030466811064));
#10795=CARTESIAN_POINT('',(0.0389408574804793,0.0425747382525136,0.0169305239566849));
#10796=CARTESIAN_POINT('',(0.0391139628356937,0.0425747382525136,0.0166798674023344));
#10797=CARTESIAN_POINT('',(0.0387155897115602,0.0425747382525136,0.0181999632282575));
#10798=CARTESIAN_POINT('',(0.0387155897115602,0.0426747382525137,0.0181999632282575));
#10799=CARTESIAN_POINT('',(0.0387155897115602,0.0425747382525136,0.0178503673464377));
#10800=CARTESIAN_POINT('',(0.0387155897115602,0.0426747382525137,0.0178503673464377));
#10801=CARTESIAN_POINT('',(0.0387531343397134,0.0425747382525136,0.017551395164054));
#10802=CARTESIAN_POINT('',(0.0387531343397134,0.0426747382525137,0.017551395164054));
#10803=CARTESIAN_POINT('',(0.0388282235960198,0.0425747382525136,0.0173030466811064));
#10804=CARTESIAN_POINT('',(0.0388282235960198,0.0426747382525137,0.0173030466811064));
#10805=CARTESIAN_POINT('',(0.0387155897115602,0.0425747382525136,0.0181999632282575));
#10806=CARTESIAN_POINT('',(0.0387155887511719,0.0425747382525136,0.0181999632276219));
#10807=CARTESIAN_POINT('',(0.0387155897115602,0.0425747382525136,0.0181999632282575));
#10808=CARTESIAN_POINT('',(0.0387155897115602,0.0425747382525136,0.0176755694055278));
#10809=CARTESIAN_POINT('',(0.0388282235960198,0.0425747382525136,0.0173030466811064));
#10810=CARTESIAN_POINT('',(0.0408423750309919,0.0425747382525137,0.0182013706055348));
#10811=CARTESIAN_POINT('',(0.0388485346243649,0.0425747382525136,0.0189417773771364));
#10812=CARTESIAN_POINT('',(0.0388485605016871,0.0425747382525136,0.0189417676545671));
#10813=CARTESIAN_POINT('',(0.0408423750309919,0.0425747382525136,0.0182013706055348));
#10814=CARTESIAN_POINT('',(0.040597263963819,0.0425747382525137,0.0182978492974311));
#10815=CARTESIAN_POINT('',(0.0392496774341819,0.0425747382525136,0.0195852676842535));
#10816=CARTESIAN_POINT('',(0.0392496774341819,0.0425747382525136,0.0195852676842535));
#10817=CARTESIAN_POINT('',(0.040597263963819,0.0425747382525136,0.0182978492974311));
#10818=CARTESIAN_POINT('',(0.0399245575123779,0.0425747382525136,0.0200381112934945));
#10819=CARTESIAN_POINT('',(0.0399245575123779,0.0426747382525137,0.0200381112934945));
#10820=CARTESIAN_POINT('',(0.0396534360582554,0.0425747382525136,0.0199248619233275));
#10821=CARTESIAN_POINT('',(0.0396534360582554,0.0426747382525137,0.0199248619233275));
#10822=CARTESIAN_POINT('',(0.03942847603219,0.0425747382525136,0.0197739140535805));
#10823=CARTESIAN_POINT('',(0.03942847603219,0.0426747382525137,0.0197739140535805));
#10824=CARTESIAN_POINT('',(0.0392496774341819,0.0425747382525136,0.0195852676842535));
#10825=CARTESIAN_POINT('',(0.0392496774341819,0.0426747382525137,0.0195852676842535));
#10826=CARTESIAN_POINT('',(0.0399245575123779,0.0425747382525136,0.0200381112934945));
#10827=CARTESIAN_POINT('',(0.0395178753311941,0.0425747382525136,0.019868237238244));
#10828=CARTESIAN_POINT('',(0.0392496774341819,0.0425747382525136,0.0195852676842535));
#10829=CARTESIAN_POINT('',(-0.00455870851874351,0.0425747382525136,0.0127));
#10830=CARTESIAN_POINT('',(0.0216534026730639,0.0425747382525136,0.0176437180201684));
#10831=CARTESIAN_POINT('',(0.0216534026730639,0.0425747382525136,0.0179349966312092));
#10832=CARTESIAN_POINT('',(0.0216534026730639,0.0425747382525136,0.0179349966312092));
#10833=CARTESIAN_POINT('',(0.0216534026730639,0.0425747382525136,0.0176437180201684));
#10834=CARTESIAN_POINT('',(0.0216534026730639,0.0425747382525136,0.0173524394091275));
#10835=CARTESIAN_POINT('',(0.0216534026730639,0.0425747382525136,0.0173524394091275));
#10836=CARTESIAN_POINT('',(0.0225706302485601,0.0425747382525136,0.0179349966312092));
#10837=CARTESIAN_POINT('',(0.0234878578240564,0.0425747382525136,0.0179349966312092));
#10838=CARTESIAN_POINT('',(0.0234878578240564,0.0425747382525136,0.0179349966312092));
#10839=CARTESIAN_POINT('',(0.0225706302485601,0.0425747382525136,0.0179349966312092));
#10840=CARTESIAN_POINT('',(0.0234878578240564,0.0425747382525136,0.0176437180201684));
#10841=CARTESIAN_POINT('',(0.0234878578240564,0.0425747382525136,0.0173524394091275));
#10842=CARTESIAN_POINT('',(0.0234878578240564,0.0425747382525136,0.0173524394091275));
#10843=CARTESIAN_POINT('',(0.0234878578240564,0.0425747382525136,0.0176437180201684));
#10844=CARTESIAN_POINT('',(0.0225706302485601,0.0425747382525136,0.0173524394091275));
#10845=CARTESIAN_POINT('',(0.0225706302485601,0.0425747382525136,0.0173524394091275));
#10846=CARTESIAN_POINT('',(-0.00455870851874351,0.0425747382525136,0.0127));
#10847=CARTESIAN_POINT('',(0.0268174816298211,0.0425747382525136,0.0177355792620021));
#10848=CARTESIAN_POINT('',(0.0262113820794302,0.0425747382525136,0.0162611832498557));
#10849=CARTESIAN_POINT('',(0.0262113820794302,0.0425747382525136,0.0162611832498557));
#10850=CARTESIAN_POINT('',(0.0268174816298211,0.0425747382525136,0.0177355792620021));
#10851=CARTESIAN_POINT('',(0.0274235811802119,0.0425747382525136,0.0192099752741486));
#10852=CARTESIAN_POINT('',(0.0274235811802119,0.0425747382525136,0.0192099752741486));
#10853=CARTESIAN_POINT('',(0.0260932088236039,0.0425747382525136,0.0165441528038462));
#10854=CARTESIAN_POINT('',(0.0259750355677775,0.0425747382525136,0.0168271223578368));
#10855=CARTESIAN_POINT('',(0.0259750355677775,0.0425747382525136,0.0168271223578368));
#10856=CARTESIAN_POINT('',(0.0260932088236039,0.0425747382525136,0.0165441528038462));
#10857=CARTESIAN_POINT('',(0.0259348751253677,0.0425747382525136,0.016924984585318));
#10858=CARTESIAN_POINT('',(0.0258947146829579,0.0425747382525136,0.0170228468127992));
#10859=CARTESIAN_POINT('',(0.0258947146829579,0.0425747382525136,0.0170228468127992));
#10860=CARTESIAN_POINT('',(0.0259348751253677,0.0425747382525136,0.016924984585318));
#10861=CARTESIAN_POINT('',(0.0263101675354726,0.0425747382525136,0.0181164110434739));
#10862=CARTESIAN_POINT('',(0.0267256203879873,0.0425747382525136,0.0192099752741486));
#10863=CARTESIAN_POINT('',(0.0267256203879873,0.0425747382525136,0.0192099752741486));
#10864=CARTESIAN_POINT('',(0.0263101675354726,0.0425747382525136,0.0181164110434739));
#10865=CARTESIAN_POINT('',(0.0270746007840996,0.0425747382525136,0.0192099752741486));
#10866=CARTESIAN_POINT('',(0.0270746007840996,0.0425747382525136,0.0192099752741486));
#10867=CARTESIAN_POINT('',(-0.00455870851874351,0.0425747382525136,0.0127));
#10868=CARTESIAN_POINT('',(0.368563853384698,0.0425747382525137,0.147988541706626));
#10869=CARTESIAN_POINT('',(0.0242264793604112,0.0425747382525136,0.0192099752741486));
#10870=CARTESIAN_POINT('',(0.0242264793604112,0.0425747382525136,0.0192099752741486));
#10871=CARTESIAN_POINT('',(0.368563853384698,0.0425747382525136,0.147988541706626));
#10872=CARTESIAN_POINT('',(0.0247923610148134,0.0425747382525136,0.0177069520630265));
#10873=CARTESIAN_POINT('',(0.0247923797809524,0.0425747382525136,0.0177069591766067));
#10874=CARTESIAN_POINT('',(0.0245786523690476,0.0425747382525136,0.0192099752741486));
#10875=CARTESIAN_POINT('',(0.024930864065124,0.0425747382525136,0.0192099752741486));
#10876=CARTESIAN_POINT('',(0.024930864065124,0.0425747382525136,0.0192099752741486));
#10877=CARTESIAN_POINT('',(0.0245786523690476,0.0425747382525136,0.0192099752741486));
#10878=CARTESIAN_POINT('',(0.0255106516015222,0.0425747382525136,0.0175827849351329));
#10879=CARTESIAN_POINT('',(0.0260904391379204,0.0425747382525136,0.0159555945961171));
#10880=CARTESIAN_POINT('',(0.0260904391379204,0.0425747382525136,0.0159555945961171));
#10881=CARTESIAN_POINT('',(0.0255106516015222,0.0425747382525136,0.0175827849351329));
#10882=CARTESIAN_POINT('',(0.0262003033366965,0.0425747382525136,0.0156957057561552));
#10883=CARTESIAN_POINT('',(0.0263101675354726,0.0425747382525136,0.0154358169161933));
#10884=CARTESIAN_POINT('',(0.0263103621436631,0.0425747382525136,0.0154358914144411));
#10885=CARTESIAN_POINT('',(0.0262003033366965,0.0425747382525136,0.0156957057561552));
#10886=CARTESIAN_POINT('',(0.0278803452710266,0.0425747382525137,0.0160368989666466));
#10887=CARTESIAN_POINT('',(0.026425109491335,0.0425747382525136,0.0151967007188571));
#10888=CARTESIAN_POINT('',(0.0264250662527749,0.0425747382525136,0.0151966759933192));
#10889=CARTESIAN_POINT('',(0.0278803452710266,0.0425747382525136,0.0160368989666466));
#10890=CARTESIAN_POINT('',(0.0268230189301725,0.0425747382525137,0.015426974370455));
#10891=CARTESIAN_POINT('',(0.0265349736901111,0.0425747382525136,0.0150697567916998));
#10892=CARTESIAN_POINT('',(0.0265348350008811,0.0425747382525136,0.0150695913957077));
#10893=CARTESIAN_POINT('',(0.0268230189301725,0.0425747382525136,0.015426974370455));
#10894=CARTESIAN_POINT('',(0.0266954442757169,0.0425747382525137,0.0152839423333674));
#10895=CARTESIAN_POINT('',(0.0266646873029518,0.0425747382525136,0.0150180559922758));
#10896=CARTESIAN_POINT('',(0.0266646838125337,0.0425747382525136,0.0150180239515298));
#10897=CARTESIAN_POINT('',(0.0266954442757169,0.0425747382525136,0.0152839423333674));
#10898=CARTESIAN_POINT('',(0.0268186369535497,0.0425747382525137,0.0163902141391089));
#10899=CARTESIAN_POINT('',(0.0268290219868354,0.0425747382525136,0.0150092853209448));
#10900=CARTESIAN_POINT('',(0.0268290507930835,0.0425747382525136,0.0150090083123661));
#10901=CARTESIAN_POINT('',(0.0268186369535497,0.0425747382525136,0.0163902141391089));
#10902=CARTESIAN_POINT('',(0.0267801797356849,0.0425747382525137,0.0155899571927352));
#10903=CARTESIAN_POINT('',(0.0269702759566904,0.0425747382525136,0.0150379054063404));
#10904=CARTESIAN_POINT('',(0.0269702759566904,0.0425747382525136,0.0150379054063404));
#10905=CARTESIAN_POINT('',(0.0267801797356849,0.0425747382525136,0.0155899571927352));
#10906=CARTESIAN_POINT('',(0.0271603721776958,0.0425747382525137,0.0144858536199444));
#10907=CARTESIAN_POINT('',(0.0271115177905784,0.0425747382525136,0.0150671792030189));
#10908=CARTESIAN_POINT('',(0.0271115299265453,0.0425747382525136,0.0150665254917358));
#10909=CARTESIAN_POINT('',(0.0271603721776958,0.0425747382525136,0.0144858536199444));
#10910=CARTESIAN_POINT('',(0.0261013112927914,0.0425747382525137,0.0146906258827589));
#10911=CARTESIAN_POINT('',(0.0271438429261853,0.0425747382525136,0.0149658935785711));
#10912=CARTESIAN_POINT('',(0.0271437799700072,0.0425747382525136,0.014965877727467));
#10913=CARTESIAN_POINT('',(0.0261013112927914,0.0425747382525136,0.0146906258827589));
#10914=CARTESIAN_POINT('',(0.0250620923468059,0.0425747382525137,0.0143838970347038));
#10915=CARTESIAN_POINT('',(0.0271807720686311,0.0425747382525136,0.0148126376374213));
#10916=CARTESIAN_POINT('',(0.0271807656517768,0.0425747382525136,0.0148126368856677));
#10917=CARTESIAN_POINT('',(0.0250620923468059,0.0425747382525136,0.0143838970347038));
#10918=CARTESIAN_POINT('',(0.0194616062040054,0.0425747382525137,0.0128897132673734));
#10919=CARTESIAN_POINT('',(0.0272268724659273,0.0425747382525136,0.0146171354510608));
#10920=CARTESIAN_POINT('',(0.0272268724654621,0.0425747382525136,0.0146171354513124));
#10921=CARTESIAN_POINT('',(0.0194616062040054,0.0425747382525136,0.0128897132673734));
#10922=CARTESIAN_POINT('',(0.0271981554906179,0.0425747382519694,0.0146063203494941));
#10923=CARTESIAN_POINT('',(0.0271581529688831,0.0425747382525136,0.0145910627827468));
#10924=CARTESIAN_POINT('',(0.0271581294192901,0.0425747382525136,0.0145911264409209));
#10925=CARTESIAN_POINT('',(0.0271981554906179,0.0425747382525136,0.0146063203494941));
#10926=CARTESIAN_POINT('',(0.0265495300942864,0.0425747382525137,0.0161785207471766));
#10927=CARTESIAN_POINT('',(0.0270395180987761,0.0425747382525136,0.0145504407260565));
#10928=CARTESIAN_POINT('',(0.0270395129886837,0.0425747382525136,0.0145504580007657));
#10929=CARTESIAN_POINT('',(0.0265495300942864,0.0425747382525136,0.0161785207471766));
#10930=CARTESIAN_POINT('',(0.0265989277503567,0.0425747382525137,0.0159946553790436));
#10931=CARTESIAN_POINT('',(0.026903803500288,0.0425747382525136,0.0145158196550136));
#10932=CARTESIAN_POINT('',(0.0269037869375639,0.0425747382525136,0.0145158938880084));
#10933=CARTESIAN_POINT('',(0.0265985918640738,0.0425747382525139,0.0159955079135559));
#10934=CARTESIAN_POINT('',(0.0267698660167123,0.0425747382525137,0.0151157509792701));
#10935=CARTESIAN_POINT('',(0.0267828605587782,0.0425747382525136,0.0145015096123158));
#10936=CARTESIAN_POINT('',(0.0267828623985808,0.0425747382525136,0.014501504908609));
#10937=CARTESIAN_POINT('',(0.0267698660167123,0.0425747382525136,0.0151157509792701));
#10938=CARTESIAN_POINT('',(0.0267637194834756,0.0425747382525137,0.0172545759176671));
#10939=CARTESIAN_POINT('',(0.0264860425763705,0.0425747382525136,0.0145158196550136));
#10940=CARTESIAN_POINT('',(0.0264860362424341,0.0425747382525136,0.0145157538811241));
#10941=CARTESIAN_POINT('',(0.0267637194834756,0.0425747382525136,0.0172545759176671));
#10942=CARTESIAN_POINT('',(0.0265451433764898,0.0425747382525137,0.0150707128832126));
#10943=CARTESIAN_POINT('',(0.0262464647647537,0.0425747382525136,0.0145993718397971));
#10944=CARTESIAN_POINT('',(0.0262463239649124,0.0425747382525136,0.0145991613498937));
#10945=CARTESIAN_POINT('',(0.0265451433764898,0.0425747382525136,0.0150707128832126));
#10946=CARTESIAN_POINT('',(0.0267400023463984,0.0425747382525137,0.015339240389159));
#10947=CARTESIAN_POINT('',(0.026032737352849,0.0425747382525136,0.0147983275947235));
#10948=CARTESIAN_POINT('',(0.02603262358412,0.0425747382525136,0.0147982442610274));
#10949=CARTESIAN_POINT('',(0.0267400023463984,0.0425747382525136,0.015339240389159));
#10950=CARTESIAN_POINT('',(0.02783524875981,0.0425747382525137,0.0161556879741924));
#10951=CARTESIAN_POINT('',(0.0258107008838939,0.0425747382525136,0.0151560786621667));
#10952=CARTESIAN_POINT('',(0.0258108128224474,0.0425747382525136,0.0151561318264804));
#10953=CARTESIAN_POINT('',(0.02783524875981,0.0425747382525136,0.0161556879741924));
#10954=CARTESIAN_POINT('',(0.0326262839470916,0.0425747382525137,0.018598180732004));
#10955=CARTESIAN_POINT('',(0.0255512736582125,0.0425747382525136,0.0157247874558312));
#10956=CARTESIAN_POINT('',(0.0255513295378195,0.0425747382525136,0.0157248094547006));
#10957=CARTESIAN_POINT('',(0.0326262839470916,0.0425747382525136,0.018598180732004));
#10958=CARTESIAN_POINT('',(0.0501256409651327,0.0425747382525137,0.0257923529529264));
#10959=CARTESIAN_POINT('',(0.0252253739761288,0.0425747382525136,0.0165589244608245));
#10960=CARTESIAN_POINT('',(0.0252254728807659,0.0425747382525136,0.0165589610266886));
#10961=CARTESIAN_POINT('',(0.0501256409651327,0.0425747382525136,0.0257923529529264));
#10962=CARTESIAN_POINT('',(-0.231884548678058,0.0425747382525137,-0.0797730307975788));
#10963=CARTESIAN_POINT('',(-0.231884548678058,0.0425747382525136,-0.0797730307975788));
#10964=CARTESIAN_POINT('',(-0.00455870851874351,0.0425747382525136,0.0127));
#10965=CARTESIAN_POINT('',(0.0295954763703024,0.0425747382525136,0.0192099752741486));
#10966=CARTESIAN_POINT('',(0.0308330642565155,0.0425747382525136,0.0192099752741486));
#10967=CARTESIAN_POINT('',(0.0308330642565155,0.0425747382525136,0.0192099752741486));
#10968=CARTESIAN_POINT('',(0.0295954763703024,0.0425747382525136,0.0192099752741486));
#10969=CARTESIAN_POINT('',(0.0283578884840893,0.0425747382525136,0.0192099752741486));
#10970=CARTESIAN_POINT('',(0.0283578884840893,0.0425747382525136,0.0192099752741486));
#10971=CARTESIAN_POINT('',(0.0308330642565155,0.0425747382525136,0.0189302370201221));
#10972=CARTESIAN_POINT('',(0.0308330642565155,0.0425747382525136,0.0186504987660955));
#10973=CARTESIAN_POINT('',(0.0308330642565155,0.0425747382525136,0.0186504987660955));
#10974=CARTESIAN_POINT('',(0.0308330642565155,0.0425747382525136,0.0189302370201221));
#10975=CARTESIAN_POINT('',(0.0299389173950479,0.0425747382525136,0.0186504987660955));
#10976=CARTESIAN_POINT('',(0.0290447705335802,0.0425747382525136,0.0186504987660955));
#10977=CARTESIAN_POINT('',(0.0290447705335802,0.0425747382525136,0.0186504987660955));
#10978=CARTESIAN_POINT('',(0.0299389173950479,0.0425747382525136,0.0186504987660955));
#10979=CARTESIAN_POINT('',(0.0291024723186517,0.0425747382525136,0.0186043373380384));
#10980=CARTESIAN_POINT('',(0.0291601741037231,0.0425747382525136,0.0185581759099812));
#10981=CARTESIAN_POINT('',(0.0291601741037231,0.0425747382525136,0.0185581759099812));
#10982=CARTESIAN_POINT('',(0.0291024723186517,0.0425747382525136,0.0186043373380384));
#10983=CARTESIAN_POINT('',(0.0299966191801193,0.0425747382525136,0.0175366235070757));
#10984=CARTESIAN_POINT('',(0.0308330642565155,0.0425747382525136,0.0165150711041702));
#10985=CARTESIAN_POINT('',(0.0308330642565155,0.0425747382525136,0.0165150711041702));
#10986=CARTESIAN_POINT('',(0.0299966191801193,0.0425747382525136,0.0175366235070757));
#10987=CARTESIAN_POINT('',(0.0308330642565155,0.0425747382525136,0.0162353328501437));
#10988=CARTESIAN_POINT('',(0.0308330642565155,0.0425747382525136,0.0159555945961171));
#10989=CARTESIAN_POINT('',(0.0308330642565155,0.0425747382525136,0.0159555945961171));
#10990=CARTESIAN_POINT('',(0.0308330642565155,0.0425747382525136,0.0162353328501437));
#10991=CARTESIAN_POINT('',(0.0295954763703024,0.0425747382525136,0.0159555945961171));
#10992=CARTESIAN_POINT('',(0.0283578884840893,0.0425747382525136,0.0159555945961171));
#10993=CARTESIAN_POINT('',(0.0283578884840893,0.0425747382525136,0.0159555945961171));
#10994=CARTESIAN_POINT('',(0.0295954763703024,0.0425747382525136,0.0159555945961171));
#10995=CARTESIAN_POINT('',(0.0283578884840893,0.0425747382525136,0.0162353328501437));
#10996=CARTESIAN_POINT('',(0.0283578884840893,0.0425747382525136,0.0165150711041702));
#10997=CARTESIAN_POINT('',(0.0283578884840893,0.0425747382525136,0.0165150711041702));
#10998=CARTESIAN_POINT('',(0.0283578884840893,0.0425747382525136,0.0162353328501437));
#10999=CARTESIAN_POINT('',(0.0292524969598376,0.0425747382525136,0.0165150711041702));
#11000=CARTESIAN_POINT('',(0.0301471054355857,0.0425747382525136,0.0165150711041702));
#11001=CARTESIAN_POINT('',(0.0301471054355857,0.0425747382525136,0.0165150711041702));
#11002=CARTESIAN_POINT('',(0.0292524969598376,0.0425747382525136,0.0165150711041702));
#11003=CARTESIAN_POINT('',(0.0300894036505143,0.0425747382525136,0.0165612325322274));
#11004=CARTESIAN_POINT('',(0.0300317018654428,0.0425747382525136,0.0166073939602846));
#11005=CARTESIAN_POINT('',(0.0300317018654428,0.0425747382525136,0.0166073939602846));
#11006=CARTESIAN_POINT('',(0.0300894036505143,0.0425747382525136,0.0165612325322274));
#11007=CARTESIAN_POINT('',(0.0291947951747661,0.0425747382525136,0.0176289463631901));
#11008=CARTESIAN_POINT('',(0.0283578884840893,0.0425747382525136,0.0186504987660955));
#11009=CARTESIAN_POINT('',(0.0283578884840893,0.0425747382525136,0.0186504987660955));
#11010=CARTESIAN_POINT('',(0.0291947951747661,0.0425747382525136,0.0176289463631901));
#11011=CARTESIAN_POINT('',(0.0283578884840893,0.0425747382525136,0.0189302370201221));
#11012=CARTESIAN_POINT('',(0.0283578884840893,0.0425747382525136,0.0189302370201221));
#11013=CARTESIAN_POINT('',(-0.00455870851874351,0.0425747382525136,0.0127));
#11014=CARTESIAN_POINT('',(0.00759078522972334,0.0425747382525136,0.0169369865566129));
#11015=CARTESIAN_POINT('',(0.00759078522972334,0.0426747382525137,0.0169369865566129));
#11016=CARTESIAN_POINT('',(0.00759078522972334,0.0425747382525136,0.0167634195871179));
#11017=CARTESIAN_POINT('',(0.00759078522972334,0.0426747382525137,0.0167634195871179));
#11018=CARTESIAN_POINT('',(0.00755524093011931,0.0425747382525136,0.0166343214599846));
#11019=CARTESIAN_POINT('',(0.00755524093011931,0.0426747382525137,0.0166343214599846));
#11020=CARTESIAN_POINT('',(0.00748415233091124,0.0425747382525136,0.0165496921752131));
#11021=CARTESIAN_POINT('',(0.00748415233091124,0.0426747382525137,0.0165496921752131));
#11022=CARTESIAN_POINT('',(0.00759078522972334,0.0425747382525136,0.0169369865566129));
#11023=CARTESIAN_POINT('',(0.00759078522972334,0.0425747382525136,0.0169369865566129));
#11024=CARTESIAN_POINT('',(0.00759078522972334,0.0425747382525136,0.0169369865566129));
#11025=CARTESIAN_POINT('',(0.00759078522972334,0.0425747382525136,0.0166766361023703));
#11026=CARTESIAN_POINT('',(0.00748415233091124,0.0425747382525136,0.0165496921752131));
#11027=CARTESIAN_POINT('',(0.00748415233091124,0.0425747382525136,0.0165496921752131));
#11028=CARTESIAN_POINT('',(0.00748415233091124,0.0425747382525136,0.0165496921752131));
#11029=CARTESIAN_POINT('',(0.00751877340195413,0.0425747382525136,0.017239805524668));
#11030=CARTESIAN_POINT('',(0.00751877340195413,0.0426747382525137,0.017239805524668));
#11031=CARTESIAN_POINT('',(0.0075667812871336,0.0425747382525136,0.0171610233541171));
#11032=CARTESIAN_POINT('',(0.0075667812871336,0.0426747382525137,0.0171610233541171));
#11033=CARTESIAN_POINT('',(0.00759078522972334,0.0425747382525136,0.0170600836980987));
#11034=CARTESIAN_POINT('',(0.00759078522972334,0.0426747382525137,0.0170600836980987));
#11035=CARTESIAN_POINT('',(0.00759078522972334,0.0425747382525136,0.0169369865566129));
#11036=CARTESIAN_POINT('',(0.00759078522972334,0.0426747382525137,0.0169369865566129));
#11037=CARTESIAN_POINT('',(0.00751877340195413,0.0425747382525136,0.017239805524668));
#11038=CARTESIAN_POINT('',(0.00751877340195413,0.0425747382525136,0.017239805524668));
#11039=CARTESIAN_POINT('',(0.00751877340195413,0.0425747382525136,0.017239805524668));
#11040=CARTESIAN_POINT('',(0.00759078522972334,0.0425747382525136,0.0171216322688416));
#11041=CARTESIAN_POINT('',(0.00759078522972334,0.0425747382525136,0.0169369865566129));
#11042=CARTESIAN_POINT('',(0.00707804309462541,0.0425747382525137,0.0169812704769011));
#11043=CARTESIAN_POINT('',(0.00733689737540882,0.0425747382525136,0.0174212199369327));
#11044=CARTESIAN_POINT('',(0.00733695289463574,0.0425747382525136,0.0174213135015542));
#11045=CARTESIAN_POINT('',(0.00707804309462541,0.0425747382525136,0.0169812704769011));
#11046=CARTESIAN_POINT('',(0.00697102977577577,0.0425747382525137,0.0167849428275363));
#11047=CARTESIAN_POINT('',(0.00710008924947547,0.0425747382525136,0.0175075418073996));
#11048=CARTESIAN_POINT('',(0.00710007991211616,0.0425747382525136,0.0175074909220701));
#11049=CARTESIAN_POINT('',(0.00697102977577577,0.0425747382525136,0.0167849428275363));
#11050=CARTESIAN_POINT('',(0.00684957581048458,0.0425747382525137,0.0161732476952447));
#11051=CARTESIAN_POINT('',(0.00685774175217525,0.0425747382525136,0.0175306225214283));
#11052=CARTESIAN_POINT('',(0.00685774206653355,0.0425747385025136,0.0175306747752969));
#11053=CARTESIAN_POINT('',(0.00684957581048458,0.0425747382525136,0.0161732476952447));
#11054=CARTESIAN_POINT('',(0.00679450059573691,0.0425747382525136,0.0175306225214283));
#11055=CARTESIAN_POINT('',(0.00673125943929857,0.0425747382525136,0.0175306225214283));
#11056=CARTESIAN_POINT('',(0.00673125943929857,0.0425747382525136,0.0175306225214283));
#11057=CARTESIAN_POINT('',(0.00679450059573691,0.0425747382525136,0.0175306225214283));
#11058=CARTESIAN_POINT('',(0.00673125943929857,0.0425747382525136,0.0177355792620021));
#11059=CARTESIAN_POINT('',(0.00673125943929857,0.0425747382525136,0.0179405360025761));
#11060=CARTESIAN_POINT('',(0.00673125943929857,0.0425747382525136,0.0179405360025761));
#11061=CARTESIAN_POINT('',(0.00673125943929857,0.0425747382525136,0.0177355792620021));
#11062=CARTESIAN_POINT('',(0.00685820336645583,0.0425747382525136,0.0179405360025761));
#11063=CARTESIAN_POINT('',(0.00698514729361308,0.0425747382525136,0.0179405360025761));
#11064=CARTESIAN_POINT('',(0.00698514729398031,0.0425747382525136,0.0179405418406826));
#11065=CARTESIAN_POINT('',(0.00685820336645583,0.0425747382525136,0.0179405360025761));
#11066=CARTESIAN_POINT('',(0.00698503745697878,0.0425747382525137,0.016194390789593));
#11067=CARTESIAN_POINT('',(0.00744076058853749,0.0425747382525136,0.0178800645318212));
#11068=CARTESIAN_POINT('',(0.00744072445629022,0.0425747382525136,0.0178799260069835));
#11069=CARTESIAN_POINT('',(0.00698503745697878,0.0425747382525136,0.016194390789593));
#11070=CARTESIAN_POINT('',(0.00712669882221584,0.0425747382525137,0.0166678871688252));
#11071=CARTESIAN_POINT('',(0.00784144178407385,0.0425747382525136,0.0176954188195924));
#11072=CARTESIAN_POINT('',(0.00784151167943768,0.0425747382525136,0.0176955193383742));
#11073=CARTESIAN_POINT('',(0.00712669882221584,0.0425747382525136,0.0166678871688252));
#11074=CARTESIAN_POINT('',(0.00726456657280525,0.0425747382525137,0.0168825271547288));
#11075=CARTESIAN_POINT('',(0.00812995070943125,0.0425747382525136,0.017377828194559));
#11076=CARTESIAN_POINT('',(0.00812995070943125,0.0425747382525136,0.017377828194559));
#11077=CARTESIAN_POINT('',(0.00726456657280525,0.0425747382525136,0.0168825271547288));
#11078=CARTESIAN_POINT('',(0.00824258459389077,0.0425747382525136,0.0169194452139512));
#11079=CARTESIAN_POINT('',(0.00824258459389077,0.0426747382525137,0.0169194452139512));
#11080=CARTESIAN_POINT('',(0.00824258459389077,0.0425747382525136,0.0170960896119833));
#11081=CARTESIAN_POINT('',(0.00824258459389077,0.0426747382525137,0.0170960896119833));
#11082=CARTESIAN_POINT('',(0.0082050399657376,0.0425747382525136,0.0172488839388526));
#11083=CARTESIAN_POINT('',(0.0082050399657376,0.0426747382525137,0.0172488839388526));
#11084=CARTESIAN_POINT('',(0.00812995070943125,0.0425747382525136,0.017377828194559));
#11085=CARTESIAN_POINT('',(0.00812995070943125,0.0426747382525137,0.017377828194559));
#11086=CARTESIAN_POINT('',(0.00824258459389077,0.0425747382525136,0.0169194452139512));
#11087=CARTESIAN_POINT('',(0.00824258459389077,0.0425747382525136,0.0169194452139512));
#11088=CARTESIAN_POINT('',(0.00824258459389077,0.0425747382525136,0.0169194452139512));
#11089=CARTESIAN_POINT('',(0.00824258459389077,0.0425747382525136,0.0171844118109994));
#11090=CARTESIAN_POINT('',(0.00812995070943125,0.0425747382525136,0.017377828194559));
#11091=CARTESIAN_POINT('',(0.00816457178047413,0.0425747382525136,0.0164518299477318));
#11092=CARTESIAN_POINT('',(0.00816457178047413,0.0426747382525137,0.0164518299477318));
#11093=CARTESIAN_POINT('',(0.00821658032275189,0.0425747382525136,0.016578927746316));
#11094=CARTESIAN_POINT('',(0.00821658032275189,0.0426747382525137,0.016578927746316));
#11095=CARTESIAN_POINT('',(0.00824258459389077,0.0425747382525136,0.0167347995017224));
#11096=CARTESIAN_POINT('',(0.00824258459389077,0.0426747382525137,0.0167347995017224));
#11097=CARTESIAN_POINT('',(0.00824258459389077,0.0425747382525136,0.0169194452139512));
#11098=CARTESIAN_POINT('',(0.00824258459389077,0.0426747382525137,0.0169194452139512));
#11099=CARTESIAN_POINT('',(0.00816457178047413,0.0425747382525136,0.0164518299477318));
#11100=CARTESIAN_POINT('',(0.00816457178047413,0.0425747382525136,0.0164518299477318));
#11101=CARTESIAN_POINT('',(0.00816457178047413,0.0425747382525136,0.0164518299477318));
#11102=CARTESIAN_POINT('',(0.00824258459389077,0.0425747382525136,0.016642476645608));
#11103=CARTESIAN_POINT('',(0.00824258459389077,0.0425747382525136,0.0169194452139512));
#11104=CARTESIAN_POINT('',(0.00744648877527376,0.0425747382525137,0.016727442220816));
#11105=CARTESIAN_POINT('',(0.00794807468288594,0.0425747382525136,0.0161457796797128));
#11106=CARTESIAN_POINT('',(0.00794824088518017,0.0425747382525136,0.0161455886237137));
#11107=CARTESIAN_POINT('',(0.00744648877527376,0.0425747382525136,0.016727442220816));
#11108=CARTESIAN_POINT('',(0.00739840062116105,0.0425747382525137,0.0168098694334204));
#11109=CARTESIAN_POINT('',(0.00762817598644966,0.0425747382525136,0.0159786753101458));
#11110=CARTESIAN_POINT('',(0.00762816321172413,0.0425747382525136,0.0159787232461643));
#11111=CARTESIAN_POINT('',(0.00739840062116105,0.0425747382525136,0.0168098694334204));
#11112=CARTESIAN_POINT('',(0.00725565846363144,0.0425747382525137,0.0172996298827146));
#11113=CARTESIAN_POINT('',(0.00725011389066132,0.0425747382525136,0.0159269745107217));
#11114=CARTESIAN_POINT('',(0.00725011250659458,0.0425747382525136,0.0159270770754184));
#11115=CARTESIAN_POINT('',(0.00725565846363144,0.0425747382525136,0.0172996298827146));
#11116=CARTESIAN_POINT('',(0.00723814209070973,0.0425747382525137,0.0163057293837984));
#11117=CARTESIAN_POINT('',(0.00717533237720868,0.0425747382525136,0.0159322348598835));
#11118=CARTESIAN_POINT('',(0.00717533237720868,0.0425747382525136,0.0159322348598835));
#11119=CARTESIAN_POINT('',(0.00723814209070973,0.0425747382525136,0.0163057293837984));
#11120=CARTESIAN_POINT('',(0.00717533237720868,0.0425747382525136,0.0161660907080579));
#11121=CARTESIAN_POINT('',(0.00717533237720868,0.0425747382525136,0.0163996675340272));
#11122=CARTESIAN_POINT('',(0.00717533237720868,0.0425747382525136,0.0163996675340272));
#11123=CARTESIAN_POINT('',(0.00717533237720868,0.0425747382525136,0.0161660907080579));
#11124=CARTESIAN_POINT('',(0.00748415233091124,0.0425747382525136,0.0165496921752131));
#11125=CARTESIAN_POINT('',(0.00748415233091124,0.0426747382525137,0.0165496921752131));
#11126=CARTESIAN_POINT('',(0.00741306373170318,0.0425747382525136,0.0164650628904416));
#11127=CARTESIAN_POINT('',(0.00741306373170318,0.0426747382525137,0.0164650628904416));
#11128=CARTESIAN_POINT('',(0.00731012374713566,0.0425747382525136,0.016415054676713));
#11129=CARTESIAN_POINT('',(0.00731012374713566,0.0426747382525137,0.016415054676713));
#11130=CARTESIAN_POINT('',(0.00717533237720868,0.0425747382525136,0.0163996675340272));
#11131=CARTESIAN_POINT('',(0.00717533237720868,0.0426747382525137,0.0163996675340272));
#11132=CARTESIAN_POINT('',(0.00748415233091124,0.0425747382525136,0.0165496921752131));
#11133=CARTESIAN_POINT('',(0.00737751943209915,0.0425747382525136,0.0164227482480559));
#11134=CARTESIAN_POINT('',(0.00717533237720868,0.0425747382525136,0.0163996675340272));
#11135=CARTESIAN_POINT('',(-0.00455870851874351,0.0425747382525136,0.0127));
#11136=CARTESIAN_POINT('',(0.00920870972889825,0.0425747382525137,0.0179595498110045));
#11137=CARTESIAN_POINT('',(0.00979545503373445,0.0425747382525136,0.0190665621474357));
#11138=CARTESIAN_POINT('',(0.00979545503373445,0.0425747382525136,0.0190665621474357));
#11139=CARTESIAN_POINT('',(0.00920870972889825,0.0425747382525136,0.0179595498110045));
#11140=CARTESIAN_POINT('',(0.00944924432330557,0.0425747382525136,0.0191896642458035));
#11141=CARTESIAN_POINT('',(0.00944924432330557,0.0425747382525136,0.0191896642458035));
#11142=CARTESIAN_POINT('',(0.00979545503373445,0.0425747382525136,0.0187714417076053));
#11143=CARTESIAN_POINT('',(0.00979545503373445,0.0425747382525136,0.0184770045598426));
#11144=CARTESIAN_POINT('',(0.00979545503373445,0.0425747382525136,0.0184770045598426));
#11145=CARTESIAN_POINT('',(0.00979545503373445,0.0425747382525136,0.0187714417076053));
#11146=CARTESIAN_POINT('',(0.00934208762801177,0.0425747382525137,0.0171734863687306));
#11147=CARTESIAN_POINT('',(0.0095503378507508,0.0425747382525136,0.018537864881636));
#11148=CARTESIAN_POINT('',(0.00955033253184745,0.0425747382525136,0.0185378299240616));
#11149=CARTESIAN_POINT('',(0.00934208762801177,0.0425747382525136,0.0171734863687306));
#11150=CARTESIAN_POINT('',(0.00929111914085876,0.0425747382525137,0.0168981929874917));
#11151=CARTESIAN_POINT('',(0.00929321869647228,0.0425747382525136,0.0185581759099812));
#11152=CARTESIAN_POINT('',(0.00929321992995556,0.0425747382525136,0.0185578726079989));
#11153=CARTESIAN_POINT('',(0.00929111914085876,0.0425747382525136,0.0168981929874917));
#11154=CARTESIAN_POINT('',(0.00929924291483948,0.0425747382525137,0.0169564686897883));
#11155=CARTESIAN_POINT('',(0.00890084655798622,0.0425747382525136,0.0185071978746465));
#11156=CARTESIAN_POINT('',(0.00890084655798622,0.0425747382525136,0.0185071978746465));
#11157=CARTESIAN_POINT('',(0.00929924291483948,0.0425747382525136,0.0169564686897883));
#11158=CARTESIAN_POINT('',(0.00890084655798622,0.0425747382525136,0.0188697655493671));
#11159=CARTESIAN_POINT('',(0.00890084655798622,0.0425747382525136,0.0192330559881772));
#11160=CARTESIAN_POINT('',(0.00890084655798622,0.0425747382525136,0.0192330559881772));
#11161=CARTESIAN_POINT('',(0.00890084655798622,0.0425747382525136,0.0188697655493671));
#11162=CARTESIAN_POINT('',(0.00944924432330557,0.0425747382525136,0.0191896642458035));
#11163=CARTESIAN_POINT('',(0.00944924432330557,0.0426747382525137,0.0191896642458035));
#11164=CARTESIAN_POINT('',(0.00931445295337859,0.0425747382525136,0.0192185920740526));
#11165=CARTESIAN_POINT('',(0.00931445295337859,0.0426747382525137,0.0192185920740526));
#11166=CARTESIAN_POINT('',(0.00913165369827214,0.0425747382525136,0.0192330559881772));
#11167=CARTESIAN_POINT('',(0.00913165369827214,0.0426747382525137,0.0192330559881772));
#11168=CARTESIAN_POINT('',(0.00890084655798622,0.0425747382525136,0.0192330559881772));
#11169=CARTESIAN_POINT('',(0.00890084655798622,0.0426747382525137,0.0192330559881772));
#11170=CARTESIAN_POINT('',(0.00944924432330557,0.0425747382525136,0.0191896642458035));
#11171=CARTESIAN_POINT('',(0.0092470572684151,0.0425747382525136,0.0192330559881772));
#11172=CARTESIAN_POINT('',(0.00890084655798622,0.0425747382525136,0.0192330559881772));
#11173=CARTESIAN_POINT('',(-0.00455870851874351,0.0425747382525136,0.0127));
#11174=CARTESIAN_POINT('',(0.0100691923021135,0.0425747382525136,0.0190428709045816));
#11175=CARTESIAN_POINT('',(0.0101065830588399,0.0425747382525136,0.0192099752741486));
#11176=CARTESIAN_POINT('',(0.0101065830588399,0.0425747382525136,0.0192099752741486));
#11177=CARTESIAN_POINT('',(0.0100691923021135,0.0425747382525136,0.0190428709045816));
#11178=CARTESIAN_POINT('',(0.0100318015453872,0.0425747382525136,0.0188757665350146));
#11179=CARTESIAN_POINT('',(0.0100318015453872,0.0425747382525136,0.0188757665350146));
#11180=CARTESIAN_POINT('',(0.0104181726982259,0.0425747382525136,0.0192099752741486));
#11181=CARTESIAN_POINT('',(0.0107297623376118,0.0425747382525136,0.0192099752741486));
#11182=CARTESIAN_POINT('',(0.0107297623376118,0.0425747382525136,0.0192099752741486));
#11183=CARTESIAN_POINT('',(0.0104181726982259,0.0425747382525136,0.0192099752741486));
#11184=CARTESIAN_POINT('',(0.0107297623376118,0.0425747382525136,0.0175827849351329));
#11185=CARTESIAN_POINT('',(0.0107297623376118,0.0425747382525136,0.0159555945961171));
#11186=CARTESIAN_POINT('',(0.0107297623376118,0.0425747382525136,0.0159555945961171));
#11187=CARTESIAN_POINT('',(0.0107297623376118,0.0425747382525136,0.0175827849351329));
#11188=CARTESIAN_POINT('',(0.0103807819414995,0.0425747382525136,0.0159555945961171));
#11189=CARTESIAN_POINT('',(0.0100318015453872,0.0425747382525136,0.0159555945961171));
#11190=CARTESIAN_POINT('',(0.0100318015453872,0.0425747382525136,0.0159555945961171));
#11191=CARTESIAN_POINT('',(0.0103807819414995,0.0425747382525136,0.0159555945961171));
#11192=CARTESIAN_POINT('',(0.0100318015453872,0.0425747382525136,0.0165270730754651));
#11193=CARTESIAN_POINT('',(0.0100318015453872,0.0425747382525136,0.0165270730754651));
#11194=CARTESIAN_POINT('',(-0.00455870851874351,0.0425747382525136,0.0127));
#11195=CARTESIAN_POINT('',(0.00933460439366635,0.0425747382525137,0.0169571568206229));
#11196=CARTESIAN_POINT('',(0.0118320972396174,0.0425747382525136,0.0169194452139512));
#11197=CARTESIAN_POINT('',(0.0118321545824298,0.0425747385025136,0.016919444348087));
#11198=CARTESIAN_POINT('',(0.00933460439366635,0.0425747382525136,0.0169571568206229));
#11199=CARTESIAN_POINT('',(0.0118265248466613,0.0425747382525238,0.0167837329811052));
#11200=CARTESIAN_POINT('',(0.0118265578682505,0.0425747382525136,0.016783730615463));
#11201=CARTESIAN_POINT('',(0.0118320972396174,0.0425747382525136,0.0169425259279797));
#11202=CARTESIAN_POINT('',(0.0118320972396174,0.0425747382525136,0.017715268233657));
#11203=CARTESIAN_POINT('',(0.0118320972396174,0.0425747382525136,0.017715268233657));
#11204=CARTESIAN_POINT('',(0.0118320972396174,0.0425747382525136,0.0169425259279797));
#11205=CARTESIAN_POINT('',(0.0176762532441426,0.0425747382525137,0.0177134073615054));
#11206=CARTESIAN_POINT('',(0.0118464072823151,0.0425747382525136,0.0181224120291213));
#11207=CARTESIAN_POINT('',(0.0118464072823151,0.0425747382525136,0.0181224120291213));
#11208=CARTESIAN_POINT('',(0.0176765281633815,0.042574738252514,0.0177136751053404));
#11209=CARTESIAN_POINT('',(0.0150328276471651,0.0425747382525137,0.0178997096590723));
#11210=CARTESIAN_POINT('',(0.0119013393817032,0.0425747382525136,0.0185295558245858));
#11211=CARTESIAN_POINT('',(0.0119016844243003,0.0425747382525136,0.0185294953106046));
#11212=CARTESIAN_POINT('',(0.0150345295907781,0.0425747382525138,0.0178995718818549));
#11213=CARTESIAN_POINT('',(0.0127238527034449,0.0425747382525137,0.0183853426041256));
#11214=CARTESIAN_POINT('',(0.0120430549658387,0.0425747382525136,0.0188665342494031));
#11215=CARTESIAN_POINT('',(0.0120428687841255,0.0425747382525136,0.0188666638261197));
#11216=CARTESIAN_POINT('',(0.0127238527034449,0.0425747382525136,0.0183853426041256));
#11217=CARTESIAN_POINT('',(0.0127021143295185,0.0425747382525137,0.018385801460466));
#11218=CARTESIAN_POINT('',(0.0122794014774915,0.0425747382525136,0.0190830313469913));
#11219=CARTESIAN_POINT('',(0.0122793559420683,0.0425747382525136,0.019083106801819));
#11220=CARTESIAN_POINT('',(0.0127021143295185,0.0425747382525136,0.018385801460466));
#11221=CARTESIAN_POINT('',(0.0127715724323846,0.0425747382525137,0.0182485541759057));
#11222=CARTESIAN_POINT('',(0.0125794507598632,0.0425747382525136,0.0191984349171343));
#11223=CARTESIAN_POINT('',(0.0125794636756403,0.0425747382525136,0.0191983691980423));
#11224=CARTESIAN_POINT('',(0.0127715724323846,0.0425747382525136,0.0182485541759057));
#11225=CARTESIAN_POINT('',(0.0129139596856225,0.0425747382525137,0.0175963074729219));
#11226=CARTESIAN_POINT('',(0.0129168907989612,0.0425747382525136,0.0192330559881772));
#11227=CARTESIAN_POINT('',(0.0129168908317225,0.0425747382525136,0.0192330133476048));
#11228=CARTESIAN_POINT('',(0.0129139596856225,0.0425747382525136,0.0175963074729219));
#11229=CARTESIAN_POINT('',(0.0129235104062175,0.0425747382525137,0.0171736666166495));
#11230=CARTESIAN_POINT('',(0.0132834125377353,0.0425747382525136,0.0192012046028178));
#11231=CARTESIAN_POINT('',(0.0132834084021509,0.0425747382525136,0.0192011802181018));
#11232=CARTESIAN_POINT('',(0.0129235104062175,0.0425747382525136,0.0171736666166495));
#11233=CARTESIAN_POINT('',(0.0129023080040881,0.0425747382525137,0.0170263760581379));
#11234=CARTESIAN_POINT('',(0.0136097738340996,0.0425747382525136,0.0191176524180343));
#11235=CARTESIAN_POINT('',(0.0136097636759599,0.0425747382525136,0.0191176209394798));
#11236=CARTESIAN_POINT('',(0.0129023080040881,0.0425747382525136,0.0170263760581379));
#11237=CARTESIAN_POINT('',(0.0131225309904014,0.0425747382525137,0.0176607400471435));
#11238=CARTESIAN_POINT('',(0.0138752020454284,0.0425747382525136,0.0189994791622078));
#11239=CARTESIAN_POINT('',(0.0138751210126626,0.0425747382525136,0.0189993200369715));
#11240=CARTESIAN_POINT('',(0.0131225309904014,0.0425747382525136,0.0176607400471435));
#11241=CARTESIAN_POINT('',(0.0135345578945905,0.0425747382525137,0.0183613187077804));
#11242=CARTESIAN_POINT('',(0.0140482144316877,0.0425747382525136,0.0188698693661729));
#11243=CARTESIAN_POINT('',(0.0140482144316877,0.0425747382525136,0.0188698693661729));
#11244=CARTESIAN_POINT('',(0.0135345578945905,0.0425747382525136,0.0183613187077804));
#11245=CARTESIAN_POINT('',(0.0139181321735216,0.0425747382525136,0.0186703481801602));
#11246=CARTESIAN_POINT('',(0.0137884770153918,0.0425747382525136,0.0184714820835269));
#11247=CARTESIAN_POINT('',(0.0137884770153918,0.0425747382525136,0.0184714820835269));
#11248=CARTESIAN_POINT('',(0.0139181321735216,0.0425747382525136,0.0186703481801602));
#11249=CARTESIAN_POINT('',(0.0121334101179954,0.0425747382525137,0.0163824791984826));
#11250=CARTESIAN_POINT('',(0.0136813240475882,0.0425747382525136,0.0185521749243337));
#11251=CARTESIAN_POINT('',(0.0136813388367463,0.0425747382525136,0.0185521960612793));
#11252=CARTESIAN_POINT('',(0.0121334101179954,0.0425747382525136,0.0163824791984826));
#11253=CARTESIAN_POINT('',(0.0131173555443061,0.0425747382525137,0.0177571235973565));
#11254=CARTESIAN_POINT('',(0.0135142196780212,0.0425747382525136,0.0186477290804121));
#11255=CARTESIAN_POINT('',(0.013514210547097,0.0425747382525136,0.0186477079378335));
#11256=CARTESIAN_POINT('',(0.0131173555443061,0.0425747382525136,0.0177571235973565));
#11257=CARTESIAN_POINT('',(0.0129328519862717,0.0425747382525137,0.0173556044339167));
#11258=CARTESIAN_POINT('',(0.0133064932517639,0.0425747382525136,0.0187225105938648));
#11259=CARTESIAN_POINT('',(0.0133064965164633,0.0425747382525136,0.0187225227897214));
#11260=CARTESIAN_POINT('',(0.0129328519862717,0.0425747382525136,0.0173556044339167));
#11261=CARTESIAN_POINT('',(0.0130733202025686,0.0425747382525137,0.0178664443685132));
#11262=CARTESIAN_POINT('',(0.0130673770544276,0.0425747382525136,0.0187539003649436));
#11263=CARTESIAN_POINT('',(0.0130673763821453,0.0425747382525136,0.0187537645921284));
#11264=CARTESIAN_POINT('',(0.0130733202025686,0.0425747382525136,0.0178664443685132));
#11265=CARTESIAN_POINT('',(0.0130490679427409,0.0425747382525137,0.0174824708292548));
#11266=CARTESIAN_POINT('',(0.0128277992428109,0.0425747382525136,0.0187340509508791));
#11267=CARTESIAN_POINT('',(0.0128277773197926,0.0425747382525136,0.0187341813852445));
#11268=CARTESIAN_POINT('',(0.0130490679427409,0.0425747382525136,0.0174824708292548));
#11269=CARTESIAN_POINT('',(0.0128833454956935,0.0425747382525137,0.0184404286458602));
#11270=CARTESIAN_POINT('',(0.0126574635732799,0.0425747382525136,0.0186361887233978));
#11271=CARTESIAN_POINT('',(0.0126574635732799,0.0425747382525136,0.0186361887233978));
#11272=CARTESIAN_POINT('',(0.0128833454956935,0.0425747382525136,0.0184404286458602));
#11273=CARTESIAN_POINT('',(0.0125591397315181,0.0425747382525136,0.0183906099261336));
#11274=CARTESIAN_POINT('',(0.0125591397315181,0.0426747382525137,0.0183906099261336));
#11275=CARTESIAN_POINT('',(0.0125785275313021,0.0425747382525136,0.018502320582032));
#11276=CARTESIAN_POINT('',(0.0125785275313021,0.0426747382525137,0.018502320582032));
#11277=CARTESIAN_POINT('',(0.0126113021452227,0.0425747382525136,0.0185841801811201));
#11278=CARTESIAN_POINT('',(0.0126113021452227,0.0426747382525137,0.0185841801811201));
#11279=CARTESIAN_POINT('',(0.0126574635732799,0.0425747382525136,0.0186361887233978));
#11280=CARTESIAN_POINT('',(0.0126574635732799,0.0426747382525137,0.0186361887233978));
#11281=CARTESIAN_POINT('',(0.0125591397315181,0.0425747382525136,0.0183906099261336));
#11282=CARTESIAN_POINT('',(0.0125591397315181,0.0425747382525136,0.0183906099261336));
#11283=CARTESIAN_POINT('',(0.0125591397315181,0.0425747382525136,0.0183906099261336));
#11284=CARTESIAN_POINT('',(0.0125882214311941,0.0425747382525136,0.0185581759099812));
#11285=CARTESIAN_POINT('',(0.0126574635732799,0.0425747382525136,0.0186361887233978));
#11286=CARTESIAN_POINT('',(0.0153584946538894,0.0425747382525137,0.0179934077618423));
#11287=CARTESIAN_POINT('',(0.012530058031842,0.0425747382525136,0.0179405360025761));
#11288=CARTESIAN_POINT('',(0.0125304050902095,0.0425747385025136,0.0179405424901128));
#11289=CARTESIAN_POINT('',(0.0153584946538894,0.0425747382525136,0.0179934077618423));
#11290=CARTESIAN_POINT('',(0.012530058031842,0.0425747382525136,0.0173316667665018));
#11291=CARTESIAN_POINT('',(0.012530058031842,0.0425747382525136,0.016722839260509));
#11292=CARTESIAN_POINT('',(0.012530058031842,0.0425747382525136,0.016722839260509));
#11293=CARTESIAN_POINT('',(0.012530058031842,0.0425747382525136,0.0173316667665018));
#11294=CARTESIAN_POINT('',(0.0132408948544471,0.0425747382525137,0.0172214425127242));
#11295=CARTESIAN_POINT('',(0.0127239360296822,0.0425747382525136,0.0165238417755011));
#11296=CARTESIAN_POINT('',(0.0127239358622958,0.0425747382525136,0.0165238415496246));
#11297=CARTESIAN_POINT('',(0.0132408948544471,0.0425747382525136,0.0172214425127242));
#11298=CARTESIAN_POINT('',(0.0131002563369089,0.0425747382525137,0.017029379677075));
#11299=CARTESIAN_POINT('',(0.0129750541983133,0.0425747382525136,0.016411722394748));
#11300=CARTESIAN_POINT('',(0.0129750541983133,0.0425747382525136,0.016411722394748));
#11301=CARTESIAN_POINT('',(0.0131002563369089,0.0425747382525136,0.017029379677075));
#11302=CARTESIAN_POINT('',(0.0129750541983133,0.0425747382525136,0.0161924027220505));
#11303=CARTESIAN_POINT('',(0.0129750541983133,0.0425747382525136,0.0159733049797659));
#11304=CARTESIAN_POINT('',(0.0129750541983133,0.0425747382525136,0.0159733049797659));
#11305=CARTESIAN_POINT('',(0.0129750541983133,0.0425747382525136,0.0161924027220505));
#11306=CARTESIAN_POINT('',(0.0132600606309289,0.0425747382525137,0.0171479824517651));
#11307=CARTESIAN_POINT('',(0.0125969921025249,0.0425747382525136,0.0161374706226625));
#11308=CARTESIAN_POINT('',(0.0125969921025249,0.0425747382525136,0.0161374706226625));
#11309=CARTESIAN_POINT('',(0.0132600606309289,0.0425747382525136,0.0171479824517651));
#11310=CARTESIAN_POINT('',(0.0123684930336419,0.0425747382525136,0.0163941281626604));
#11311=CARTESIAN_POINT('',(0.0123684930336419,0.0426747382525137,0.0163941281626604));
#11312=CARTESIAN_POINT('',(0.0124072686332099,0.0425747382525136,0.0162981123923015));
#11313=CARTESIAN_POINT('',(0.0124072686332099,0.0426747382525137,0.0162981123923015));
#11314=CARTESIAN_POINT('',(0.0124834349895043,0.0425747382525136,0.0162125598789688));
#11315=CARTESIAN_POINT('',(0.0124834349895043,0.0426747382525137,0.0162125598789688));
#11316=CARTESIAN_POINT('',(0.0125969921025249,0.0425747382525136,0.0161374706226625));
#11317=CARTESIAN_POINT('',(0.0125969921025249,0.0426747382525137,0.0161374706226625));
#11318=CARTESIAN_POINT('',(0.0123684930336419,0.0425747382525136,0.0163941281626604));
#11319=CARTESIAN_POINT('',(0.0123684930336419,0.0425747382525136,0.0163941281626604));
#11320=CARTESIAN_POINT('',(0.0123684930336419,0.0425747382525136,0.0163941281626604));
#11321=CARTESIAN_POINT('',(0.0124266564329939,0.0425747382525136,0.016250104507122));
#11322=CARTESIAN_POINT('',(0.0125969921025249,0.0425747382525136,0.0161374706226625));
#11323=CARTESIAN_POINT('',(0.0117902647815447,0.0425747382525137,0.0165719791294094));
#11324=CARTESIAN_POINT('',(0.0122849408488584,0.0425747382525136,0.0162237924931294));
#11325=CARTESIAN_POINT('',(0.0122849612142359,0.0425747382525136,0.0162237780703274));
#11326=CARTESIAN_POINT('',(0.0117902647815447,0.0425747382525136,0.0165719791294094));
#11327=CARTESIAN_POINT('',(0.011707355912549,0.0425747382525137,0.0166333049017543));
#11328=CARTESIAN_POINT('',(0.0121524575503343,0.0425747382525136,0.0160825385232744));
#11329=CARTESIAN_POINT('',(0.012152419715173,0.0425747382525136,0.0160825847102146));
#11330=CARTESIAN_POINT('',(0.011707355912549,0.0425747382525136,0.0166333049017543));
#11331=CARTESIAN_POINT('',(0.011740626596091,0.0425747382525137,0.016578627636728));
#11332=CARTESIAN_POINT('',(0.0119908925521341,0.0425747382525136,0.0159846762957932));
#11333=CARTESIAN_POINT('',(0.0119908593652734,0.0425747382525136,0.0159847490286391));
#11334=CARTESIAN_POINT('',(0.011740626596091,0.0425747382525136,0.016578627636728));
#11335=CARTESIAN_POINT('',(0.0118225687940145,0.0425747382525137,0.0163687082321643));
#11336=CARTESIAN_POINT('',(0.0118322238785512,0.0425747382525136,0.0159497898808665));
#11337=CARTESIAN_POINT('',(0.0118322238832961,0.0425747382525136,0.0159497898885848));
#11338=CARTESIAN_POINT('',(0.0118225687940145,0.0425747382525136,0.0163687082321643));
#11339=CARTESIAN_POINT('',(0.011739774383503,0.0425747382525136,0.0161434716083099));
#11340=CARTESIAN_POINT('',(0.0116476630941423,0.0425747382525136,0.0163364447595207));
#11341=CARTESIAN_POINT('',(0.0116476630941423,0.0425747382525136,0.0163364447595208));
#11342=CARTESIAN_POINT('',(0.011739774383503,0.0425747382525136,0.0161434716083099));
#11343=CARTESIAN_POINT('',(0.0115775951352247,0.0425747382525137,0.0165081151214785));
#11344=CARTESIAN_POINT('',(0.0117485450548339,0.0425747382525136,0.0164347502193507));
#11345=CARTESIAN_POINT('',(0.0117483162108563,0.0425747382525136,0.0164348371359726));
#11346=CARTESIAN_POINT('',(0.0115775951352247,0.0425747382525136,0.0165081151214785));
#11347=CARTESIAN_POINT('',(0.0111744597133105,0.0425747382525137,0.0167151157753036));
#11348=CARTESIAN_POINT('',(0.011803477154222,0.0425747382525136,0.0166018545889177));
#11349=CARTESIAN_POINT('',(0.0118034160985556,0.0425747382525136,0.0166018653929963));
#11350=CARTESIAN_POINT('',(0.0111744597133105,0.0425747382525136,0.0167151157753036));
#11351=CARTESIAN_POINT('',(0.0103739430900792,0.0425747382525137,0.0168760339658427));
#11352=CARTESIAN_POINT('',(0.0103739430900792,0.0425747382525136,0.0168760339658427));
#11353=CARTESIAN_POINT('',(-0.00455870851874351,0.0425747382525136,0.0127));
#11354=CARTESIAN_POINT('',(0.0136268535624807,0.0425747382525136,0.0169369865566129));
#11355=CARTESIAN_POINT('',(0.0136268535624807,0.0426747382525137,0.0169369865566129));
#11356=CARTESIAN_POINT('',(0.0136268535624807,0.0425747382525136,0.0167634195871179));
#11357=CARTESIAN_POINT('',(0.0136268535624807,0.0426747382525137,0.0167634195871179));
#11358=CARTESIAN_POINT('',(0.0135913092628767,0.0425747382525136,0.0166343214599846));
#11359=CARTESIAN_POINT('',(0.0135913092628767,0.0426747382525137,0.0166343214599846));
#11360=CARTESIAN_POINT('',(0.0135202206636686,0.0425747382525136,0.0165496921752131));
#11361=CARTESIAN_POINT('',(0.0135202206636686,0.0426747382525137,0.0165496921752131));
#11362=CARTESIAN_POINT('',(0.0136268535624807,0.0425747382525136,0.0169369865566129));
#11363=CARTESIAN_POINT('',(0.0136268535624807,0.0425747382525136,0.0169369865566129));
#11364=CARTESIAN_POINT('',(0.0136268535624807,0.0425747382525136,0.0169369865566129));
#11365=CARTESIAN_POINT('',(0.0136268535624807,0.0425747382525136,0.0166766361023703));
#11366=CARTESIAN_POINT('',(0.0135202206636686,0.0425747382525136,0.0165496921752131));
#11367=CARTESIAN_POINT('',(0.0135202206636686,0.0425747382525136,0.0165496921752131));
#11368=CARTESIAN_POINT('',(0.0135202206636686,0.0425747382525136,0.0165496921752131));
#11369=CARTESIAN_POINT('',(0.0135548417347115,0.0425747382525136,0.017239805524668));
#11370=CARTESIAN_POINT('',(0.0135548417347115,0.0426747382525137,0.017239805524668));
#11371=CARTESIAN_POINT('',(0.013602849619891,0.0425747382525136,0.0171610233541171));
#11372=CARTESIAN_POINT('',(0.013602849619891,0.0426747382525137,0.0171610233541171));
#11373=CARTESIAN_POINT('',(0.0136268535624807,0.0425747382525136,0.0170600836980987));
#11374=CARTESIAN_POINT('',(0.0136268535624807,0.0426747382525137,0.0170600836980987));
#11375=CARTESIAN_POINT('',(0.0136268535624807,0.0425747382525136,0.0169369865566129));
#11376=CARTESIAN_POINT('',(0.0136268535624807,0.0426747382525137,0.0169369865566129));
#11377=CARTESIAN_POINT('',(0.0135548417347115,0.0425747382525136,0.017239805524668));
#11378=CARTESIAN_POINT('',(0.0135548417347115,0.0425747382525136,0.017239805524668));
#11379=CARTESIAN_POINT('',(0.0135548417347115,0.0425747382525136,0.017239805524668));
#11380=CARTESIAN_POINT('',(0.0136268535624807,0.0425747382525136,0.0171216322688416));
#11381=CARTESIAN_POINT('',(0.0136268535624807,0.0425747382525136,0.0169369865566129));
#11382=CARTESIAN_POINT('',(0.0131141114273827,0.0425747382525137,0.0169812704769009));
#11383=CARTESIAN_POINT('',(0.0133729657081662,0.0425747382525136,0.0174212199369327));
#11384=CARTESIAN_POINT('',(0.0133730212273931,0.0425747382525136,0.0174213135015542));
#11385=CARTESIAN_POINT('',(0.0131141114273827,0.0425747382525136,0.0169812704769009));
#11386=CARTESIAN_POINT('',(0.0130070981085332,0.0425747382525137,0.0167849428275364));
#11387=CARTESIAN_POINT('',(0.0131361575822329,0.0425747382525136,0.0175075418073996));
#11388=CARTESIAN_POINT('',(0.0131361482448735,0.0425747382525136,0.0175074909220701));
#11389=CARTESIAN_POINT('',(0.0130070981085332,0.0425747382525136,0.0167849428275364));
#11390=CARTESIAN_POINT('',(0.012885644143242,0.0425747382525137,0.0161732476952447));
#11391=CARTESIAN_POINT('',(0.0128938100849326,0.0425747382525136,0.0175306225214283));
#11392=CARTESIAN_POINT('',(0.0128938103992909,0.0425747385025136,0.0175306747752969));
#11393=CARTESIAN_POINT('',(0.012885644143242,0.0425747382525136,0.0161732476952447));
#11394=CARTESIAN_POINT('',(0.0128305689284943,0.0425747382525136,0.0175306225214283));
#11395=CARTESIAN_POINT('',(0.012767327772056,0.0425747382525136,0.0175306225214283));
#11396=CARTESIAN_POINT('',(0.012767327772056,0.0425747382525136,0.0175306225214283));
#11397=CARTESIAN_POINT('',(0.0128305689284943,0.0425747382525136,0.0175306225214283));
#11398=CARTESIAN_POINT('',(0.012767327772056,0.0425747382525136,0.0177355792620021));
#11399=CARTESIAN_POINT('',(0.012767327772056,0.0425747382525136,0.0179405360025761));
#11400=CARTESIAN_POINT('',(0.012767327772056,0.0425747382525136,0.0179405360025761));
#11401=CARTESIAN_POINT('',(0.012767327772056,0.0425747382525136,0.0177355792620021));
#11402=CARTESIAN_POINT('',(0.0128942716992132,0.0425747382525136,0.0179405360025761));
#11403=CARTESIAN_POINT('',(0.0130212156263705,0.0425747382525136,0.0179405360025761));
#11404=CARTESIAN_POINT('',(0.0130212156267377,0.0425747382525136,0.0179405418406817));
#11405=CARTESIAN_POINT('',(0.0128942716992132,0.0425747382525136,0.0179405360025761));
#11406=CARTESIAN_POINT('',(0.0130211057897787,0.0425747382525137,0.0161943907899132));
#11407=CARTESIAN_POINT('',(0.0134768289212949,0.0425747382525136,0.0178800645318212));
#11408=CARTESIAN_POINT('',(0.0134767927890476,0.0425747382525136,0.0178799260069835));
#11409=CARTESIAN_POINT('',(0.0130211057897787,0.0425747382525136,0.0161943907899132));
#11410=CARTESIAN_POINT('',(0.0131627671549736,0.0425747382525137,0.0166678871688261));
#11411=CARTESIAN_POINT('',(0.0138775101168312,0.0425747382525136,0.0176954188195924));
#11412=CARTESIAN_POINT('',(0.0138775800121951,0.0425747382525136,0.0176955193383742));
#11413=CARTESIAN_POINT('',(0.0131627671549736,0.0425747382525136,0.0166678871688261));
#11414=CARTESIAN_POINT('',(0.0133006349055627,0.0425747382525137,0.0168825271547288));
#11415=CARTESIAN_POINT('',(0.0141660190421886,0.0425747382525136,0.017377828194559));
#11416=CARTESIAN_POINT('',(0.0141660190421886,0.0425747382525136,0.017377828194559));
#11417=CARTESIAN_POINT('',(0.0133006349055627,0.0425747382525136,0.0168825271547288));
#11418=CARTESIAN_POINT('',(0.0142786529266482,0.0425747382525136,0.0169194452139512));
#11419=CARTESIAN_POINT('',(0.0142786529266482,0.0426747382525137,0.0169194452139512));
#11420=CARTESIAN_POINT('',(0.0142786529266482,0.0425747382525136,0.0170960896119833));
#11421=CARTESIAN_POINT('',(0.0142786529266482,0.0426747382525137,0.0170960896119833));
#11422=CARTESIAN_POINT('',(0.014241108298495,0.0425747382525136,0.0172488839388526));
#11423=CARTESIAN_POINT('',(0.014241108298495,0.0426747382525137,0.0172488839388526));
#11424=CARTESIAN_POINT('',(0.0141660190421886,0.0425747382525136,0.017377828194559));
#11425=CARTESIAN_POINT('',(0.0141660190421886,0.0426747382525137,0.017377828194559));
#11426=CARTESIAN_POINT('',(0.0142786529266482,0.0425747382525136,0.0169194452139512));
#11427=CARTESIAN_POINT('',(0.0142786529266482,0.0425747382525136,0.0169194452139512));
#11428=CARTESIAN_POINT('',(0.0142786529266482,0.0425747382525136,0.0169194452139512));
#11429=CARTESIAN_POINT('',(0.0142786529266482,0.0425747382525136,0.0171844118109994));
#11430=CARTESIAN_POINT('',(0.0141660190421886,0.0425747382525136,0.017377828194559));
#11431=CARTESIAN_POINT('',(0.0142006401132315,0.0425747382525136,0.0164518299477318));
#11432=CARTESIAN_POINT('',(0.0142006401132315,0.0426747382525137,0.0164518299477318));
#11433=CARTESIAN_POINT('',(0.0142526486555093,0.0425747382525136,0.016578927746316));
#11434=CARTESIAN_POINT('',(0.0142526486555093,0.0426747382525137,0.016578927746316));
#11435=CARTESIAN_POINT('',(0.0142786529266482,0.0425747382525136,0.0167347995017224));
#11436=CARTESIAN_POINT('',(0.0142786529266482,0.0426747382525137,0.0167347995017224));
#11437=CARTESIAN_POINT('',(0.0142786529266482,0.0425747382525136,0.0169194452139512));
#11438=CARTESIAN_POINT('',(0.0142786529266482,0.0426747382525137,0.0169194452139512));
#11439=CARTESIAN_POINT('',(0.0142006401132315,0.0425747382525136,0.0164518299477318));
#11440=CARTESIAN_POINT('',(0.0142006401132315,0.0425747382525136,0.0164518299477318));
#11441=CARTESIAN_POINT('',(0.0142006401132315,0.0425747382525136,0.0164518299477318));
#11442=CARTESIAN_POINT('',(0.0142786529266482,0.0425747382525136,0.016642476645608));
#11443=CARTESIAN_POINT('',(0.0142786529266482,0.0425747382525136,0.0169194452139512));
#11444=CARTESIAN_POINT('',(0.0134825571080312,0.0425747382525137,0.016727442220816));
#11445=CARTESIAN_POINT('',(0.0139841430156433,0.0425747382525136,0.0161457796797128));
#11446=CARTESIAN_POINT('',(0.0139843092179375,0.0425747382525136,0.0161455886237137));
#11447=CARTESIAN_POINT('',(0.0134825571080312,0.0425747382525136,0.016727442220816));
#11448=CARTESIAN_POINT('',(0.0134344689539185,0.0425747382525137,0.0168098694334204));
#11449=CARTESIAN_POINT('',(0.013664244319207,0.0425747382525136,0.0159786753101458));
#11450=CARTESIAN_POINT('',(0.0136642315444815,0.0425747382525136,0.0159787232461643));
#11451=CARTESIAN_POINT('',(0.0134344689539185,0.0425747382525136,0.0168098694334204));
#11452=CARTESIAN_POINT('',(0.0132917267963888,0.0425747382525137,0.0172996298827148));
#11453=CARTESIAN_POINT('',(0.0132861822234187,0.0425747382525136,0.0159269745107217));
#11454=CARTESIAN_POINT('',(0.013286180839352,0.0425747382525136,0.0159270770754185));
#11455=CARTESIAN_POINT('',(0.0132917267963888,0.0425747382525136,0.0172996298827148));
#11456=CARTESIAN_POINT('',(0.0132742104234634,0.0425747382525137,0.016305729383746));
#11457=CARTESIAN_POINT('',(0.0132114007099661,0.0425747382525136,0.0159322348598837));
#11458=CARTESIAN_POINT('',(0.0132114007099661,0.0425747382525136,0.0159322348598837));
#11459=CARTESIAN_POINT('',(0.0132742104234634,0.0425747382525136,0.016305729383746));
#11460=CARTESIAN_POINT('',(0.0132114007099661,0.0425747382525136,0.0161660907080579));
#11461=CARTESIAN_POINT('',(0.0132114007099661,0.0425747382525136,0.0163996675340272));
#11462=CARTESIAN_POINT('',(0.0132114007099661,0.0425747382525136,0.0163996675340272));
#11463=CARTESIAN_POINT('',(0.0132114007099661,0.0425747382525136,0.0161660907080579));
#11464=CARTESIAN_POINT('',(0.0135202206636686,0.0425747382525136,0.0165496921752131));
#11465=CARTESIAN_POINT('',(0.0135202206636686,0.0426747382525137,0.0165496921752131));
#11466=CARTESIAN_POINT('',(0.0134491320644606,0.0425747382525136,0.0164650628904416));
#11467=CARTESIAN_POINT('',(0.0134491320644606,0.0426747382525137,0.0164650628904416));
#11468=CARTESIAN_POINT('',(0.013346192079893,0.0425747382525136,0.016415054676713));
#11469=CARTESIAN_POINT('',(0.013346192079893,0.0426747382525137,0.016415054676713));
#11470=CARTESIAN_POINT('',(0.0132114007099661,0.0425747382525136,0.0163996675340272));
#11471=CARTESIAN_POINT('',(0.0132114007099661,0.0426747382525137,0.0163996675340272));
#11472=CARTESIAN_POINT('',(0.0135202206636686,0.0425747382525136,0.0165496921752131));
#11473=CARTESIAN_POINT('',(0.0134135877648565,0.0425747382525136,0.0164227482480559));
#11474=CARTESIAN_POINT('',(0.0132114007099661,0.0425747382525136,0.0163996675340272));
#11475=CARTESIAN_POINT('',(-0.00455870851874351,0.0425747382525136,0.0127));
#11476=CARTESIAN_POINT('',(0.0155942536262779,0.0425747382525136,0.0169480652993466));
#11477=CARTESIAN_POINT('',(0.0155942536262779,0.0426747382525137,0.0169480652993466));
#11478=CARTESIAN_POINT('',(0.0155942536262779,0.0425747382525136,0.0168175823293716));
#11479=CARTESIAN_POINT('',(0.0155942536262779,0.0426747382525137,0.0168175823293716));
#11480=CARTESIAN_POINT('',(0.0155770200264699,0.0425747382525136,0.016714796216231));
#11481=CARTESIAN_POINT('',(0.0155770200264699,0.0426747382525137,0.016714796216231));
#11482=CARTESIAN_POINT('',(0.0155425528268539,0.0425747382525136,0.0166397069599246));
#11483=CARTESIAN_POINT('',(0.0155425528268539,0.0426747382525137,0.0166397069599246));
#11484=CARTESIAN_POINT('',(0.0155942536262779,0.0425747382525136,0.0169480652993466));
#11485=CARTESIAN_POINT('',(0.0155942536262779,0.0425747382525136,0.0169480652993466));
#11486=CARTESIAN_POINT('',(0.0155942536262779,0.0425747382525136,0.0169480652993466));
#11487=CARTESIAN_POINT('',(0.0155942536262779,0.0425747382525136,0.0167523408443842));
#11488=CARTESIAN_POINT('',(0.0155425528268539,0.0425747382525136,0.0166397069599246));
#11489=CARTESIAN_POINT('',(0.0155425528268539,0.0425747382525136,0.0166397069599246));
#11490=CARTESIAN_POINT('',(0.0155425528268539,0.0425747382525136,0.0166397069599246));
#11491=CARTESIAN_POINT('',(0.0155942536262779,0.0425747382525136,0.0186934288941887));
#11492=CARTESIAN_POINT('',(0.0155942536262779,0.0425747382525136,0.0204387924890308));
#11493=CARTESIAN_POINT('',(0.0155942536262779,0.0425747382525136,0.0204387924890308));
#11494=CARTESIAN_POINT('',(0.0155942536262779,0.0425747382525136,0.0186934288941887));
#11495=CARTESIAN_POINT('',(0.0159464653223542,0.0425747382525136,0.0204387924890308));
#11496=CARTESIAN_POINT('',(0.0162986770184305,0.0425747382525136,0.0204387924890308));
#11497=CARTESIAN_POINT('',(0.0162986770184305,0.0425747382525136,0.0204387924890308));
#11498=CARTESIAN_POINT('',(0.0159464653223542,0.0425747382525136,0.0204387924890308));
#11499=CARTESIAN_POINT('',(0.0162986770184305,0.0425747382525136,0.0187455913078933));
#11500=CARTESIAN_POINT('',(0.0162986770184305,0.0425747382525136,0.01698314798467));
#11501=CARTESIAN_POINT('',(0.0162988148783313,0.0425747382525136,0.0169831452874619));
#11502=CARTESIAN_POINT('',(0.0162986770184305,0.0425747382525136,0.0187455913078933));
#11503=CARTESIAN_POINT('',(0.013356729416403,0.0425747382525137,0.0170407067445537));
#11504=CARTESIAN_POINT('',(0.0162843669757328,0.0425747382525136,0.0167403388730893));
#11505=CARTESIAN_POINT('',(0.0162843480962525,0.0425747382525136,0.016740341279684));
#11506=CARTESIAN_POINT('',(0.013356729416403,0.0425747382525136,0.0170407067445537));
#11507=CARTESIAN_POINT('',(0.0149550086695307,0.0425747382525137,0.0168724150797253));
#11508=CARTESIAN_POINT('',(0.0162123551479636,0.0425747382525136,0.0164199785623724));
#11509=CARTESIAN_POINT('',(0.0162122677006507,0.0425747382525136,0.0164200102107291));
#11510=CARTESIAN_POINT('',(0.0149550086695307,0.0425747382525136,0.0168724150797253));
#11511=CARTESIAN_POINT('',(0.0153073766048185,0.0425747382525137,0.0167349645614067));
#11512=CARTESIAN_POINT('',(0.016044789164116,0.0425747382525136,0.0161231605799647));
#11513=CARTESIAN_POINT('',(0.0160450630555276,0.0425747382525136,0.0161229229766136));
#11514=CARTESIAN_POINT('',(0.0153073766048185,0.0425747382525136,0.0167349645614067));
#11515=CARTESIAN_POINT('',(0.0156531852485688,0.0425747382525137,0.0164632533339432));
#11516=CARTESIAN_POINT('',(0.0157392005103775,0.0425747382525136,0.0159500552247503));
#11517=CARTESIAN_POINT('',(0.0157391273211397,0.0425747382525136,0.0159504914702093));
#11518=CARTESIAN_POINT('',(0.0156531852485688,0.0425747382525136,0.0164632533339432));
#11519=CARTESIAN_POINT('',(0.015498089551673,0.0425747382525137,0.0174046944954562));
#11520=CARTESIAN_POINT('',(0.0155831748835442,0.0425747382525136,0.0159325138820886));
#11521=CARTESIAN_POINT('',(0.0155831728915661,0.0425747382525136,0.0159325502386273));
#11522=CARTESIAN_POINT('',(0.015498089551673,0.0425747382525136,0.0174046944954562));
#11523=CARTESIAN_POINT('',(0.0154095279455095,0.0425747382525137,0.0186509961903866));
#11524=CARTESIAN_POINT('',(0.0154096079140491,0.0425747382525136,0.0159269745107217));
#11525=CARTESIAN_POINT('',(0.0154096079140491,0.0425747382525136,0.0159269745107217));
#11526=CARTESIAN_POINT('',(0.0154095384489317,0.042574738252514,0.0186511366255155));
#11527=CARTESIAN_POINT('',(0.0154101709899555,0.0425747382525137,0.0213390748645312));
#11528=CARTESIAN_POINT('',(0.0152369641731153,0.0425747382525136,0.0159297441964051));
#11529=CARTESIAN_POINT('',(0.0152369648615642,0.0425747382525136,0.0159297689108519));
#11530=CARTESIAN_POINT('',(0.0154101120867288,0.0425747382525156,0.02134133465687));
#11531=CARTESIAN_POINT('',(0.0153154743706103,0.0425747382525137,0.0187538383027525));
#11532=CARTESIAN_POINT('',(0.0150864779176489,0.0425747382525136,0.0159380532534554));
#11533=CARTESIAN_POINT('',(0.0150864761087427,0.0425747382525136,0.0159380349228017));
#11534=CARTESIAN_POINT('',(0.0153154743706103,0.0425747382525136,0.0187538383027525));
#11535=CARTESIAN_POINT('',(0.015202801113619,0.0425747382525137,0.0176646860822836));
#11536=CARTESIAN_POINT('',(0.0149313755193767,0.0425747382525136,0.0159555760222304));
#11537=CARTESIAN_POINT('',(0.0149313755193767,0.0425747382525136,0.0159555760222304));
#11538=CARTESIAN_POINT('',(0.015202801113619,0.0425747382525136,0.0176646860822836));
#11539=CARTESIAN_POINT('',(0.0149313755193767,0.0425747382525136,0.0161693220080219));
#11540=CARTESIAN_POINT('',(0.0149313761820296,0.0425747382525137,0.0163831627200428));
#11541=CARTESIAN_POINT('',(0.0149313758507032,0.0425747382525136,0.0163831627219806));
#11542=CARTESIAN_POINT('',(0.0149313755193767,0.0425747382525136,0.0161693220080219));
#11543=CARTESIAN_POINT('',(0.0149419201950978,0.0425747382525137,0.0181859738173723));
#11544=CARTESIAN_POINT('',(0.0151880330593747,0.0425747382525136,0.0164001291483079));
#11545=CARTESIAN_POINT('',(0.0151880273020771,0.0425747382525136,0.0164001780729204));
#11546=CARTESIAN_POINT('',(0.0149419201950978,0.0425747382525136,0.0181859738173723));
#11547=CARTESIAN_POINT('',(0.0151147547461751,0.0425747382525137,0.0169611791045048));
#11548=CARTESIAN_POINT('',(0.0153985291713154,0.0425747382525136,0.016472140976077));
#11549=CARTESIAN_POINT('',(0.0153986302198359,0.0425747382525136,0.0164719731071676));
#11550=CARTESIAN_POINT('',(0.0151147547461751,0.0425747382525136,0.0169611791045048));
#11551=CARTESIAN_POINT('',(0.015205595145628,0.0425747382525137,0.0167817127815661));
#11552=CARTESIAN_POINT('',(0.015205595145628,0.0425747382525136,0.0167817127815661));
#11553=CARTESIAN_POINT('',(-0.00455870851874351,0.0425747382525136,0.0127));
#11554=CARTESIAN_POINT('',(0.0175048751335647,0.0425747382525136,0.0159555945961171));
#11555=CARTESIAN_POINT('',(0.0171471240661216,0.0425747382525136,0.0159555945961171));
#11556=CARTESIAN_POINT('',(0.0171471240661216,0.0425747382525136,0.0159555945961171));
#11557=CARTESIAN_POINT('',(0.0175048751335647,0.0425747382525136,0.0159555945961171));
#11558=CARTESIAN_POINT('',(0.0178626262010079,0.0425747382525136,0.0159555945961171));
#11559=CARTESIAN_POINT('',(0.0178626262010079,0.0425747382525136,0.0159555945961171));
#11560=CARTESIAN_POINT('',(0.0178857069150366,0.0425747382525136,0.0180790202867476));
#11561=CARTESIAN_POINT('',(0.0186242897639514,0.0425747382525136,0.0202024459773781));
#11562=CARTESIAN_POINT('',(0.0186242897639514,0.0425747382525136,0.0202024459773781));
#11563=CARTESIAN_POINT('',(0.0178857069150366,0.0425747382525136,0.0180790202867476));
#11564=CARTESIAN_POINT('',(0.0189677307886969,0.0425747382525136,0.0202024459773781));
#11565=CARTESIAN_POINT('',(0.0193111718134424,0.0425747382525136,0.0202024459773781));
#11566=CARTESIAN_POINT('',(0.0193111718134424,0.0425747382525136,0.0202024459773781));
#11567=CARTESIAN_POINT('',(0.0189677307886969,0.0425747382525136,0.0202024459773781));
#11568=CARTESIAN_POINT('',(0.0200552940337242,0.0425747382525136,0.0180790202867476));
#11569=CARTESIAN_POINT('',(0.020799416254006,0.0425747382525136,0.0159555945961171));
#11570=CARTESIAN_POINT('',(0.020799416254006,0.0425747382525136,0.0159555945961171));
#11571=CARTESIAN_POINT('',(0.0200552940337242,0.0425747382525136,0.0180790202867476));
#11572=CARTESIAN_POINT('',(0.0204388955008794,0.0425747382525136,0.0159555945961171));
#11573=CARTESIAN_POINT('',(0.0200783747477527,0.0425747382525136,0.0159555945961171));
#11574=CARTESIAN_POINT('',(0.0200783747477527,0.0425747382525136,0.0159555945961171));
#11575=CARTESIAN_POINT('',(0.0204388955008794,0.0425747382525136,0.0159555945961171));
#11576=CARTESIAN_POINT('',(0.0195216679253831,0.0425747382525136,0.01754816386409));
#11577=CARTESIAN_POINT('',(0.0189649611030135,0.0425747382525136,0.0191407331320629));
#11578=CARTESIAN_POINT('',(0.0189649611030135,0.0425747382525136,0.0191407331320629));
#11579=CARTESIAN_POINT('',(0.0195216679253831,0.0425747382525136,0.01754816386409));
#11580=CARTESIAN_POINT('',(0.0184137936520107,0.0425747382525136,0.01754816386409));
#11581=CARTESIAN_POINT('',(0.0184137936520107,0.0425747382525136,0.01754816386409));
#11582=CARTESIAN_POINT('',(-0.00455870851874351,0.0425747382525136,0.0127));
#11583=CARTESIAN_POINT('',(0.0185001155224776,0.0425747382525136,0.0170722395408205));
#11584=CARTESIAN_POINT('',(0.0185836677072612,0.0425747382525136,0.0173062779810703));
#11585=CARTESIAN_POINT('',(0.0185836677072612,0.0425747382525136,0.0173062779810703));
#11586=CARTESIAN_POINT('',(0.0185001155224776,0.0425747382525136,0.0170722395408205));
#11587=CARTESIAN_POINT('',(0.0184165633376942,0.0425747382525136,0.0168382011005705));
#11588=CARTESIAN_POINT('',(0.0184165633376942,0.0425747382525136,0.0168382011005705));
#11589=CARTESIAN_POINT('',(0.0189705004743803,0.0425747382525136,0.0173062779810703));
#11590=CARTESIAN_POINT('',(0.0193573332414996,0.0425747382525136,0.0173062779810703));
#11591=CARTESIAN_POINT('',(0.0193573332414996,0.0425747382525136,0.0173062779810703));
#11592=CARTESIAN_POINT('',(0.0189705004743803,0.0425747382525136,0.0173062779810703));
#11593=CARTESIAN_POINT('',(0.0194381157405996,0.0425747382525136,0.0170722395408205));
#11594=CARTESIAN_POINT('',(0.0195188982396997,0.0425747382525136,0.0168382011005705));
#11595=CARTESIAN_POINT('',(0.0195188982396997,0.0425747382525136,0.0168382011005705));
#11596=CARTESIAN_POINT('',(0.0194381157405996,0.0425747382525136,0.0170722395408205));
#11597=CARTESIAN_POINT('',(0.0189677307886969,0.0425747382525136,0.0168382011005705));
#11598=CARTESIAN_POINT('',(0.0189677307886969,0.0425747382525136,0.0168382011005705));
#11599=CARTESIAN_POINT('',(-0.00455870851874351,0.0425747382525136,0.0127));
#11600=CARTESIAN_POINT('',(0.00329853606091351,0.0425747382525137,0.0169571568206227));
#11601=CARTESIAN_POINT('',(0.00579602890686002,0.0425747382525136,0.0169194452139512));
#11602=CARTESIAN_POINT('',(0.00579608624967244,0.0425747385025136,0.016919444348087));
#11603=CARTESIAN_POINT('',(0.00329853606091351,0.0425747382525136,0.0169571568206227));
#11604=CARTESIAN_POINT('',(0.00579045651390317,0.0425747382525238,0.0167837329811053));
#11605=CARTESIAN_POINT('',(0.00579048953549316,0.0425747382525136,0.016783730615463));
#11606=CARTESIAN_POINT('',(0.00579602890686002,0.0425747382525136,0.0169425259279797));
#11607=CARTESIAN_POINT('',(0.00579602890686002,0.0425747382525136,0.017715268233657));
#11608=CARTESIAN_POINT('',(0.00579602890686002,0.0425747382525136,0.017715268233657));
#11609=CARTESIAN_POINT('',(0.00579602890686002,0.0425747382525136,0.0169425259279797));
#11610=CARTESIAN_POINT('',(0.0116401849112151,0.0425747382525137,0.0177134073615115));
#11611=CARTESIAN_POINT('',(0.00581033894955775,0.0425747382525136,0.0181224120291213));
#11612=CARTESIAN_POINT('',(0.00581033894955775,0.0425747382525136,0.0181224120291213));
#11613=CARTESIAN_POINT('',(0.0116404598306281,0.042574738252514,0.0177136751053404));
#11614=CARTESIAN_POINT('',(0.00899675931440636,0.0425747382525137,0.0178997096590724));
#11615=CARTESIAN_POINT('',(0.0058652710489458,0.0425747382525136,0.0185295558245858));
#11616=CARTESIAN_POINT('',(0.00586561609154354,0.0425747382525136,0.0185294953106045));
#11617=CARTESIAN_POINT('',(0.00899846125801929,0.0425747382525138,0.017899571881855));
#11618=CARTESIAN_POINT('',(0.00668778437066088,0.0425747382525137,0.0183853426041408));
#11619=CARTESIAN_POINT('',(0.00600698663308135,0.0425747382525136,0.0188665342494031));
#11620=CARTESIAN_POINT('',(0.00600680045136801,0.0425747382525136,0.0188666638261198));
#11621=CARTESIAN_POINT('',(0.00668778437066088,0.0425747382525136,0.0183853426041408));
#11622=CARTESIAN_POINT('',(0.00666604599676139,0.0425747382525137,0.0183858014604657));
#11623=CARTESIAN_POINT('',(0.00624333314473413,0.0425747382525136,0.0190830313469913));
#11624=CARTESIAN_POINT('',(0.00624328760931087,0.0425747382525136,0.019083106801819));
#11625=CARTESIAN_POINT('',(0.00666604599676139,0.0425747382525136,0.0183858014604657));
#11626=CARTESIAN_POINT('',(0.0067355040996273,0.0425747382525137,0.0182485541759056));
#11627=CARTESIAN_POINT('',(0.00654338242710583,0.0425747382525136,0.0191984349171343));
#11628=CARTESIAN_POINT('',(0.00654339534288331,0.0425747382525136,0.0191983691980404));
#11629=CARTESIAN_POINT('',(0.0067355040996273,0.0425747382525136,0.0182485541759056));
#11630=CARTESIAN_POINT('',(0.00687789135269353,0.0425747382525137,0.0175963074742378));
#11631=CARTESIAN_POINT('',(0.00688082246620385,0.0425747382525136,0.0192330559881772));
#11632=CARTESIAN_POINT('',(0.00688082249896509,0.0425747382525136,0.0192330133476048));
#11633=CARTESIAN_POINT('',(0.00687789135269353,0.0425747382525136,0.0175963074742378));
#11634=CARTESIAN_POINT('',(0.00688744207346013,0.0425747382525137,0.0171736666166496));
#11635=CARTESIAN_POINT('',(0.00724734420497789,0.0425747382525136,0.0192012046028178));
#11636=CARTESIAN_POINT('',(0.00724734006939354,0.0425747382525136,0.0192011802181018));
#11637=CARTESIAN_POINT('',(0.00688744207346013,0.0425747382525136,0.0171736666166496));
#11638=CARTESIAN_POINT('',(0.00686623967133067,0.0425747382525137,0.0170263760581375));
#11639=CARTESIAN_POINT('',(0.00757370550134218,0.0425747382525136,0.0191176524180343));
#11640=CARTESIAN_POINT('',(0.00757369534320255,0.0425747382525136,0.0191176209394798));
#11641=CARTESIAN_POINT('',(0.00686623967133067,0.0425747382525136,0.0170263760581375));
#11642=CARTESIAN_POINT('',(0.00708646265764329,0.0425747382525137,0.0176607400471419));
#11643=CARTESIAN_POINT('',(0.00783913371267099,0.0425747382525136,0.0189994791622078));
#11644=CARTESIAN_POINT('',(0.00783905267990524,0.0425747382525136,0.0189993200369715));
#11645=CARTESIAN_POINT('',(0.00708646265764329,0.0425747382525136,0.0176607400471419));
#11646=CARTESIAN_POINT('',(0.0074984895618333,0.0425747382525137,0.0183613187077807));
#11647=CARTESIAN_POINT('',(0.00801214609893027,0.0425747382525136,0.0188698693661729));
#11648=CARTESIAN_POINT('',(0.00801214609893027,0.0425747382525136,0.0188698693661729));
#11649=CARTESIAN_POINT('',(0.0074984895618333,0.0425747382525136,0.0183613187077807));
#11650=CARTESIAN_POINT('',(0.00788206384076417,0.0425747382525136,0.0186703481801602));
#11651=CARTESIAN_POINT('',(0.00775240868263437,0.0425747382525136,0.0184714820835269));
#11652=CARTESIAN_POINT('',(0.00775240868263437,0.0425747382525136,0.0184714820835269));
#11653=CARTESIAN_POINT('',(0.00788206384076417,0.0425747382525136,0.0186703481801602));
#11654=CARTESIAN_POINT('',(0.00609734178523884,0.0425747382525137,0.0163824791984838));
#11655=CARTESIAN_POINT('',(0.00764525571483082,0.0425747382525136,0.0185521749243337));
#11656=CARTESIAN_POINT('',(0.00764527050398897,0.0425747382525136,0.0185521960612793));
#11657=CARTESIAN_POINT('',(0.00609734178523884,0.0425747382525136,0.0163824791984838));
#11658=CARTESIAN_POINT('',(0.00708128721154831,0.0425747382525137,0.0177571235973558));
#11659=CARTESIAN_POINT('',(0.00747815134526381,0.0425747382525136,0.0186477290804121));
#11660=CARTESIAN_POINT('',(0.00747814221433961,0.0425747382525136,0.0186477079378335));
#11661=CARTESIAN_POINT('',(0.00708128721154831,0.0425747382525136,0.0177571235973558));
#11662=CARTESIAN_POINT('',(0.00689678365351426,0.0425747382525137,0.0173556044339166));
#11663=CARTESIAN_POINT('',(0.00727042491900648,0.0425747382525136,0.0187225105938648));
#11664=CARTESIAN_POINT('',(0.00727042818370595,0.0425747382525136,0.0187225227897214));
#11665=CARTESIAN_POINT('',(0.00689678365351426,0.0425747382525136,0.0173556044339166));
#11666=CARTESIAN_POINT('',(0.0070372518698112,0.0425747382525137,0.0178664443685132));
#11667=CARTESIAN_POINT('',(0.00703130872167027,0.0425747382525136,0.0187539003649436));
#11668=CARTESIAN_POINT('',(0.00703130804938789,0.0425747382525136,0.0187537645921284));
#11669=CARTESIAN_POINT('',(0.0070372518698112,0.0425747382525136,0.0178664443685132));
#11670=CARTESIAN_POINT('',(0.00701299960998349,0.0425747382525137,0.0174824708292547));
#11671=CARTESIAN_POINT('',(0.00679173091005348,0.0425747382525136,0.0187340509508791));
#11672=CARTESIAN_POINT('',(0.00679170898703524,0.0425747382525136,0.0187341813852445));
#11673=CARTESIAN_POINT('',(0.00701299960998349,0.0425747382525136,0.0174824708292547));
#11674=CARTESIAN_POINT('',(0.00684727716293613,0.0425747382525137,0.0184404286458602));
#11675=CARTESIAN_POINT('',(0.00662139524052247,0.0425747382525136,0.0186361887233978));
#11676=CARTESIAN_POINT('',(0.00662139524052247,0.0425747382525136,0.0186361887233978));
#11677=CARTESIAN_POINT('',(0.00684727716293613,0.0425747382525136,0.0184404286458602));
#11678=CARTESIAN_POINT('',(0.00652307139876067,0.0425747382525136,0.0183906099261336));
#11679=CARTESIAN_POINT('',(0.00652307139876067,0.0426747382525137,0.0183906099261336));
#11680=CARTESIAN_POINT('',(0.00654245919854468,0.0425747382525136,0.018502320582032));
#11681=CARTESIAN_POINT('',(0.00654245919854468,0.0426747382525137,0.018502320582032));
#11682=CARTESIAN_POINT('',(0.00657523381246528,0.0425747382525136,0.0185841801811201));
#11683=CARTESIAN_POINT('',(0.00657523381246528,0.0426747382525137,0.0185841801811201));
#11684=CARTESIAN_POINT('',(0.00662139524052247,0.0425747382525136,0.0186361887233978));
#11685=CARTESIAN_POINT('',(0.00662139524052247,0.0426747382525137,0.0186361887233978));
#11686=CARTESIAN_POINT('',(0.00652307139876067,0.0425747382525136,0.0183906099261336));
#11687=CARTESIAN_POINT('',(0.00652307139876067,0.0425747382525136,0.0183906099261336));
#11688=CARTESIAN_POINT('',(0.00652307139876067,0.0425747382525136,0.0183906099261336));
#11689=CARTESIAN_POINT('',(0.00655215309843669,0.0425747382525136,0.0185581759099812));
#11690=CARTESIAN_POINT('',(0.00662139524052247,0.0425747382525136,0.0186361887233978));
#11691=CARTESIAN_POINT('',(0.00932242632113332,0.0425747382525137,0.0179934077618423));
#11692=CARTESIAN_POINT('',(0.00649398969908464,0.0425747382525136,0.0179405360025761));
#11693=CARTESIAN_POINT('',(0.00649433675745207,0.0425747385025136,0.0179405424901128));
#11694=CARTESIAN_POINT('',(0.00932242632113332,0.0425747382525136,0.0179934077618423));
#11695=CARTESIAN_POINT('',(0.00649398969908464,0.0425747382525136,0.0173316667665018));
#11696=CARTESIAN_POINT('',(0.00649398969908464,0.0425747382525136,0.0167228392604996));
#11697=CARTESIAN_POINT('',(0.00649398969908464,0.0425747382525136,0.0167228392604996));
#11698=CARTESIAN_POINT('',(0.00649398969908464,0.0425747382525136,0.0173316667665018));
#11699=CARTESIAN_POINT('',(0.00720482652216041,0.0425747382525137,0.017221442513183));
#11700=CARTESIAN_POINT('',(0.00668786769692482,0.0425747382525136,0.0165238417755011));
#11701=CARTESIAN_POINT('',(0.00668786752953684,0.0425747382525136,0.0165238415496224));
#11702=CARTESIAN_POINT('',(0.00720482652216041,0.0425747382525136,0.017221442513183));
#11703=CARTESIAN_POINT('',(0.00706418800415155,0.0425747382525137,0.017029379677075));
#11704=CARTESIAN_POINT('',(0.0069389858655559,0.0425747382525136,0.016411722394748));
#11705=CARTESIAN_POINT('',(0.0069389858655559,0.0425747382525136,0.016411722394748));
#11706=CARTESIAN_POINT('',(0.00706418800415155,0.0425747382525136,0.017029379677075));
#11707=CARTESIAN_POINT('',(0.0069389858655559,0.0425747382525136,0.0161924027220505));
#11708=CARTESIAN_POINT('',(0.0069389858655559,0.0425747382525136,0.0159733049797659));
#11709=CARTESIAN_POINT('',(0.0069389858655559,0.0425747382525136,0.0159733049797659));
#11710=CARTESIAN_POINT('',(0.0069389858655559,0.0425747382525136,0.0161924027220505));
#11711=CARTESIAN_POINT('',(0.00722399229817144,0.0425747382525137,0.017147982451765));
#11712=CARTESIAN_POINT('',(0.00656092376976756,0.0425747382525136,0.0161374706226625));
#11713=CARTESIAN_POINT('',(0.00656092376976756,0.0425747382525136,0.0161374706226625));
#11714=CARTESIAN_POINT('',(0.00722399229817144,0.0425747382525136,0.017147982451765));
#11715=CARTESIAN_POINT('',(0.0063324247008845,0.0425747382525136,0.0163941281626604));
#11716=CARTESIAN_POINT('',(0.0063324247008845,0.0426747382525137,0.0163941281626604));
#11717=CARTESIAN_POINT('',(0.00637120030045253,0.0425747382525136,0.0162981123923015));
#11718=CARTESIAN_POINT('',(0.00637120030045253,0.0426747382525137,0.0162981123923015));
#11719=CARTESIAN_POINT('',(0.00644736665674689,0.0425747382525136,0.0162125598789688));
#11720=CARTESIAN_POINT('',(0.00644736665674689,0.0426747382525137,0.0162125598789688));
#11721=CARTESIAN_POINT('',(0.00656092376976756,0.0425747382525136,0.0161374706226625));
#11722=CARTESIAN_POINT('',(0.00656092376976756,0.0426747382525137,0.0161374706226625));
#11723=CARTESIAN_POINT('',(0.0063324247008845,0.0425747382525136,0.0163941281626604));
#11724=CARTESIAN_POINT('',(0.0063324247008845,0.0425747382525136,0.0163941281626604));
#11725=CARTESIAN_POINT('',(0.0063324247008845,0.0425747382525136,0.0163941281626604));
#11726=CARTESIAN_POINT('',(0.00639058810023655,0.0425747382525136,0.016250104507122));
#11727=CARTESIAN_POINT('',(0.00656092376976756,0.0425747382525136,0.0161374706226625));
#11728=CARTESIAN_POINT('',(0.00575419644819489,0.0425747382525137,0.0165719791297308));
#11729=CARTESIAN_POINT('',(0.006248872516101,0.0425747382525136,0.0162237924931294));
#11730=CARTESIAN_POINT('',(0.00624889288147848,0.0425747382525136,0.0162237780703274));
#11731=CARTESIAN_POINT('',(0.00575419644819489,0.0425747382525136,0.0165719791297308));
#11732=CARTESIAN_POINT('',(0.00567128757979202,0.0425747382525137,0.0166333049017538));
#11733=CARTESIAN_POINT('',(0.00611638921757688,0.0425747382525136,0.0160825385232744));
#11734=CARTESIAN_POINT('',(0.00611635138241563,0.0425747382525136,0.0160825847102146));
#11735=CARTESIAN_POINT('',(0.00567128757979202,0.0425747382525136,0.0166333049017538));
#11736=CARTESIAN_POINT('',(0.00570455826333331,0.0425747382525137,0.0165786276367285));
#11737=CARTESIAN_POINT('',(0.00595482421937674,0.0425747382525136,0.0159846762957932));
#11738=CARTESIAN_POINT('',(0.00595479103251601,0.0425747382525136,0.0159847490286391));
#11739=CARTESIAN_POINT('',(0.00570455826333331,0.0425747382525136,0.0165786276367285));
#11740=CARTESIAN_POINT('',(0.00578650046125711,0.0425747382525137,0.0163687082321643));
#11741=CARTESIAN_POINT('',(0.00579615554579379,0.0425747382525136,0.0159497898808665));
#11742=CARTESIAN_POINT('',(0.00579615555053867,0.0425747382525136,0.0159497898885848));
#11743=CARTESIAN_POINT('',(0.00578650046125711,0.0425747382525136,0.0163687082321643));
#11744=CARTESIAN_POINT('',(0.00570370605074565,0.0425747382525136,0.0161434716083099));
#11745=CARTESIAN_POINT('',(0.00561159476138489,0.0425747382525136,0.0163364447595207));
#11746=CARTESIAN_POINT('',(0.00561159476138487,0.0425747382525136,0.0163364447595208));
#11747=CARTESIAN_POINT('',(0.00570370605074565,0.0425747382525136,0.0161434716083099));
#11748=CARTESIAN_POINT('',(0.00554152680246725,0.0425747382525137,0.0165081151214786));
#11749=CARTESIAN_POINT('',(0.00571247672207652,0.0425747382525136,0.0164347502193507));
#11750=CARTESIAN_POINT('',(0.00571224787809897,0.0425747382525136,0.0164348371359726));
#11751=CARTESIAN_POINT('',(0.00554152680246725,0.0425747382525136,0.0165081151214786));
#11752=CARTESIAN_POINT('',(0.0051383913805534,0.0425747382525137,0.0167151157753035));
#11753=CARTESIAN_POINT('',(0.00576740882146457,0.0425747382525136,0.0166018545889177));
#11754=CARTESIAN_POINT('',(0.00576734776579822,0.0425747382525136,0.0166018653929963));
#11755=CARTESIAN_POINT('',(0.0051383913805534,0.0425747382525136,0.0167151157753035));
#11756=CARTESIAN_POINT('',(0.00433787475847976,0.0425747382525137,0.0168760339656957));
#11757=CARTESIAN_POINT('',(0.00433787475847976,0.0425747382525136,0.0168760339656957));
#11758=CARTESIAN_POINT('',(-0.00455870851874351,0.0425747382525136,0.0127));
#11759=CARTESIAN_POINT('',(0.0040275845979893,0.0425747382525136,0.0190428709045816));
#11760=CARTESIAN_POINT('',(0.00406497535471561,0.0425747382525136,0.0192099752741486));
#11761=CARTESIAN_POINT('',(0.00406497535471561,0.0425747382525136,0.0192099752741486));
#11762=CARTESIAN_POINT('',(0.0040275845979893,0.0425747382525136,0.0190428709045816));
#11763=CARTESIAN_POINT('',(0.00399019384126298,0.0425747382525136,0.0188757665350146));
#11764=CARTESIAN_POINT('',(0.00399019384126298,0.0425747382525136,0.0188757665350146));
#11765=CARTESIAN_POINT('',(0.00437933467978504,0.0425747382525136,0.0192099752741486));
#11766=CARTESIAN_POINT('',(0.00469369400485446,0.0425747382525136,0.0192099752741486));
#11767=CARTESIAN_POINT('',(0.00469369400485446,0.0425747382525136,0.0192099752741486));
#11768=CARTESIAN_POINT('',(0.00437933467978504,0.0425747382525136,0.0192099752741486));
#11769=CARTESIAN_POINT('',(0.00469369400485446,0.0425747382525136,0.0175827849351329));
#11770=CARTESIAN_POINT('',(0.00469369400485446,0.0425747382525136,0.0159555945961171));
#11771=CARTESIAN_POINT('',(0.00469369400485446,0.0425747382525136,0.0159555945961171));
#11772=CARTESIAN_POINT('',(0.00469369400485446,0.0425747382525136,0.0175827849351329));
#11773=CARTESIAN_POINT('',(0.00434194392305872,0.0425747382525136,0.0159555945961171));
#11774=CARTESIAN_POINT('',(0.00399019384126298,0.0425747382525136,0.0159555945961171));
#11775=CARTESIAN_POINT('',(0.00399019384126298,0.0425747382525136,0.0159555945961171));
#11776=CARTESIAN_POINT('',(0.00434194392305872,0.0425747382525136,0.0159555945961171));
#11777=CARTESIAN_POINT('',(0.00399019384126298,0.0425747382525136,0.0174156805655659));
#11778=CARTESIAN_POINT('',(0.00399019384126298,0.0425747382525136,0.0174156805655659));
#11779=CARTESIAN_POINT('',(-0.00455870851874351,0.0425747382525136,0.0127));
#11780=CARTESIAN_POINT('',(0.00133585991332257,0.0425747382525137,0.0183581547644876));
#11781=CARTESIAN_POINT('',(0.00134145109934176,0.0425747382525136,0.0192450579594721));
#11782=CARTESIAN_POINT('',(0.00134145525303931,0.0425747382525136,0.019245195990514));
#11783=CARTESIAN_POINT('',(0.00133585991332257,0.0425747382525136,0.0183581547644876));
#11784=CARTESIAN_POINT('',(0.000972606763297227,0.0425747382525136,0.0191670774934817));
#11785=CARTESIAN_POINT('',(0.000972621289164859,0.0425747382525136,0.0191670451460554));
#11786=CARTESIAN_POINT('',(0.00132213926943882,0.0425747382525137,0.0182606127765001));
#11787=CARTESIAN_POINT('',(0.00164150038171345,0.0425747382525136,0.0191928955457675));
#11788=CARTESIAN_POINT('',(0.00164144900839741,0.0425747382525136,0.019192752134284));
#11789=CARTESIAN_POINT('',(0.00132213926943882,0.0425747382525136,0.0182606127765001));
#11790=CARTESIAN_POINT('',(0.00115257744143196,0.0425747382525137,0.0176992867951978));
#11791=CARTESIAN_POINT('',(0.00195909100674689,0.0425747382525136,0.019048279199813));
#11792=CARTESIAN_POINT('',(0.00195909100674689,0.0425747382525136,0.019048279199813));
#11793=CARTESIAN_POINT('',(0.00115257744143196,0.0425747382525136,0.0176992867951978));
#11794=CARTESIAN_POINT('',(0.00195909100674689,0.0425747382525136,0.018820372821346));
#11795=CARTESIAN_POINT('',(0.00195909100674689,0.0425747382525136,0.0185915481798591));
#11796=CARTESIAN_POINT('',(0.00195909100674689,0.0425747382525136,0.0185923353667435));
#11797=CARTESIAN_POINT('',(0.00195909100674689,0.0425747382525136,0.018820372821346));
#11798=CARTESIAN_POINT('',(0.00147561164233577,0.0425747382525137,0.0176292429506151));
#11799=CARTESIAN_POINT('',(0.00165304073872776,0.0425747382525136,0.0186906592085053));
#11800=CARTESIAN_POINT('',(0.0016530855175784,0.0425747382525136,0.0186909103467777));
#11801=CARTESIAN_POINT('',(0.00147561164233577,0.0425747382525136,0.0176292429506151));
#11802=CARTESIAN_POINT('',(0.00136169676707844,0.0425747382525137,0.0167068279698573));
#11803=CARTESIAN_POINT('',(0.00147993538351331,0.0425747382525136,0.0187077389368864));
#11804=CARTESIAN_POINT('',(0.00147993538351331,0.0425747382525136,0.0187077389368864));
#11805=CARTESIAN_POINT('',(0.00136169676707844,0.0425747382525136,0.0167068279698573));
#11806=CARTESIAN_POINT('',(0.00124035757189653,0.0425747382525136,0.0186301877377504));
#11807=CARTESIAN_POINT('',(0.00124035757189653,0.0426747382525137,0.0186301877377504));
#11808=CARTESIAN_POINT('',(0.00129236611417429,0.0425747382525136,0.0186818885371744));
#11809=CARTESIAN_POINT('',(0.00129236611417429,0.0426747382525137,0.0186818885371744));
#11810=CARTESIAN_POINT('',(0.00137222538471322,0.0425747382525136,0.0187077389368864));
#11811=CARTESIAN_POINT('',(0.00137222538471322,0.0426747382525137,0.0187077389368864));
#11812=CARTESIAN_POINT('',(0.00147993538351331,0.0425747382525136,0.0187077389368864));
#11813=CARTESIAN_POINT('',(0.00147993538351331,0.0426747382525137,0.0187077389368864));
#11814=CARTESIAN_POINT('',(0.00124035757189653,0.0425747382525136,0.0186301877377504));
#11815=CARTESIAN_POINT('',(0.00124035757189653,0.0425747382525136,0.0186301877377504));
#11816=CARTESIAN_POINT('',(0.00124035757189653,0.0425747382525136,0.0186301877377504));
#11817=CARTESIAN_POINT('',(0.00131837038531317,0.0425747382525136,0.0187077389368864));
#11818=CARTESIAN_POINT('',(0.00147993538351331,0.0425747382525136,0.0187077389368864));
#11819=CARTESIAN_POINT('',(0.00157375578615256,0.0425747382525137,0.0183222399357071));
#11820=CARTESIAN_POINT('',(0.001127723687437,0.0425747382525136,0.0184141522544428));
#11821=CARTESIAN_POINT('',(0.00112794365338037,0.0425747382525136,0.0184141114426293));
#11822=CARTESIAN_POINT('',(0.00157375578615256,0.0425747382525136,0.0183222399357071));
#11823=CARTESIAN_POINT('',(0.00249012354611993,0.0425747382525137,0.018095603201841));
#11824=CARTESIAN_POINT('',(0.00109033293071068,0.0425747382525136,0.0180993313150928));
#11825=CARTESIAN_POINT('',(0.00109048451796241,0.0425747382525136,0.0180993319849594));
#11826=CARTESIAN_POINT('',(0.00249012354611993,0.0425747382525136,0.018095603201841));
#11827=CARTESIAN_POINT('',(0.0248540568161198,0.0425747382525137,0.0177380314654511));
#11828=CARTESIAN_POINT('',(0.00108756324502725,0.0425747382525136,0.0177272702049519));
#11829=CARTESIAN_POINT('',(0.00108756953967319,0.0425747385025134,0.017727270207802));
#11830=CARTESIAN_POINT('',(0.0248540568161198,0.0425747382525136,0.0177380314654511));
#11831=CARTESIAN_POINT('',(0.00108756324502725,0.0425747382525136,0.0168414324005345));
#11832=CARTESIAN_POINT('',(0.00108756324502725,0.0425747382525136,0.0159555945961171));
#11833=CARTESIAN_POINT('',(0.00108756324502725,0.0425747382525136,0.0159555945961171));
#11834=CARTESIAN_POINT('',(0.00108756324502725,0.0425747382525136,0.0168414324005345));
#11835=CARTESIAN_POINT('',(0.000741352534598366,0.0425747382525136,0.0159555945961171));
#11836=CARTESIAN_POINT('',(0.000395141824169485,0.0425747382525136,0.0159555945961171));
#11837=CARTESIAN_POINT('',(0.000395141824169485,0.0425747382525136,0.0159555945961171));
#11838=CARTESIAN_POINT('',(0.000741352534598366,0.0425747382525136,0.0159555945961171));
#11839=CARTESIAN_POINT('',(0.000395141824169485,0.0425747382525136,0.0170634688694896));
#11840=CARTESIAN_POINT('',(0.000395141824169485,0.0425747382525136,0.018171343142862));
#11841=CARTESIAN_POINT('',(0.000395294826679562,0.0425747382525136,0.0181713446602484));
#11842=CARTESIAN_POINT('',(0.000395141824169485,0.0425747382525136,0.0170634688694896));
#11843=CARTESIAN_POINT('',(0.0016493294123721,0.0425747382525137,0.0181837814168744));
#11844=CARTESIAN_POINT('',(0.000467153651938695,0.0425747382525136,0.0186011060380744));
#11845=CARTESIAN_POINT('',(0.000467173580098451,0.0425747382525136,0.0186010997634209));
#11846=CARTESIAN_POINT('',(0.0016493294123721,0.0425747382525136,0.0181837814168744));
#11847=CARTESIAN_POINT('',(0.00144055913028466,0.0425747382525137,0.0182610032174823));
#11848=CARTESIAN_POINT('',(0.000669340706829162,0.0425747382525136,0.0189445470628198));
#11849=CARTESIAN_POINT('',(0.000669286879377409,0.0425747382525136,0.0189445942986187));
#11850=CARTESIAN_POINT('',(0.00144055913028466,0.0425747382525136,0.0182610032174823));
#11851=CARTESIAN_POINT('',(0.00134488643629637,0.0425747382525137,0.0183423504400574));
#11852=CARTESIAN_POINT('',(0.00134488643629637,0.0425747382525136,0.0183423504400574));
#11853=CARTESIAN_POINT('',(-0.00455870851874351,0.0425747382525136,0.0127));
#11854=CARTESIAN_POINT('',(0.00294868745986036,0.0425747382525137,0.0183895271591102));
#11855=CARTESIAN_POINT('',(0.00233946117393808,0.0425747382525136,0.0188000617930008));
#11856=CARTESIAN_POINT('',(0.00233946117393808,0.0425747382525136,0.0188000617930008));
#11857=CARTESIAN_POINT('',(0.00294868745986036,0.0425747382525136,0.0183895271591102));
#11858=CARTESIAN_POINT('',(0.00223881064197652,0.0425747385025136,0.0185784918693599));
#11859=CARTESIAN_POINT('',(0.00223882926077342,0.0425747382525136,0.0185784869383263));
#11860=CARTESIAN_POINT('',(0.0026949041699784,0.0425747382525136,0.0191236534036817));
#11861=CARTESIAN_POINT('',(0.0026949041699784,0.0426747382525137,0.0191236534036817));
#11862=CARTESIAN_POINT('',(0.00257365348561486,0.0425747382525136,0.0190507183473513));
#11863=CARTESIAN_POINT('',(0.00257365348561486,0.0426747382525137,0.0190507183473513));
#11864=CARTESIAN_POINT('',(0.00245517248693476,0.0425747382525136,0.0189428544771244));
#11865=CARTESIAN_POINT('',(0.00245517248693476,0.0426747382525137,0.0189428544771244));
#11866=CARTESIAN_POINT('',(0.00233946117393808,0.0425747382525136,0.0188000617930008));
#11867=CARTESIAN_POINT('',(0.00233946117393808,0.0426747382525137,0.0188000617930008));
#11868=CARTESIAN_POINT('',(0.0026949041699784,0.0425747382525136,0.0191236534036817));
#11869=CARTESIAN_POINT('',(0.0026949041699784,0.0425747382525136,0.0191236534036817));
#11870=CARTESIAN_POINT('',(0.0026949041699784,0.0425747382525136,0.0191236534036817));
#11871=CARTESIAN_POINT('',(0.00251302814343309,0.0425747382525136,0.0190142508191861));
#11872=CARTESIAN_POINT('',(0.00233946117393808,0.0425747382525136,0.0188000617930008));
#11873=CARTESIAN_POINT('',(0.00314174679357194,0.0425747382525136,0.0192330559881772));
#11874=CARTESIAN_POINT('',(0.00314174679357194,0.0426747382525137,0.0192330559881772));
#11875=CARTESIAN_POINT('',(0.00296510239553978,0.0425747382525136,0.0192330559881772));
#11876=CARTESIAN_POINT('',(0.00296510239553978,0.0426747382525137,0.0192330559881772));
#11877=CARTESIAN_POINT('',(0.00281615485434194,0.0425747382525136,0.019196588460012));
#11878=CARTESIAN_POINT('',(0.00281615485434194,0.0426747382525137,0.019196588460012));
#11879=CARTESIAN_POINT('',(0.0026949041699784,0.0425747382525136,0.0191236534036817));
#11880=CARTESIAN_POINT('',(0.0026949041699784,0.0426747382525137,0.0191236534036817));
#11881=CARTESIAN_POINT('',(0.00314174679357194,0.0425747382525136,0.0192330559881772));
#11882=CARTESIAN_POINT('',(0.00314174679357194,0.0425747382525136,0.0192330559881772));
#11883=CARTESIAN_POINT('',(0.00314174679357194,0.0425747382525136,0.0192330559881772));
#11884=CARTESIAN_POINT('',(0.00287678019652371,0.0425747382525136,0.0192330559881772));
#11885=CARTESIAN_POINT('',(0.0026949041699784,0.0425747382525136,0.0191236534036817));
#11886=CARTESIAN_POINT('',(0.00313618761471408,0.0425747382525137,0.0182206497371099));
#11887=CARTESIAN_POINT('',(0.00345656773292193,0.0425747382525136,0.0191813551887532));
#11888=CARTESIAN_POINT('',(0.00345654248988009,0.0425747382525136,0.0191812796796572));
#11889=CARTESIAN_POINT('',(0.00313618761471408,0.0425747382525136,0.0182206497371099));
#11890=CARTESIAN_POINT('',(0.00299366975897384,0.0425747382525137,0.0177460706704125));
#11891=CARTESIAN_POINT('',(0.0037538473296102,0.0425747382525136,0.0190484746341183));
#11892=CARTESIAN_POINT('',(0.0037538473296102,0.0425747382525136,0.0190484746341183));
#11893=CARTESIAN_POINT('',(0.00299366975897384,0.0425747382525136,0.0177460706704125));
#11894=CARTESIAN_POINT('',(0.0037538473296102,0.0425747382525136,0.018820372821346));
#11895=CARTESIAN_POINT('',(0.0037538473296102,0.0425747382525136,0.018592215949107));
#11896=CARTESIAN_POINT('',(0.0037538473296102,0.0425747382525136,0.0185923353667435));
#11897=CARTESIAN_POINT('',(0.0037538473296102,0.0425747382525136,0.018820372821346));
#11898=CARTESIAN_POINT('',(0.0032755315117131,0.0425747382525137,0.017607658330453));
#11899=CARTESIAN_POINT('',(0.00348518781831739,0.0425747382525136,0.0186818885371744));
#11900=CARTESIAN_POINT('',(0.00348515204954916,0.0425747382525136,0.018681729364106));
#11901=CARTESIAN_POINT('',(0.0032755315117131,0.0425747382525136,0.017607658330453));
#11902=CARTESIAN_POINT('',(0.00321977472138166,0.0425747382525137,0.0174504734247068));
#11903=CARTESIAN_POINT('',(0.00328023107774349,0.0425747382525136,0.0187077389368864));
#11904=CARTESIAN_POINT('',(0.00328023107774349,0.0425747382525136,0.0187077389368864));
#11905=CARTESIAN_POINT('',(0.00321977472138166,0.0425747382525136,0.0174504734247068));
#11906=CARTESIAN_POINT('',(0.00304342295181014,0.0425747382525136,0.0186301877377504));
#11907=CARTESIAN_POINT('',(0.00304342295181014,0.0426747382525137,0.0186301877377504));
#11908=CARTESIAN_POINT('',(0.00309727795121018,0.0425747382525136,0.0186818885371744));
#11909=CARTESIAN_POINT('',(0.00309727795121018,0.0426747382525137,0.0186818885371744));
#11910=CARTESIAN_POINT('',(0.00317621399318797,0.0425747382525136,0.0187077389368864));
#11911=CARTESIAN_POINT('',(0.00317621399318797,0.0426747382525137,0.0187077389368864));
#11912=CARTESIAN_POINT('',(0.00328023107774349,0.0425747382525136,0.0187077389368864));
#11913=CARTESIAN_POINT('',(0.00328023107774349,0.0426747382525137,0.0187077389368864));
#11914=CARTESIAN_POINT('',(0.00304342295181014,0.0425747382525136,0.0186301877377504));
#11915=CARTESIAN_POINT('',(0.00304342295181014,0.0425747382525136,0.0186301877377504));
#11916=CARTESIAN_POINT('',(0.00304342295181014,0.0425747382525136,0.0186301877377504));
#11917=CARTESIAN_POINT('',(0.00312420545091021,0.0425747382525136,0.0187077389368864));
#11918=CARTESIAN_POINT('',(0.00328023107774349,0.0425747382525136,0.0187077389368864));
#11919=CARTESIAN_POINT('',(0.00336108891793703,0.0425747382525137,0.0183247340579601));
#11920=CARTESIAN_POINT('',(0.00292801938166717,0.0425747382525136,0.0184141522544428));
#11921=CARTESIAN_POINT('',(0.00292822353514044,0.0425747382525136,0.0184141146684242));
#11922=CARTESIAN_POINT('',(0.00336108891793703,0.0425747382525136,0.0183247340579601));
#11923=CARTESIAN_POINT('',(0.00420182973526191,0.0425747382525137,0.0181176460767215));
#11924=CARTESIAN_POINT('',(0.00289339831062429,0.0425747382525136,0.0180993313150928));
#11925=CARTESIAN_POINT('',(0.00289356769207649,0.0425747385025136,0.0180993336860087));
#11926=CARTESIAN_POINT('',(0.00420182973526191,0.0425747382525136,0.0181176460767215));
#11927=CARTESIAN_POINT('',(0.00289339831062429,0.0425747382525136,0.0179181477099683));
#11928=CARTESIAN_POINT('',(0.00289339831062429,0.0425747382525136,0.0159555945961171));
#11929=CARTESIAN_POINT('',(0.00289339831062429,0.0425747382525136,0.0159555945961171));
#11930=CARTESIAN_POINT('',(0.00289339831062429,0.0425747382525136,0.0179181477099683));
#11931=CARTESIAN_POINT('',(0.00254441791451198,0.0425747382525136,0.0159555945961171));
#11932=CARTESIAN_POINT('',(0.00219543751839966,0.0425747382525136,0.0159555945961171));
#11933=CARTESIAN_POINT('',(0.00219543751839966,0.0425747382525136,0.0159555945961171));
#11934=CARTESIAN_POINT('',(0.00254441791451198,0.0425747382525136,0.0159555945961171));
#11935=CARTESIAN_POINT('',(0.00219543751839966,0.0425747382525136,0.01687005248593));
#11936=CARTESIAN_POINT('',(0.00219543751839966,0.0425747382525136,0.0177845103757428));
#11937=CARTESIAN_POINT('',(0.00219543128973383,0.0425747382525136,0.017784510379372));
#11938=CARTESIAN_POINT('',(0.00219543751839966,0.0425747382525136,0.01687005248593));
#11939=CARTESIAN_POINT('',(-0.0118750201162539,0.0425747382525137,0.0177927087247067));
#11940=CARTESIAN_POINT('',(0.00219266783271623,0.0425747382525136,0.0180707112296973));
#11941=CARTESIAN_POINT('',(0.00219268383620425,0.0425747382525136,0.0180707115668874));
#11942=CARTESIAN_POINT('',(-0.0118750201162539,0.0425747382525136,0.0177927087247067));
#11943=CARTESIAN_POINT('',(0.00513426404622973,0.0425747382525137,0.0181356232849862));
#11944=CARTESIAN_POINT('',(0.00219866881836367,0.0425747382525136,0.0183333697553427));
#11945=CARTESIAN_POINT('',(0.00219867376855757,0.0425747382525136,0.0183333694422241));
#11946=CARTESIAN_POINT('',(0.00513426404622973,0.0425747382525136,0.0181356232849862));
#11947=CARTESIAN_POINT('',(0.00349812771190233,0.0425747382525137,0.0182467419621954));
#11948=CARTESIAN_POINT('',(0.00349812771190233,0.0425747382525136,0.0182467419621954));
#11949=CARTESIAN_POINT('',(-0.00455870851874351,0.0425747382525136,0.0127));
#11950=CARTESIAN_POINT('',(0.0418028660200248,0.0425747382525136,0.020207985348745));
#11951=CARTESIAN_POINT('',(0.0421490767304536,0.0425747382525136,0.020207985348745));
#11952=CARTESIAN_POINT('',(0.0421490767304536,0.0425747382525136,0.020207985348745));
#11953=CARTESIAN_POINT('',(0.0418028660200248,0.0425747382525136,0.020207985348745));
#11954=CARTESIAN_POINT('',(0.0414566553095959,0.0425747382525136,0.020207985348745));
#11955=CARTESIAN_POINT('',(0.0414566553095959,0.0425747382525136,0.020207985348745));
#11956=CARTESIAN_POINT('',(0.0421490767304536,0.0425747382525136,0.018081789972431));
#11957=CARTESIAN_POINT('',(0.0421490767304536,0.0425747382525136,0.0159555945961171));
#11958=CARTESIAN_POINT('',(0.0421490767304536,0.0425747382525136,0.0159555945961171));
#11959=CARTESIAN_POINT('',(0.0421490767304536,0.0425747382525136,0.018081789972431));
#11960=CARTESIAN_POINT('',(0.0418028660200248,0.0425747382525136,0.0159555945961171));
#11961=CARTESIAN_POINT('',(0.0414566553095959,0.0425747382525136,0.0159555945961171));
#11962=CARTESIAN_POINT('',(0.0414566553095959,0.0425747382525136,0.0159555945961171));
#11963=CARTESIAN_POINT('',(0.0418028660200248,0.0425747382525136,0.0159555945961171));
#11964=CARTESIAN_POINT('',(0.0414566553095959,0.0425747382525136,0.018081789972431));
#11965=CARTESIAN_POINT('',(0.0414566553095959,0.0425747382525136,0.018081789972431));
#11966=CARTESIAN_POINT('',(-0.00455870851874351,0.0425747382525136,0.0127));
#11967=MECHANICAL_DESIGN_GEOMETRIC_PRESENTATION_REPRESENTATION('',(#6842),
#11968);
#11968=(
GEOMETRIC_REPRESENTATION_CONTEXT(3)
GLOBAL_UNCERTAINTY_ASSIGNED_CONTEXT((#11969))
GLOBAL_UNIT_ASSIGNED_CONTEXT((#11972,#11971,#11970))
REPRESENTATION_CONTEXT('Part 1','TOP_LEVEL_ASSEMBLY_PART')
);
#11969=UNCERTAINTY_MEASURE_WITH_UNIT(LENGTH_MEASURE(2.E-5),#11972,
'DISTANCE_ACCURACY_VALUE','Maximum Tolerance applied to model');
#11970=(
NAMED_UNIT(*)
SI_UNIT($,.STERADIAN.)
SOLID_ANGLE_UNIT()
);
#11971=(
NAMED_UNIT(*)
PLANE_ANGLE_UNIT()
SI_UNIT($,.RADIAN.)
);
#11972=(
LENGTH_UNIT()
NAMED_UNIT(*)
SI_UNIT($,.METRE.)
);
#11973=PRODUCT_DEFINITION_SHAPE('','',#11974);
#11974=PRODUCT_DEFINITION('','',#11976,#11975);
#11975=PRODUCT_DEFINITION_CONTEXT('',#11982,'design');
#11976=PRODUCT_DEFINITION_FORMATION_WITH_SPECIFIED_SOURCE('','',#11978,
 .NOT_KNOWN.);
#11977=PRODUCT_RELATED_PRODUCT_CATEGORY('','',(#11978));
#11978=PRODUCT('Part 1','Part 1','Part 1',(#11980));
#11979=PRODUCT_CATEGORY('','');
#11980=PRODUCT_CONTEXT('',#11982,'mechanical');
#11981=APPLICATION_PROTOCOL_DEFINITION('international standard',
'ap242_managed_model_based_3d_engineering',2020,#11982);
#11982=APPLICATION_CONTEXT('managed model based 3d engineering');
ENDSEC;
END-ISO-10303-21;
